Device Name,Device Type,File Name,DOWN_Average Packet Length,DOWN_Packet Standard Variance,DOWN_Maximum Packet Length,DOWN_Minimum Packet Length,DOWN_Median Packet Length,DOWN_Kurtosis Packet Length,DOWN_Skew Packet Length,DOWN_Mad Packet Length,DOWN_Length,DOWN_Average IAT,DOWN_IAT Standard Variance,DOWN_Maximum IAT,DOWN_Minimum IAT,DOWN_Median IAT,DOWN_Kurtosis IAT,DOWN_Skew IAT,DOWN_Mad IAT,TOT_Average Packet Length,TOT_Packet Standard Variance,TOT_Maximum Packet Length,TOT_Minimum Packet Length,TOT_Median Packet Length,TOT_Kurtosis Packet Length,TOT_Skew Packet Length,TOT_Mad Packet Length,TOT_Length,TOT_Average IAT,TOT_IAT Standard Variance,TOT_Maximum IAT,TOT_Minimum IAT,TOT_Median IAT,TOT_Kurtosis IAT,TOT_Skew IAT,TOT_Mad IAT,UP_Average Packet Length,UP_Packet Standard Variance,UP_Maximum Packet Length,UP_Minimum Packet Length,UP_Median Packet Length,UP_Kurtosis Packet Length,UP_Skew Packet Length,UP_Mad Packet Length,UP_Length,UP_Average IAT,UP_IAT Standard Variance,UP_Maximum IAT,UP_Minimum IAT,UP_Median IAT,UP_Kurtosis IAT,UP_Skew IAT,UP_Mad IAT
Aqara Vibration,Vibration,./Data\Power\Topology_A\4-Group_dataset\powerLedvanceSmart+Plug2_group.csv,52.0,7.0710678118654755,57.0,47.0,52.0,,,5.0,2.0,0.164888,,0.164888,0.164888,0.164888,,,0.0,53.666666666666664,5.773502691896258,57,47,57.0,,-1.7320508075688732,4.4444444444444455,3,0.082444,0.07200044088753901,0.133356,0.031532,0.082444,,,0.050912,,,,,,,,,,,,,,,,,
Broadcast,Broadcast,./Data\Power\Topology_A\4-Group_dataset\powerLedvanceSmart+Plug2_group.csv,,,,,,,,,,,,,,,,,,58.333333333333336,1.0327955589886444,59,57,59.0,-1.8749999999999787,-0.9682458365518647,0.8888888888888881,6,0.17351719999999998,0.12907468190818835,0.271452,0.01378,0.260139,-3.034024777685584,-0.6536659844721308,0.11242256000000002,58.333333333333336,1.0327955589886444,59.0,57.0,59.0,-1.8749999999999787,-0.9682458365518647,0.8888888888888881,6.0,0.17351719999999998,0.12907468190818835,0.271452,0.01378,0.260139,-3.034024777685584,-0.6536659844721308,0.11242256000000002
Broadcast,Broadcast,./Data\Power\Topology_A\4-Group_dataset\powerLedvanceSmart+Plug2_group.csv,,,,,,,,,,,,,,,,,,63.5,9.0,77,59,59.0,4.0,1.9999999999999998,6.75,4,0.9696880000000001,1.4334555771383362,2.617875,0.013668,0.277521,,1.666265298296109,1.0987913333333335,63.5,9.0,77.0,59.0,59.0,4.0,1.9999999999999998,6.75,4.0,0.9696880000000001,1.4334555771383362,2.617875,0.013668,0.277521,,1.666265298296109,1.0987913333333335
Broadcast,Broadcast,./Data\Power\Topology_A\4-Group_dataset\powerLedvanceSmart+Plug2_group.csv,,,,,,,,,,,,,,,,,,62.0,7.3484692283495345,77,59,59.0,6.0,2.449489742783178,5.0,6,0.7218792,1.0689084062819414,2.617875,0.013668,0.343027,4.688493779983462,2.1390977232834687,0.7583983200000001,62.0,7.3484692283495345,77.0,59.0,59.0,6.0,2.449489742783178,5.0,6.0,0.7218792,1.0689084062819414,2.617875,0.013668,0.343027,4.688493779983462,2.1390977232834687,0.7583983200000001
Broadcast,Broadcast,./Data\Power\Topology_A\4-Group_dataset\powerLedvanceSmart+Plug2_group.csv,,,,,,,,,,,,,,,,,,62.0,7.3484692283495345,77,59,59.0,6.0,2.449489742783178,5.0,6,0.7218792,1.0689084062819414,2.617875,0.013668,0.343027,4.688493779983462,2.1390977232834687,0.7583983200000001,62.0,7.3484692283495345,77.0,59.0,59.0,6.0,2.449489742783178,5.0,6.0,0.7218792,1.0689084062819414,2.617875,0.013668,0.343027,4.688493779983462,2.1390977232834687,0.7583983200000001
Broadcast,Broadcast,./Data\Power\Topology_A\4-Group_dataset\powerLedvanceSmart+Plug2_group.csv,,,,,,,,,,,,,,,,,,59.0,0.0,59,59,59.0,0.0,0.0,0.0,5,0.24788025000000002,0.15995898647127227,0.357305,0.013668,0.31027400000000005,2.9720158212831365,-1.7347611193561872,0.11710612499999999,59.0,0.0,59.0,59.0,59.0,0.0,0.0,0.0,5.0,0.24788025000000002,0.15995898647127227,0.357305,0.013668,0.31027400000000005,2.9720158212831365,-1.7347611193561872,0.11710612499999999
Broadcast,Broadcast,./Data\Power\Topology_A\4-Group_dataset\powerLedvanceSmart+Plug2_group.csv,,,,,,,,,,,,,,,,,,59.0,0.0,59,59,59.0,0.0,0.0,0.0,5,0.24788025000000002,0.15995898647127227,0.357305,0.013668,0.31027400000000005,2.9720158212831365,-1.7347611193561872,0.11710612499999999,59.0,0.0,59.0,59.0,59.0,0.0,0.0,0.0,5.0,0.24788025000000002,0.15995898647127227,0.357305,0.013668,0.31027400000000005,2.9720158212831365,-1.7347611193561872,0.11710612499999999
Broadcast,Broadcast,./Data\Power\Topology_A\4-Group_dataset\powerLedvanceSmart+Plug2_group.csv,,,,,,,,,,,,,,,,,,59.0,0.0,59,59,59.0,,,0.0,2,0.343027,,0.343027,0.343027,0.343027,,,0.0,59.0,0.0,59.0,59.0,59.0,,,0.0,2.0,0.343027,,0.343027,0.343027,0.343027,,,0.0
Broadcast,Broadcast,./Data\Power\Topology_A\4-Group_dataset\powerLedvanceSmart+Plug2_group.csv,,,,,,,,,,,,,,,,,,62.0,4.242640687119285,65,59,62.0,,,3.0,2,2.604524,,2.604524,2.604524,2.604524,,,0.0,62.0,4.242640687119285,65.0,59.0,62.0,,,3.0,2.0,2.604524,,2.604524,2.604524,2.604524,,,0.0
Broadcast,Broadcast,./Data\Power\Topology_A\4-Group_dataset\powerLedvanceSmart+Plug2_group.csv,,,,,,,,,,,,,,,,,,60.2,2.683281572999748,65,59,59.0,4.999999999999972,2.2360679774997845,1.9200000000000017,5,0.900007,1.1368159526897923,2.604524,0.305623,0.3449405,3.9831046848438696,1.9950606020511352,0.8522585,60.2,2.683281572999748,65.0,59.0,59.0,4.999999999999972,2.2360679774997845,1.9200000000000017,5.0,0.900007,1.1368159526897923,2.604524,0.305623,0.3449405,3.9831046848438696,1.9950606020511352,0.8522585
Broadcast,Broadcast,./Data\Power\Topology_A\4-Group_dataset\powerLedvanceSmart+Plug2_group.csv,,,,,,,,,,,,,,,,,,60.2,2.683281572999748,65,59,59.0,4.999999999999972,2.2360679774997845,1.9200000000000017,5,0.900007,1.1368159526897923,2.604524,0.305623,0.3449405,3.9831046848438696,1.9950606020511352,0.8522585,60.2,2.683281572999748,65.0,59.0,59.0,4.999999999999972,2.2360679774997845,1.9200000000000017,5.0,0.900007,1.1368159526897923,2.604524,0.305623,0.3449405,3.9831046848438696,1.9950606020511352,0.8522585
Broadcast,Broadcast,./Data\Power\Topology_A\4-Group_dataset\powerLedvanceSmart+Plug2_group.csv,,,,,,,,,,,,,,,,,,59.0,0.0,59,59,59.0,0.0,0.0,0.0,4,0.33183466666666667,0.04008694603400631,0.377981,0.305623,0.3119,,1.684396820104025,0.03076422222222223,59.0,0.0,59.0,59.0,59.0,0.0,0.0,0.0,4.0,0.33183466666666667,0.04008694603400631,0.377981,0.305623,0.3119,,1.684396820104025,0.03076422222222223
Broadcast,Broadcast,./Data\Power\Topology_A\4-Group_dataset\powerLedvanceSmart+Plug2_group.csv,,,,,,,,,,,,,,,,,,59.0,0.0,59,59,59.0,0.0,0.0,0.0,4,0.33183466666666667,0.04008694603400631,0.377981,0.305623,0.3119,,1.684396820104025,0.03076422222222223,59.0,0.0,59.0,59.0,59.0,0.0,0.0,0.0,4.0,0.33183466666666667,0.04008694603400631,0.377981,0.305623,0.3119,,1.684396820104025,0.03076422222222223
Broadcast,Broadcast,./Data\Power\Topology_A\4-Group_dataset\powerLedvanceSmart+Plug2_group.csv,,,,,,,,,,,,,,,,,,59.0,0.0,59,59,59.0,,0.0,0.0,3,0.3087615,0.004438509265507982,0.3119,0.305623,0.3087615,,,0.0031385000000000163,59.0,0.0,59.0,59.0,59.0,,0.0,0.0,3.0,0.3087615,0.004438509265507982,0.3119,0.305623,0.3087615,,,0.0031385000000000163
Broadcast,Broadcast,./Data\Power\Topology_A\4-Group_dataset\powerLedvanceSmart+Plug2_group.csv,,,,,,,,,,,,,,,,,,50.0,0.0,50,50,50.0,,,0.0,2,1.569425,,1.569425,1.569425,1.569425,,,0.0,50.0,0.0,50.0,50.0,50.0,,,0.0,2.0,1.569425,,1.569425,1.569425,1.569425,,,0.0
Broadcast,Broadcast,./Data\Power\Topology_A\4-Group_dataset\powerLedvanceSmart+Plug2_group.csv,,,,,,,,,,,,,,,,,,50.0,0.0,50,50,50.0,,,0.0,2,1.569425,,1.569425,1.569425,1.569425,,,0.0,50.0,0.0,50.0,50.0,50.0,,,0.0,2.0,1.569425,,1.569425,1.569425,1.569425,,,0.0
Broadcast,Broadcast,./Data\Power\Topology_A\4-Group_dataset\powerLedvanceSmart+Plug2_group.csv,,,,,,,,,,,,,,,,,,53.0,5.196152422706632,59,50,50.0,,1.7320508075688774,4.0,3,2.1026375,0.7540763491268639,2.63585,1.569425,2.1026375,,,0.5332125,53.0,5.196152422706632,59.0,50.0,50.0,,1.7320508075688774,4.0,3.0,2.1026375,0.7540763491268639,2.63585,1.569425,2.1026375,,,0.5332125
Broadcast,Broadcast,./Data\Power\Topology_A\4-Group_dataset\powerLedvanceSmart+Plug2_group.csv,,,,,,,,,,,,,,,,,,56.75,4.5,59,50,59.0,4.0,-1.9999999999999998,3.375,4,1.201689,1.2470855071930713,2.63585,0.372319,0.596898,,1.6690731365020914,0.9561073333333333,56.75,4.5,59.0,50.0,59.0,4.0,-1.9999999999999998,3.375,4.0,1.201689,1.2470855071930713,2.63585,0.372319,0.596898,,1.6690731365020914,0.9561073333333333
Broadcast,Broadcast,./Data\Power\Topology_A\4-Group_dataset\powerLedvanceSmart+Plug2_group.csv,,,,,,,,,,,,,,,,,,56.75,4.5,59,50,59.0,4.0,-1.9999999999999998,3.375,4,1.201689,1.2470855071930713,2.63585,0.372319,0.596898,,1.6690731365020914,0.9561073333333333,56.75,4.5,59.0,50.0,59.0,4.0,-1.9999999999999998,3.375,4.0,1.201689,1.2470855071930713,2.63585,0.372319,0.596898,,1.6690731365020914,0.9561073333333333
Broadcast,Broadcast,./Data\Power\Topology_A\4-Group_dataset\powerLedvanceSmart+Plug2_group.csv,,,,,,,,,,,,,,,,,,59.0,0.0,59,59,59.0,,0.0,0.0,3,0.4846085,0.1588013338120937,0.596898,0.372319,0.4846085,,,0.11228950000000001,59.0,0.0,59.0,59.0,59.0,,0.0,0.0,3.0,0.4846085,0.1588013338120937,0.596898,0.372319,0.4846085,,,0.11228950000000001
Broadcast,Broadcast,./Data\Power\Topology_A\4-Group_dataset\powerLedvanceSmart+Plug2_group.csv,,,,,,,,,,,,,,,,,,59.0,0.0,59,59,59.0,,0.0,0.0,3,0.4846085,0.1588013338120937,0.596898,0.372319,0.4846085,,,0.11228950000000001,59.0,0.0,59.0,59.0,59.0,,0.0,0.0,3.0,0.4846085,0.1588013338120937,0.596898,0.372319,0.4846085,,,0.11228950000000001
Broadcast,Broadcast,./Data\Power\Topology_A\4-Group_dataset\powerLedvanceSmart+Plug2_group.csv,,,,,,,,,,,,,,,,,,59.0,0.0,59,59,59.0,,,0.0,2,0.372319,,0.372319,0.372319,0.372319,,,0.0,59.0,0.0,59.0,59.0,59.0,,,0.0,2.0,0.372319,,0.372319,0.372319,0.372319,,,0.0
Broadcast,Broadcast,./Data\Power\Topology_A\4-Group_dataset\powerLedvanceSmart+Plug2_group.csv,,,,,,,,,,,,,,,,,,59.0,0.0,59,59,59.0,,,0.0,2,0.272564,,0.272564,0.272564,0.272564,,,0.0,59.0,0.0,59.0,59.0,59.0,,,0.0,2.0,0.272564,,0.272564,0.272564,0.272564,,,0.0
Broadcast,Broadcast,./Data\Power\Topology_A\4-Group_dataset\powerLedvanceSmart+Plug2_group.csv,,,,,,,,,,,,,,,,,,59.0,0.0,59,59,59.0,,0.0,0.0,3,0.3147855,0.05971021792373567,0.357007,0.272564,0.3147855,,,0.04222150000000002,59.0,0.0,59.0,59.0,59.0,,0.0,0.0,3.0,0.3147855,0.05971021792373567,0.357007,0.272564,0.3147855,,,0.04222150000000002
Broadcast,Broadcast,./Data\Power\Topology_A\4-Group_dataset\powerLedvanceSmart+Plug2_group.csv,,,,,,,,,,,,,,,,,,59.0,0.0,59,59,59.0,,0.0,0.0,3,0.3147855,0.05971021792373567,0.357007,0.272564,0.3147855,,,0.04222150000000002,59.0,0.0,59.0,59.0,59.0,,0.0,0.0,3.0,0.3147855,0.05971021792373567,0.357007,0.272564,0.3147855,,,0.04222150000000002
Broadcast,Broadcast,./Data\Power\Topology_A\4-Group_dataset\powerLedvanceSmart+Plug2_group.csv,,,,,,,,,,,,,,,,,,59.0,0.0,59,59,59.0,,0.0,0.0,3,0.3147855,0.05971021792373567,0.357007,0.272564,0.3147855,,,0.04222150000000002,59.0,0.0,59.0,59.0,59.0,,0.0,0.0,3.0,0.3147855,0.05971021792373567,0.357007,0.272564,0.3147855,,,0.04222150000000002
Broadcast,Broadcast,./Data\Power\Topology_A\4-Group_dataset\powerLedvanceSmart+Plug2_group.csv,,,,,,,,,,,,,,,,,,58.2,1.0954451150103321,59,57,59.0,-3.3333333333333135,-0.6085806194501976,0.9599999999999994,5,1.0499592500000001,1.6557757751145683,3.525721,0.044545,0.3147855,3.878656423111128,1.961470426606459,1.237880875,58.2,1.0954451150103321,59.0,57.0,59.0,-3.3333333333333135,-0.6085806194501976,0.9599999999999994,5.0,1.0499592500000001,1.6557757751145683,3.525721,0.044545,0.3147855,3.878656423111128,1.961470426606459,1.237880875
Broadcast,Broadcast,./Data\Power\Topology_A\4-Group_dataset\powerLedvanceSmart+Plug2_group.csv,,,,,,,,,,,,,,,,,,57.666666666666664,1.1547005383792517,59,57,57.0,,1.7320508075688956,0.8888888888888881,3,1.7851329999999999,2.4615631561038605,3.525721,0.044545,1.7851329999999999,,,1.7405879999999998,57.666666666666664,1.1547005383792517,59.0,57.0,57.0,,1.7320508075688956,0.8888888888888881,3.0,1.7851329999999999,2.4615631561038605,3.525721,0.044545,1.7851329999999999,,,1.7405879999999998
Broadcast,Broadcast,./Data\Power\Topology_A\4-Group_dataset\powerLedvanceSmart+Plug2_group.csv,,,,,,,,,,,,,,,,,,57.0,0.0,57,57,57.0,,,0.0,2,0.044545,,0.044545,0.044545,0.044545,,,0.0,57.0,0.0,57.0,57.0,57.0,,,0.0,2.0,0.044545,,0.044545,0.044545,0.044545,,,0.0
Broadcast,Broadcast,./Data\Power\Topology_A\4-Group_dataset\powerLedvanceSmart+Plug2_group.csv,,,,,,,,,,,,,,,,,,57.0,0.0,57,57,57.0,,,0.0,2,0.044545,,0.044545,0.044545,0.044545,,,0.0,57.0,0.0,57.0,57.0,57.0,,,0.0,2.0,0.044545,,0.044545,0.044545,0.044545,,,0.0
Broadcast,Broadcast,./Data\Power\Topology_A\4-Group_dataset\powerLedvanceSmart+Plug2_group.csv,,,,,,,,,,,,,,,,,,57.0,0.0,57,57,57.0,,,0.0,2,0.044545,,0.044545,0.044545,0.044545,,,0.0,57.0,0.0,57.0,57.0,57.0,,,0.0,2.0,0.044545,,0.044545,0.044545,0.044545,,,0.0
Broadcast,Broadcast,./Data\Power\Topology_A\4-Group_dataset\powerLedvanceSmart+Plug2_group.csv,,,,,,,,,,,,,,,,,,59.0,0.0,59,59,59.0,,,0.0,2,0.88959,,0.88959,0.88959,0.88959,,,0.0,59.0,0.0,59.0,59.0,59.0,,,0.0,2.0,0.88959,,0.88959,0.88959,0.88959,,,0.0
Broadcast,Broadcast,./Data\Power\Topology_A\4-Group_dataset\powerLedvanceSmart+Plug2_group.csv,,,,,,,,,,,,,,,,,,59.0,0.0,59,59,59.0,,,0.0,2,0.88959,,0.88959,0.88959,0.88959,,,0.0,59.0,0.0,59.0,59.0,59.0,,,0.0,2.0,0.88959,,0.88959,0.88959,0.88959,,,0.0
Broadcast,Broadcast,./Data\Power\Topology_A\4-Group_dataset\powerLedvanceSmart+Plug2_group.csv,,,,,,,,,,,,,,,,,,59.0,0.0,59,59,59.0,,,0.0,2,0.88959,,0.88959,0.88959,0.88959,,,0.0,59.0,0.0,59.0,59.0,59.0,,,0.0,2.0,0.88959,,0.88959,0.88959,0.88959,,,0.0
Broadcast,Broadcast,./Data\Power\Topology_A\4-Group_dataset\powerLedvanceSmart+Plug2_group.csv,,,,,,,,,,,,,,,,,,59.0,0.0,59,59,59.0,,,0.0,2,0.88959,,0.88959,0.88959,0.88959,,,0.0,59.0,0.0,59.0,59.0,59.0,,,0.0,2.0,0.88959,,0.88959,0.88959,0.88959,,,0.0
Broadcast,Broadcast,./Data\Power\Topology_A\4-Group_dataset\powerLedvanceSmart+Plug2_group.csv,,,,,,,,,,,,,,,,,,59.0,0.0,59,59,59.0,,,0.0,2,0.368953,,0.368953,0.368953,0.368953,,,0.0,59.0,0.0,59.0,59.0,59.0,,,0.0,2.0,0.368953,,0.368953,0.368953,0.368953,,,0.0
Broadcast,Broadcast,./Data\Power\Topology_A\4-Group_dataset\powerLedvanceSmart+Plug2_group.csv,,,,,,,,,,,,,,,,,,59.0,0.0,59,59,59.0,,,0.0,2,0.368953,,0.368953,0.368953,0.368953,,,0.0,59.0,0.0,59.0,59.0,59.0,,,0.0,2.0,0.368953,,0.368953,0.368953,0.368953,,,0.0
Broadcast,Broadcast,./Data\Power\Topology_A\4-Group_dataset\powerLedvanceSmart+Plug2_group.csv,,,,,,,,,,,,,,,,,,59.0,0.0,59,59,59.0,,,0.0,2,0.368953,,0.368953,0.368953,0.368953,,,0.0,59.0,0.0,59.0,59.0,59.0,,,0.0,2.0,0.368953,,0.368953,0.368953,0.368953,,,0.0
Broadcast,Broadcast,./Data\Power\Topology_A\4-Group_dataset\powerLedvanceSmart+Plug2_group.csv,,,,,,,,,,,,,,,,,,59.0,0.0,59,59,59.0,,,0.0,2,0.368953,,0.368953,0.368953,0.368953,,,0.0,59.0,0.0,59.0,59.0,59.0,,,0.0,2.0,0.368953,,0.368953,0.368953,0.368953,,,0.0
Broadcast,Broadcast,./Data\Power\Topology_A\4-Group_dataset\powerLedvanceSmart+Plug2_group.csv,,,,,,,,,,,,,,,,,,59.0,0.0,59,59,59.0,,,0.0,2,0.368953,,0.368953,0.368953,0.368953,,,0.0,59.0,0.0,59.0,59.0,59.0,,,0.0,2.0,0.368953,,0.368953,0.368953,0.368953,,,0.0
Broadcast,Broadcast,./Data\Power\Topology_A\4-Group_dataset\powerLedvanceSmart+Plug2_group.csv,,,,,,,,,,,,,,,,,,55.0,6.928203230275509,59,47,59.0,,-1.7320508075688774,5.333333333333333,3,2.055318,2.449101106192229,3.787094,0.323542,2.055318,,,1.731776,55.0,6.928203230275509,59.0,47.0,59.0,,-1.7320508075688774,5.333333333333333,3.0,2.055318,2.449101106192229,3.787094,0.323542,2.055318,,,1.731776
Broadcast,Broadcast,./Data\Power\Topology_A\4-Group_dataset\powerLedvanceSmart+Plug2_group.csv,,,,,,,,,,,,,,,,,,59.0,0.0,59,59,59.0,,0.0,0.0,3,0.331358,0.011053493203508097,0.339174,0.323542,0.331358,,,0.00781599999999999,59.0,0.0,59.0,59.0,59.0,,0.0,0.0,3.0,0.331358,0.011053493203508097,0.339174,0.323542,0.331358,,,0.00781599999999999
Broadcast,Broadcast,./Data\Power\Topology_A\4-Group_dataset\powerLedvanceSmart+Plug2_group.csv,,,,,,,,,,,,,,,,,,59.0,0.0,59,59,59.0,,0.0,0.0,3,0.331358,0.011053493203508097,0.339174,0.323542,0.331358,,,0.00781599999999999,59.0,0.0,59.0,59.0,59.0,,0.0,0.0,3.0,0.331358,0.011053493203508097,0.339174,0.323542,0.331358,,,0.00781599999999999
Broadcast,Broadcast,./Data\Power\Topology_A\4-Group_dataset\powerLedvanceSmart+Plug2_group.csv,,,,,,,,,,,,,,,,,,59.0,0.0,59,59,59.0,,0.0,0.0,3,0.331358,0.011053493203508097,0.339174,0.323542,0.331358,,,0.00781599999999999,59.0,0.0,59.0,59.0,59.0,,0.0,0.0,3.0,0.331358,0.011053493203508097,0.339174,0.323542,0.331358,,,0.00781599999999999
Broadcast,Broadcast,./Data\Power\Topology_A\4-Group_dataset\powerLedvanceSmart+Plug2_group.csv,,,,,,,,,,,,,,,,,,59.0,0.0,59,59,59.0,,0.0,0.0,3,0.331358,0.011053493203508097,0.339174,0.323542,0.331358,,,0.00781599999999999,59.0,0.0,59.0,59.0,59.0,,0.0,0.0,3.0,0.331358,0.011053493203508097,0.339174,0.323542,0.331358,,,0.00781599999999999
Broadcast,Broadcast,./Data\Power\Topology_A\4-Group_dataset\powerLedvanceSmart+Plug2_group.csv,,,,,,,,,,,,,,,,,,53.0,8.48528137423857,59,47,53.0,,,6.0,2,2.78088,,2.78088,2.78088,2.78088,,,0.0,53.0,8.48528137423857,59.0,47.0,53.0,,,6.0,2.0,2.78088,,2.78088,2.78088,2.78088,,,0.0
Broadcast,Broadcast,./Data\Power\Topology_A\4-Group_dataset\powerLedvanceSmart+Plug2_group.csv,,,,,,,,,,,,,,,,,,53.0,8.48528137423857,59,47,53.0,,,6.0,2,2.78088,,2.78088,2.78088,2.78088,,,0.0,53.0,8.48528137423857,59.0,47.0,53.0,,,6.0,2.0,2.78088,,2.78088,2.78088,2.78088,,,0.0
Broadcast,Broadcast,./Data\Power\Topology_A\4-Group_dataset\powerLedvanceSmart+Plug2_group.csv,,,,,,,,,,,,,,,,,,53.0,8.48528137423857,59,47,53.0,,,6.0,2,2.78088,,2.78088,2.78088,2.78088,,,0.0,53.0,8.48528137423857,59.0,47.0,53.0,,,6.0,2.0,2.78088,,2.78088,2.78088,2.78088,,,0.0
Broadcast,Broadcast,./Data\Power\Topology_A\4-Group_dataset\powerLedvanceSmart+Plug2_group.csv,,,,,,,,,,,,,,,,,,53.0,8.48528137423857,59,47,53.0,,,6.0,2,0.322568,,0.322568,0.322568,0.322568,,,0.0,53.0,8.48528137423857,59.0,47.0,53.0,,,6.0,2.0,0.322568,,0.322568,0.322568,0.322568,,,0.0
Broadcast,Broadcast,./Data\Power\Topology_A\4-Group_dataset\powerLedvanceSmart+Plug2_group.csv,,,,,,,,,,,,,,,,,,56.0,6.0,59,47,59.0,4.0,-1.9999999999999998,4.5,4,0.3381596666666667,0.02612291060225357,0.368318,0.322568,0.323593,,1.7290513129238358,0.020105555555555543,56.0,6.0,59.0,47.0,59.0,4.0,-1.9999999999999998,4.5,4.0,0.3381596666666667,0.02612291060225357,0.368318,0.322568,0.323593,,1.7290513129238358,0.020105555555555543
Broadcast,Broadcast,./Data\Power\Topology_A\4-Group_dataset\powerLedvanceSmart+Plug2_group.csv,,,,,,,,,,,,,,,,,,56.0,6.0,59,47,59.0,4.0,-1.9999999999999998,4.5,4,0.3381596666666667,0.02612291060225357,0.368318,0.322568,0.323593,,1.7290513129238358,0.020105555555555543,56.0,6.0,59.0,47.0,59.0,4.0,-1.9999999999999998,4.5,4.0,0.3381596666666667,0.02612291060225357,0.368318,0.322568,0.323593,,1.7290513129238358,0.020105555555555543
Broadcast,Broadcast,./Data\Power\Topology_A\4-Group_dataset\powerLedvanceSmart+Plug2_group.csv,,,,,,,,,,,,,,,,,,56.0,6.0,59,47,59.0,4.0,-1.9999999999999998,4.5,4,0.3381596666666667,0.02612291060225357,0.368318,0.322568,0.323593,,1.7290513129238358,0.020105555555555543,56.0,6.0,59.0,47.0,59.0,4.0,-1.9999999999999998,4.5,4.0,0.3381596666666667,0.02612291060225357,0.368318,0.322568,0.323593,,1.7290513129238358,0.020105555555555543
Broadcast,Broadcast,./Data\Power\Topology_A\4-Group_dataset\powerLedvanceSmart+Plug2_group.csv,,,,,,,,,,,,,,,,,,56.0,6.0,59,47,59.0,4.0,-1.9999999999999998,4.5,4,0.3381596666666667,0.02612291060225357,0.368318,0.322568,0.323593,,1.7290513129238358,0.020105555555555543,56.0,6.0,59.0,47.0,59.0,4.0,-1.9999999999999998,4.5,4.0,0.3381596666666667,0.02612291060225357,0.368318,0.322568,0.323593,,1.7290513129238358,0.020105555555555543
Broadcast,Broadcast,./Data\Power\Topology_A\4-Group_dataset\powerLedvanceSmart+Plug2_group.csv,,,,,,,,,,,,,,,,,,59.0,0.0,59,59,59.0,,,0.0,2,0.323593,,0.323593,0.323593,0.323593,,,0.0,59.0,0.0,59.0,59.0,59.0,,,0.0,2.0,0.323593,,0.323593,0.323593,0.323593,,,0.0
Coordinator,Coordinator,./Data\Power\Topology_A\4-Group_dataset\powerLedvanceSmart+Plug2_group.csv,54.0,0.0,54.0,54.0,54.0,0.0,0.0,0.0,16.0,0.030083266666666667,0.059414716478407306,0.20415,0.003287,0.00444,5.224773316786249,2.3881612495016924,0.041319893333333337,54.0,0.0,54,54,54.0,0.0,0.0,0.0,16,0.030083266666666667,0.059414716478407306,0.20415,0.003287,0.00444,5.224773316786249,2.3881612495016924,0.041319893333333337,,,,,,,,,,,,,,,,,
Coordinator,Coordinator,./Data\Power\Topology_A\4-Group_dataset\powerLedvanceSmart+Plug2_group.csv,,,,,,,,,,,,,,,,,,55.5,4.949747468305833,59,52,55.5,,,3.5,2,0.017694,,0.017694,0.017694,0.017694,,,0.0,,,,,,,,,,,,,,,,,
Coordinator,Coordinator,./Data\Power\Topology_A\4-Group_dataset\powerLedvanceSmart+Plug2_group.csv,57.0,4.47213595499958,59.0,49.0,59.0,5.0,-2.23606797749979,3.2,5.0,0.203847,0.087929504380877,0.271452,0.085491,0.2292225,-0.3209024280810162,-1.0423166938925765,0.0668875,55.285714285714285,4.715728494951256,59,49,59.0,-2.3619210505802686,-0.5040310662954741,4.244897959183674,7,0.13884700000000003,0.11960992152827458,0.271452,0.017694,0.1275015,-2.621744989300782,0.1454539916356125,0.104452,51.0,1.4142135623730951,52.0,50.0,51.0,,,1.0,2.0,0.225038,,0.225038,0.225038,0.225038,,,0.0
Coordinator,Coordinator,./Data\Power\Topology_A\4-Group_dataset\powerLedvanceSmart+Plug2_group.csv,57.0,4.47213595499958,59.0,49.0,59.0,5.0,-2.23606797749979,3.2,5.0,0.203847,0.087929504380877,0.271452,0.085491,0.2292225,-0.3209024280810162,-1.0423166938925765,0.0668875,55.285714285714285,4.715728494951256,59,49,59.0,-2.3619210505802686,-0.5040310662954741,4.244897959183674,7,0.13884700000000003,0.11960992152827458,0.271452,0.017694,0.1275015,-2.621744989300782,0.1454539916356125,0.104452,51.0,1.4142135623730951,52.0,50.0,51.0,,,1.0,2.0,0.225038,,0.225038,0.225038,0.225038,,,0.0
Coordinator,Coordinator,./Data\Power\Topology_A\4-Group_dataset\powerLedvanceSmart+Plug2_group.csv,57.0,4.47213595499958,59.0,49.0,59.0,5.0,-2.23606797749979,3.2,5.0,0.203847,0.087929504380877,0.271452,0.085491,0.2292225,-0.3209024280810162,-1.0423166938925765,0.0668875,54.875,4.517821851923146,59,49,55.5,-2.3891265560308903,-0.17641806117017292,4.125,8,0.3263535714285714,0.5079695969336672,1.451393,0.017694,0.188428,5.989456941695616,2.3943654743993603,0.3214398367346939,51.333333333333336,1.1547005383792517,52.0,50.0,52.0,,-1.7320508075688956,0.8888888888888881,3.0,1.1422375,1.2971159723018215,2.059437,0.225038,1.1422375,,,0.9171995
Coordinator,Coordinator,./Data\Power\Topology_A\4-Group_dataset\powerLedvanceSmart+Plug2_group.csv,57.0,4.47213595499958,59.0,49.0,59.0,5.0,-2.23606797749979,3.2,5.0,0.203847,0.087929504380877,0.271452,0.085491,0.2292225,-0.3209024280810162,-1.0423166938925765,0.0668875,54.875,4.517821851923146,59,49,55.5,-2.3891265560308903,-0.17641806117017292,4.125,8,0.3263535714285714,0.5079695969336672,1.451393,0.017694,0.188428,5.989456941695616,2.3943654743993603,0.3214398367346939,51.333333333333336,1.1547005383792517,52.0,50.0,52.0,,-1.7320508075688956,0.8888888888888881,3.0,1.1422375,1.2971159723018215,2.059437,0.225038,1.1422375,,,0.9171995
Coordinator,Coordinator,./Data\Power\Topology_A\4-Group_dataset\powerLedvanceSmart+Plug2_group.csv,56.5,5.0,59.0,49.0,59.0,4.0,-1.9999999999999998,3.75,4.0,0.20898666666666665,0.10695279131623137,0.271452,0.085491,0.270017,,-1.7317000358581502,0.08233044444444447,54.666666666666664,4.844240566555987,59,49,55.5,-2.9275083935950432,-0.15423657860168433,4.333333333333333,6,0.4156706,0.5903424464243614,1.451393,0.018916,0.270017,4.260116845826939,2.0251461082696998,0.41428896000000004,51.0,1.4142135623730951,52.0,50.0,51.0,,,1.0,2.0,2.059437,,2.059437,2.059437,2.059437,,,0.0
Coordinator,Coordinator,./Data\Power\Topology_A\4-Group_dataset\powerLedvanceSmart+Plug2_group.csv,48.0,2.0,49.0,45.0,49.0,4.0,-1.9999999999999998,1.5,4.0,0.014744333333333332,0.009174965740172186,0.023714,0.005377,0.015142,,-0.19467519916335513,0.006244888888888889,49.42857142857143,4.157609203101499,57,45,49.0,1.002595451130384,0.8996747132891294,2.8979591836734704,7,0.6257683333333334,1.497627901821366,3.682762,0.005377,0.0162395,5.999636093244108,2.449394244849793,1.0189978888888889,51.333333333333336,6.027713773341708,57.0,45.0,52.0,,-0.49161304994261057,4.222222222222221,3.0,1.877305,2.553301775681441,3.682762,0.071848,1.877305,,,1.805457
Coordinator,Coordinator,./Data\Power\Topology_A\4-Group_dataset\powerLedvanceSmart+Plug2_group.csv,48.0,2.0,49.0,45.0,49.0,4.0,-1.9999999999999998,1.5,4.0,0.014744333333333332,0.009174965740172186,0.023714,0.005377,0.015142,,-0.19467519916335513,0.006244888888888889,49.42857142857143,4.157609203101499,57,45,49.0,1.002595451130384,0.8996747132891294,2.8979591836734704,7,0.6257683333333334,1.497627901821366,3.682762,0.005377,0.0162395,5.999636093244108,2.449394244849793,1.0189978888888889,51.333333333333336,6.027713773341708,57.0,45.0,52.0,,-0.49161304994261057,4.222222222222221,3.0,1.877305,2.553301775681441,3.682762,0.071848,1.877305,,,1.805457
Coordinator,Coordinator,./Data\Power\Topology_A\4-Group_dataset\powerLedvanceSmart+Plug2_group.csv,48.0,2.0,49.0,45.0,49.0,4.0,-1.9999999999999998,1.5,4.0,0.014744333333333332,0.009174965740172186,0.023714,0.005377,0.015142,,-0.19467519916335513,0.006244888888888889,49.0,4.381780460041329,57,45,49.0,2.5,1.3693063937629153,2.6666666666666665,6,0.0143696,0.006970077495982379,0.023714,0.005377,0.015142,-0.3089389971591636,0.057612694271021656,0.00523368,51.0,8.48528137423857,57.0,45.0,51.0,,,6.0,2.0,0.071848,,0.071848,0.071848,0.071848,,,0.0
Coordinator,Coordinator,./Data\Power\Topology_A\4-Group_dataset\powerLedvanceSmart+Plug2_group.csv,51.42857142857143,3.09633680133502,56.0,45.0,50.0,-0.6601787370999253,0.5495130019068941,2.6122448979591844,28.0,0.11398203703703708,0.47775921161312096,2.494146,0.00316,0.005233,26.475886422374938,5.125896470794252,0.18314917969821676,51.4,3.3794510878502773,57,45,50.0,-0.708912818435504,0.3299076694160269,2.8266666666666653,30,0.10671903448275864,0.4592052320382688,2.483868,0.00316,0.005234,28.437088892307024,5.3121908802512445,0.17081116765755053,51.0,8.48528137423857,57.0,45.0,51.0,,,6.0,2.0,0.071848,,0.071848,0.071848,0.071848,,,0.0
Coordinator,Coordinator,./Data\Power\Topology_A\4-Group_dataset\powerLedvanceSmart+Plug2_group.csv,51.42857142857143,3.09633680133502,56.0,45.0,50.0,-0.6601787370999253,0.5495130019068941,2.6122448979591844,28.0,0.11398203703703708,0.47775921161312096,2.494146,0.00316,0.005233,26.475886422374938,5.125896470794252,0.18314917969821676,51.4,3.3794510878502773,57,45,50.0,-0.708912818435504,0.3299076694160269,2.8266666666666653,30,0.10671903448275864,0.4592052320382688,2.483868,0.00316,0.005234,28.437088892307024,5.3121908802512445,0.17081116765755053,51.0,8.48528137423857,57.0,45.0,51.0,,,6.0,2.0,0.071848,,0.071848,0.071848,0.071848,,,0.0
Coordinator,Coordinator,./Data\Power\Topology_A\4-Group_dataset\powerLedvanceSmart+Plug2_group.csv,52.0,2.8892604740584606,56.0,50.0,50.0,-1.5681818181818181,0.7551476239016431,2.6666666666666665,24.0,0.023440695652173917,0.04822266617514554,0.206332,0.00316,0.004873,9.635837877840647,3.0370227829598897,0.029503262759924386,52.0,2.8892604740584606,56,50,50.0,-1.5681818181818181,0.7551476239016431,2.6666666666666665,24,0.023440695652173917,0.04822266617514554,0.206332,0.00316,0.004873,9.635837877840647,3.0370227829598897,0.029503262759924386,,,,,,,,,,,,,,,,,
Coordinator,Coordinator,./Data\Power\Topology_A\4-Group_dataset\powerLedvanceSmart+Plug2_group.csv,52.0,2.8892604740584606,56.0,50.0,50.0,-1.5681818181818181,0.7551476239016431,2.6666666666666665,24.0,0.023440695652173917,0.04822266617514554,0.206332,0.00316,0.004873,9.635837877840647,3.0370227829598897,0.029503262759924386,52.0,2.8892604740584606,56,50,50.0,-1.5681818181818181,0.7551476239016431,2.6666666666666665,24,0.023440695652173917,0.04822266617514554,0.206332,0.00316,0.004873,9.635837877840647,3.0370227829598897,0.029503262759924386,,,,,,,,,,,,,,,,,
Coordinator,Coordinator,./Data\Power\Topology_A\4-Group_dataset\powerLedvanceSmart+Plug2_group.csv,52.0,2.8892604740584606,56.0,50.0,50.0,-1.5681818181818181,0.7551476239016431,2.6666666666666665,24.0,0.023440695652173917,0.04822266617514554,0.206332,0.00316,0.004873,9.635837877840647,3.0370227829598897,0.029503262759924386,52.0,2.8892604740584606,56,50,50.0,-1.5681818181818181,0.7551476239016431,2.6666666666666665,24,0.023440695652173917,0.04822266617514554,0.206332,0.00316,0.004873,9.635837877840647,3.0370227829598897,0.029503262759924386,,,,,,,,,,,,,,,,,
Coordinator,Coordinator,./Data\Power\Topology_A\4-Group_dataset\powerLedvanceSmart+Plug2_group.csv,59.0,0.0,59.0,59.0,59.0,,,0.0,2.0,0.343027,,0.343027,0.343027,0.343027,,,0.0,59.0,0.0,59,59,59.0,,,0.0,2,0.343027,,0.343027,0.343027,0.343027,,,0.0,,,,,,,,,,,,,,,,,
Coordinator,Coordinator,./Data\Power\Topology_A\4-Group_dataset\powerLedvanceSmart+Plug2_group.csv,59.0,0.0,59.0,59.0,59.0,,,0.0,2.0,0.343027,,0.343027,0.343027,0.343027,,,0.0,59.0,0.0,59,59,59.0,,,0.0,2,0.343027,,0.343027,0.343027,0.343027,,,0.0,,,,,,,,,,,,,,,,,
Coordinator,Coordinator,./Data\Power\Topology_A\4-Group_dataset\powerLedvanceSmart+Plug2_group.csv,59.0,0.0,59.0,59.0,59.0,,,0.0,2.0,0.343027,,0.343027,0.343027,0.343027,,,0.0,59.0,0.0,59,59,59.0,,,0.0,2,0.343027,,0.343027,0.343027,0.343027,,,0.0,,,,,,,,,,,,,,,,,
Coordinator,Coordinator,./Data\Power\Topology_A\4-Group_dataset\powerLedvanceSmart+Plug2_group.csv,59.0,0.0,59.0,59.0,59.0,,,0.0,2.0,0.343027,,0.343027,0.343027,0.343027,,,0.0,59.0,0.0,59,59,59.0,,,0.0,2,0.343027,,0.343027,0.343027,0.343027,,,0.0,,,,,,,,,,,,,,,,,
Coordinator,Coordinator,./Data\Power\Topology_A\4-Group_dataset\powerLedvanceSmart+Plug2_group.csv,59.0,0.0,59.0,59.0,59.0,,,0.0,2.0,0.343027,,0.343027,0.343027,0.343027,,,0.0,59.0,0.0,59,59,59.0,,,0.0,2,0.343027,,0.343027,0.343027,0.343027,,,0.0,,,,,,,,,,,,,,,,,
Coordinator,Coordinator,./Data\Power\Topology_A\4-Group_dataset\powerLedvanceSmart+Plug2_group.csv,54.0,0.0,54.0,54.0,54.0,0.0,0.0,0.0,8.0,0.02816728571428571,0.061791706465388715,0.168273,0.003363,0.004914,6.992087654423438,2.643798333119633,0.04003020408163265,54.0,0.0,54,54,54.0,0.0,0.0,0.0,8,0.02816728571428571,0.061791706465388715,0.168273,0.003363,0.004914,6.992087654423438,2.643798333119633,0.04003020408163265,,,,,,,,,,,,,,,,,
Coordinator,Coordinator,./Data\Power\Topology_A\4-Group_dataset\powerLedvanceSmart+Plug2_group.csv,54.0,0.0,54.0,54.0,54.0,0.0,0.0,0.0,8.0,0.02816728571428571,0.061791706465388715,0.168273,0.003363,0.004914,6.992087654423438,2.643798333119633,0.04003020408163265,54.0,0.0,54,54,54.0,0.0,0.0,0.0,8,0.02816728571428571,0.061791706465388715,0.168273,0.003363,0.004914,6.992087654423438,2.643798333119633,0.04003020408163265,,,,,,,,,,,,,,,,,
Coordinator,Coordinator,./Data\Power\Topology_A\4-Group_dataset\powerLedvanceSmart+Plug2_group.csv,54.0,0.0,54.0,54.0,54.0,0.0,0.0,0.0,8.0,0.02816728571428571,0.061791706465388715,0.168273,0.003363,0.004914,6.992087654423438,2.643798333119633,0.04003020408163265,54.0,0.0,54,54,54.0,0.0,0.0,0.0,8,0.02816728571428571,0.061791706465388715,0.168273,0.003363,0.004914,6.992087654423438,2.643798333119633,0.04003020408163265,,,,,,,,,,,,,,,,,
Coordinator,Coordinator,./Data\Power\Topology_A\4-Group_dataset\powerLedvanceSmart+Plug2_group.csv,54.0,0.0,54.0,54.0,54.0,0.0,0.0,0.0,8.0,0.02816728571428571,0.061791706465388715,0.168273,0.003363,0.004914,6.992087654423438,2.643798333119633,0.04003020408163265,54.0,0.0,54,54,54.0,0.0,0.0,0.0,8,0.02816728571428571,0.061791706465388715,0.168273,0.003363,0.004914,6.992087654423438,2.643798333119633,0.04003020408163265,,,,,,,,,,,,,,,,,
Coordinator,Coordinator,./Data\Power\Topology_A\4-Group_dataset\powerLedvanceSmart+Plug2_group.csv,54.0,0.0,54.0,54.0,54.0,0.0,0.0,0.0,8.0,0.02816728571428571,0.061791706465388715,0.168273,0.003363,0.004914,6.992087654423438,2.643798333119633,0.04003020408163265,54.0,0.0,54,54,54.0,0.0,0.0,0.0,8,0.02816728571428571,0.061791706465388715,0.168273,0.003363,0.004914,6.992087654423438,2.643798333119633,0.04003020408163265,,,,,,,,,,,,,,,,,
Coordinator,Coordinator,./Data\Power\Topology_A\4-Group_dataset\powerLedvanceSmart+Plug2_group.csv,59.0,0.0,59.0,59.0,59.0,,0.0,0.0,3.0,0.497752,0.2717114375251804,0.689881,0.305623,0.497752,,,0.192129,59.0,0.0,59,59,59.0,,0.0,0.0,3,0.497752,0.2717114375251804,0.689881,0.305623,0.497752,,,0.192129,,,,,,,,,,,,,,,,,
Coordinator,Coordinator,./Data\Power\Topology_A\4-Group_dataset\powerLedvanceSmart+Plug2_group.csv,59.0,0.0,59.0,59.0,59.0,,0.0,0.0,3.0,0.497752,0.2717114375251804,0.689881,0.305623,0.497752,,,0.192129,59.0,0.0,59,59,59.0,,0.0,0.0,3,0.497752,0.2717114375251804,0.689881,0.305623,0.497752,,,0.192129,,,,,,,,,,,,,,,,,
Coordinator,Coordinator,./Data\Power\Topology_A\4-Group_dataset\powerLedvanceSmart+Plug2_group.csv,59.0,0.0,59.0,59.0,59.0,,0.0,0.0,3.0,0.497752,0.2717114375251804,0.689881,0.305623,0.497752,,,0.192129,59.0,0.0,59,59,59.0,,0.0,0.0,3,0.497752,0.2717114375251804,0.689881,0.305623,0.497752,,,0.192129,,,,,,,,,,,,,,,,,
Coordinator,Coordinator,./Data\Power\Topology_A\4-Group_dataset\powerLedvanceSmart+Plug2_group.csv,59.0,0.0,59.0,59.0,59.0,,0.0,0.0,3.0,0.497752,0.2717114375251804,0.689881,0.305623,0.497752,,,0.192129,59.0,0.0,59,59,59.0,,0.0,0.0,3,0.497752,0.2717114375251804,0.689881,0.305623,0.497752,,,0.192129,,,,,,,,,,,,,,,,,
Coordinator,Coordinator,./Data\Power\Topology_A\4-Group_dataset\powerLedvanceSmart+Plug2_group.csv,59.0,0.0,59.0,59.0,59.0,,,0.0,2.0,0.305623,,0.305623,0.305623,0.305623,,,0.0,59.0,0.0,59,59,59.0,,,0.0,2,0.305623,,0.305623,0.305623,0.305623,,,0.0,,,,,,,,,,,,,,,,,
Coordinator,Coordinator,./Data\Power\Topology_A\4-Group_dataset\powerLedvanceSmart+Plug2_group.csv,59.0,0.0,59.0,59.0,59.0,,,0.0,2.0,0.372319,,0.372319,0.372319,0.372319,,,0.0,59.0,0.0,59,59,59.0,,,0.0,2,0.372319,,0.372319,0.372319,0.372319,,,0.0,,,,,,,,,,,,,,,,,
Coordinator,Coordinator,./Data\Power\Topology_A\4-Group_dataset\powerLedvanceSmart+Plug2_group.csv,59.0,0.0,59.0,59.0,59.0,,,0.0,2.0,0.372319,,0.372319,0.372319,0.372319,,,0.0,59.0,0.0,59,59,59.0,,,0.0,2,0.372319,,0.372319,0.372319,0.372319,,,0.0,,,,,,,,,,,,,,,,,
Coordinator,Coordinator,./Data\Power\Topology_A\4-Group_dataset\powerLedvanceSmart+Plug2_group.csv,59.0,0.0,59.0,59.0,59.0,,,0.0,2.0,0.372319,,0.372319,0.372319,0.372319,,,0.0,59.0,0.0,59,59,59.0,,,0.0,2,0.372319,,0.372319,0.372319,0.372319,,,0.0,,,,,,,,,,,,,,,,,
Coordinator,Coordinator,./Data\Power\Topology_A\4-Group_dataset\powerLedvanceSmart+Plug2_group.csv,59.0,0.0,59.0,59.0,59.0,,,0.0,2.0,0.372319,,0.372319,0.372319,0.372319,,,0.0,59.0,0.0,59,59,59.0,,,0.0,2,0.372319,,0.372319,0.372319,0.372319,,,0.0,,,,,,,,,,,,,,,,,
Coordinator,Coordinator,./Data\Power\Topology_A\4-Group_dataset\powerLedvanceSmart+Plug2_group.csv,59.0,0.0,59.0,59.0,59.0,,,0.0,2.0,0.372319,,0.372319,0.372319,0.372319,,,0.0,59.0,0.0,59,59,59.0,,,0.0,2,0.372319,,0.372319,0.372319,0.372319,,,0.0,,,,,,,,,,,,,,,,,
Coordinator,Coordinator,./Data\Power\Topology_A\4-Group_dataset\powerLedvanceSmart+Plug2_group.csv,,,,,,,,,,,,,,,,,,56.666666666666664,4.932882862316248,60,51,59.0,,-1.6523167403329848,3.7777777777777786,3,1.8038375,2.4074899934397442,3.50619,0.101485,1.8038375,,,1.7023525,55.5,6.363961030678928,60.0,51.0,55.5,,,4.5,2.0,0.101485,,0.101485,0.101485,0.101485,,,0.0
Coordinator,Coordinator,./Data\Power\Topology_A\4-Group_dataset\powerLedvanceSmart+Plug2_group.csv,,,,,,,,,,,,,,,,,,56.666666666666664,4.932882862316248,60,51,59.0,,-1.6523167403329848,3.7777777777777786,3,1.8038375,2.4074899934397442,3.50619,0.101485,1.8038375,,,1.7023525,55.5,6.363961030678928,60.0,51.0,55.5,,,4.5,2.0,0.101485,,0.101485,0.101485,0.101485,,,0.0
Coordinator,Coordinator,./Data\Power\Topology_A\4-Group_dataset\powerLedvanceSmart+Plug2_group.csv,,,,,,,,,,,,,,,,,,55.5,6.363961030678928,60,51,55.5,,,4.5,2,0.101485,,0.101485,0.101485,0.101485,,,0.0,55.5,6.363961030678928,60.0,51.0,55.5,,,4.5,2.0,0.101485,,0.101485,0.101485,0.101485,,,0.0
Coordinator,Coordinator,./Data\Power\Topology_A\4-Group_dataset\powerLedvanceSmart+Plug2_group.csv,,,,,,,,,,,,,,,,,,55.5,6.363961030678928,60,51,55.5,,,4.5,2,0.101485,,0.101485,0.101485,0.101485,,,0.0,55.5,6.363961030678928,60.0,51.0,55.5,,,4.5,2.0,0.101485,,0.101485,0.101485,0.101485,,,0.0
Coordinator,Coordinator,./Data\Power\Topology_A\4-Group_dataset\powerLedvanceSmart+Plug2_group.csv,,,,,,,,,,,,,,,,,,55.5,6.363961030678928,60,51,55.5,,,4.5,2,0.101485,,0.101485,0.101485,0.101485,,,0.0,55.5,6.363961030678928,60.0,51.0,55.5,,,4.5,2.0,0.101485,,0.101485,0.101485,0.101485,,,0.0
Coordinator,Coordinator,./Data\Power\Topology_A\4-Group_dataset\powerLedvanceSmart+Plug2_group.csv,50.0,0.0,50.0,50.0,50.0,0.0,0.0,0.0,4.0,0.004870333333333334,0.00026208649971590155,0.005157,0.004643,0.004811,,0.9665350902964742,0.00019111111111111122,50.0,0.0,50,50,50.0,0.0,0.0,0.0,4,0.004870333333333334,0.00026208649971590155,0.005157,0.004643,0.004811,,0.9665350902964742,0.00019111111111111122,,,,,,,,,,,,,,,,,
Coordinator,Coordinator,./Data\Power\Topology_A\4-Group_dataset\powerLedvanceSmart+Plug2_group.csv,50.0,0.0,50.0,50.0,50.0,0.0,0.0,0.0,8.0,0.04696314285714286,0.10808799070113906,0.29197,0.003568,0.005157,6.979048557123129,2.6406674328245074,0.07000195918367347,50.0,0.0,50,50,50.0,0.0,0.0,0.0,8,0.04696314285714286,0.10808799070113906,0.29197,0.003568,0.005157,6.979048557123129,2.6406674328245074,0.07000195918367347,,,,,,,,,,,,,,,,,
Coordinator,Coordinator,./Data\Power\Topology_A\4-Group_dataset\powerLedvanceSmart+Plug2_group.csv,50.0,0.0,50.0,50.0,50.0,0.0,0.0,0.0,28.0,0.06836466666666667,0.20623803003512522,1.040142,0.003133,0.004643,20.602484118023074,4.392291066637337,0.10133920987654321,50.0,0.0,50,50,50.0,0.0,0.0,0.0,28,0.06836466666666667,0.20623803003512522,1.040142,0.003133,0.004643,20.602484118023074,4.392291066637337,0.10133920987654321,,,,,,,,,,,,,,,,,
Coordinator,Coordinator,./Data\Power\Topology_A\4-Group_dataset\powerLedvanceSmart+Plug2_group.csv,50.0,0.0,50.0,50.0,50.0,0.0,0.0,0.0,28.0,0.06836466666666667,0.20623803003512522,1.040142,0.003133,0.004643,20.602484118023074,4.392291066637337,0.10133920987654321,50.0,0.0,50,50,50.0,0.0,0.0,0.0,28,0.06836466666666667,0.20623803003512522,1.040142,0.003133,0.004643,20.602484118023074,4.392291066637337,0.10133920987654321,,,,,,,,,,,,,,,,,
Coordinator,Coordinator,./Data\Power\Topology_A\4-Group_dataset\powerLedvanceSmart+Plug2_group.csv,50.0,0.0,50.0,50.0,50.0,0.0,0.0,0.0,28.0,0.06836466666666667,0.20623803003512522,1.040142,0.003133,0.004643,20.602484118023074,4.392291066637337,0.10133920987654321,50.0,0.0,50,50,50.0,0.0,0.0,0.0,28,0.06836466666666667,0.20623803003512522,1.040142,0.003133,0.004643,20.602484118023074,4.392291066637337,0.10133920987654321,,,,,,,,,,,,,,,,,
Coordinator,Coordinator,./Data\Power\Topology_A\4-Group_dataset\powerLedvanceSmart+Plug2_group.csv,50.0,0.0,50.0,50.0,50.0,0.0,0.0,0.0,24.0,0.0669245652173913,0.21781408646341785,1.040142,0.003133,0.004337,20.37844901847631,4.440198400797595,0.09989515689981097,50.0,0.0,50,50,50.0,0.0,0.0,0.0,24,0.0669245652173913,0.21781408646341785,1.040142,0.003133,0.004337,20.37844901847631,4.440198400797595,0.09989515689981097,,,,,,,,,,,,,,,,,
Coordinator,Coordinator,./Data\Power\Topology_A\4-Group_dataset\powerLedvanceSmart+Plug2_group.csv,50.0,0.0,50.0,50.0,50.0,0.0,0.0,0.0,20.0,0.025103263157894736,0.05409475980047739,0.228742,0.003133,0.004297,12.138539978959862,3.343527734843268,0.03302704709141274,50.0,0.0,50,50,50.0,0.0,0.0,0.0,20,0.025103263157894736,0.05409475980047739,0.228742,0.003133,0.004297,12.138539978959862,3.343527734843268,0.03302704709141274,,,,,,,,,,,,,,,,,
Coordinator,Coordinator,./Data\Power\Topology_A\4-Group_dataset\powerLedvanceSmart+Plug2_group.csv,59.0,0.0,59.0,59.0,59.0,,,0.0,2.0,0.88959,,0.88959,0.88959,0.88959,,,0.0,59.0,0.0,59,59,59.0,,,0.0,2,0.88959,,0.88959,0.88959,0.88959,,,0.0,,,,,,,,,,,,,,,,,
Coordinator,Coordinator,./Data\Power\Topology_A\4-Group_dataset\powerLedvanceSmart+Plug2_group.csv,59.0,0.0,59.0,59.0,59.0,,,0.0,2.0,0.88959,,0.88959,0.88959,0.88959,,,0.0,59.0,0.0,59,59,59.0,,,0.0,2,0.88959,,0.88959,0.88959,0.88959,,,0.0,,,,,,,,,,,,,,,,,
Coordinator,Coordinator,./Data\Power\Topology_A\4-Group_dataset\powerLedvanceSmart+Plug2_group.csv,59.0,0.0,59.0,59.0,59.0,,,0.0,2.0,0.88959,,0.88959,0.88959,0.88959,,,0.0,59.0,0.0,59,59,59.0,,,0.0,2,0.88959,,0.88959,0.88959,0.88959,,,0.0,,,,,,,,,,,,,,,,,
Coordinator,Coordinator,./Data\Power\Topology_A\4-Group_dataset\powerLedvanceSmart+Plug2_group.csv,59.0,0.0,59.0,59.0,59.0,,,0.0,2.0,0.88959,,0.88959,0.88959,0.88959,,,0.0,59.0,0.0,59,59,59.0,,,0.0,2,0.88959,,0.88959,0.88959,0.88959,,,0.0,,,,,,,,,,,,,,,,,
Coordinator,Coordinator,./Data\Power\Topology_A\4-Group_dataset\powerLedvanceSmart+Plug2_group.csv,59.0,0.0,59.0,59.0,59.0,,,0.0,2.0,0.368953,,0.368953,0.368953,0.368953,,,0.0,59.0,0.0,59,59,59.0,,,0.0,2,0.368953,,0.368953,0.368953,0.368953,,,0.0,,,,,,,,,,,,,,,,,
Coordinator,Coordinator,./Data\Power\Topology_A\4-Group_dataset\powerLedvanceSmart+Plug2_group.csv,59.0,0.0,59.0,59.0,59.0,,,0.0,2.0,0.368953,,0.368953,0.368953,0.368953,,,0.0,59.0,0.0,59,59,59.0,,,0.0,2,0.368953,,0.368953,0.368953,0.368953,,,0.0,,,,,,,,,,,,,,,,,
Coordinator,Coordinator,./Data\Power\Topology_A\4-Group_dataset\powerLedvanceSmart+Plug2_group.csv,59.0,0.0,59.0,59.0,59.0,,,0.0,2.0,0.368953,,0.368953,0.368953,0.368953,,,0.0,59.0,0.0,59,59,59.0,,,0.0,2,0.368953,,0.368953,0.368953,0.368953,,,0.0,,,,,,,,,,,,,,,,,
Coordinator,Coordinator,./Data\Power\Topology_A\4-Group_dataset\powerLedvanceSmart+Plug2_group.csv,59.0,0.0,59.0,59.0,59.0,,,0.0,2.0,0.368953,,0.368953,0.368953,0.368953,,,0.0,59.0,0.0,59,59,59.0,,,0.0,2,0.368953,,0.368953,0.368953,0.368953,,,0.0,,,,,,,,,,,,,,,,,
Coordinator,Coordinator,./Data\Power\Topology_A\4-Group_dataset\powerLedvanceSmart+Plug2_group.csv,59.0,0.0,59.0,59.0,59.0,,,0.0,2.0,0.368953,,0.368953,0.368953,0.368953,,,0.0,59.0,0.0,59,59,59.0,,,0.0,2,0.368953,,0.368953,0.368953,0.368953,,,0.0,,,,,,,,,,,,,,,,,
Coordinator,Coordinator,./Data\Power\Topology_A\4-Group_dataset\powerLedvanceSmart+Plug2_group.csv,,,,,,,,,,,,,,,,,,56.5,3.5355339059327378,59,54,56.5,,,2.5,2,2.827577,,2.827577,2.827577,2.827577,,,0.0,,,,,,,,,,,,,,,,,
Coordinator,Coordinator,./Data\Power\Topology_A\4-Group_dataset\powerLedvanceSmart+Plug2_group.csv,,,,,,,,,,,,,,,,,,56.5,3.5355339059327378,59,54,56.5,,,2.5,2,2.827577,,2.827577,2.827577,2.827577,,,0.0,,,,,,,,,,,,,,,,,
Coordinator,Coordinator,./Data\Power\Topology_A\4-Group_dataset\powerLedvanceSmart+Plug2_group.csv,54.2,1.0000000000000007,59.0,54.0,54.0,24.99999999999993,4.999999999999989,0.3840000000000026,25.0,0.071947875,0.2576257657734859,1.268645,0.003099,0.004613,22.85935389363236,4.741319902519045,0.10823602083333334,54.2,1.0000000000000007,59,54,54.0,24.99999999999993,4.999999999999989,0.3840000000000026,25,0.071947875,0.2576257657734859,1.268645,0.003099,0.004613,22.85935389363236,4.741319902519045,0.10823602083333334,,,,,,,,,,,,,,,,,
Coordinator,Coordinator,./Data\Power\Topology_A\4-Group_dataset\powerLedvanceSmart+Plug2_group.csv,54.2,1.0000000000000007,59.0,54.0,54.0,24.99999999999993,4.999999999999989,0.3840000000000026,25.0,0.071947875,0.2576257657734859,1.268645,0.003099,0.004613,22.85935389363236,4.741319902519045,0.10823602083333334,54.2,1.0000000000000007,59,54,54.0,24.99999999999993,4.999999999999989,0.3840000000000026,25,0.071947875,0.2576257657734859,1.268645,0.003099,0.004613,22.85935389363236,4.741319902519045,0.10823602083333334,,,,,,,,,,,,,,,,,
Coordinator,Coordinator,./Data\Power\Topology_A\4-Group_dataset\powerLedvanceSmart+Plug2_group.csv,54.2,1.0000000000000007,59.0,54.0,54.0,24.99999999999993,4.999999999999989,0.3840000000000026,25.0,0.071947875,0.2576257657734859,1.268645,0.003099,0.004613,22.85935389363236,4.741319902519045,0.10823602083333334,54.2,1.0000000000000007,59,54,54.0,24.99999999999993,4.999999999999989,0.3840000000000026,25,0.071947875,0.2576257657734859,1.268645,0.003099,0.004613,22.85935389363236,4.741319902519045,0.10823602083333334,,,,,,,,,,,,,,,,,
Coordinator,Coordinator,./Data\Power\Topology_A\4-Group_dataset\powerLedvanceSmart+Plug2_group.csv,54.0,0.0,54.0,54.0,54.0,0.0,0.0,0.0,24.0,0.0199175652173913,0.038248754148250116,0.174083,0.003099,0.004592,12.49628905967302,3.332681797259106,0.02410731947069943,54.0,0.0,54,54,54.0,0.0,0.0,0.0,24,0.0199175652173913,0.038248754148250116,0.174083,0.003099,0.004592,12.49628905967302,3.332681797259106,0.02410731947069943,,,,,,,,,,,,,,,,,
Coordinator,Coordinator,./Data\Power\Topology_A\4-Group_dataset\powerLedvanceSmart+Plug2_group.csv,54.0,0.0,54.0,54.0,54.0,0.0,0.0,0.0,24.0,0.0199175652173913,0.038248754148250116,0.174083,0.003099,0.004592,12.49628905967302,3.332681797259106,0.02410731947069943,54.0,0.0,54,54,54.0,0.0,0.0,0.0,24,0.0199175652173913,0.038248754148250116,0.174083,0.003099,0.004592,12.49628905967302,3.332681797259106,0.02410731947069943,,,,,,,,,,,,,,,,,
Coordinator,Coordinator,./Data\Power\Topology_A\4-Group_dataset\powerLedvanceSmart+Plug2_group.csv,55.0,6.928203230275509,59.0,47.0,59.0,,-1.7320508075688774,5.333333333333333,3.0,2.055318,2.449101106192229,3.787094,0.323542,2.055318,,,1.731776,55.0,6.928203230275509,59,47,59.0,,-1.7320508075688774,5.333333333333333,3,2.055318,2.449101106192229,3.787094,0.323542,2.055318,,,1.731776,,,,,,,,,,,,,,,,,
Coordinator,Coordinator,./Data\Power\Topology_A\4-Group_dataset\powerLedvanceSmart+Plug2_group.csv,59.0,0.0,59.0,59.0,59.0,,0.0,0.0,3.0,0.331358,0.011053493203508097,0.339174,0.323542,0.331358,,,0.00781599999999999,59.0,0.0,59,59,59.0,,0.0,0.0,3,0.331358,0.011053493203508097,0.339174,0.323542,0.331358,,,0.00781599999999999,,,,,,,,,,,,,,,,,
Coordinator,Coordinator,./Data\Power\Topology_A\4-Group_dataset\powerLedvanceSmart+Plug2_group.csv,59.0,0.0,59.0,59.0,59.0,,0.0,0.0,3.0,0.331358,0.011053493203508097,0.339174,0.323542,0.331358,,,0.00781599999999999,59.0,0.0,59,59,59.0,,0.0,0.0,3,0.331358,0.011053493203508097,0.339174,0.323542,0.331358,,,0.00781599999999999,,,,,,,,,,,,,,,,,
Coordinator,Coordinator,./Data\Power\Topology_A\4-Group_dataset\powerLedvanceSmart+Plug2_group.csv,59.0,0.0,59.0,59.0,59.0,,0.0,0.0,3.0,0.331358,0.011053493203508097,0.339174,0.323542,0.331358,,,0.00781599999999999,59.0,0.0,59,59,59.0,,0.0,0.0,3,0.331358,0.011053493203508097,0.339174,0.323542,0.331358,,,0.00781599999999999,,,,,,,,,,,,,,,,,
Coordinator,Coordinator,./Data\Power\Topology_A\4-Group_dataset\powerLedvanceSmart+Plug2_group.csv,59.0,0.0,59.0,59.0,59.0,,0.0,0.0,3.0,0.331358,0.011053493203508097,0.339174,0.323542,0.331358,,,0.00781599999999999,59.0,0.0,59,59,59.0,,0.0,0.0,3,0.331358,0.011053493203508097,0.339174,0.323542,0.331358,,,0.00781599999999999,,,,,,,,,,,,,,,,,
Coordinator,Coordinator,./Data\Power\Topology_A\4-Group_dataset\powerLedvanceSmart+Plug2_group.csv,53.0,8.48528137423857,59.0,47.0,53.0,,,6.0,2.0,2.78088,,2.78088,2.78088,2.78088,,,0.0,53.0,8.48528137423857,59,47,53.0,,,6.0,2,2.78088,,2.78088,2.78088,2.78088,,,0.0,,,,,,,,,,,,,,,,,
Coordinator,Coordinator,./Data\Power\Topology_A\4-Group_dataset\powerLedvanceSmart+Plug2_group.csv,53.0,8.48528137423857,59.0,47.0,53.0,,,6.0,2.0,2.78088,,2.78088,2.78088,2.78088,,,0.0,53.0,8.48528137423857,59,47,53.0,,,6.0,2,2.78088,,2.78088,2.78088,2.78088,,,0.0,,,,,,,,,,,,,,,,,
Coordinator,Coordinator,./Data\Power\Topology_A\4-Group_dataset\powerLedvanceSmart+Plug2_group.csv,53.0,8.48528137423857,59.0,47.0,53.0,,,6.0,2.0,0.322568,,0.322568,0.322568,0.322568,,,0.0,53.0,8.48528137423857,59,47,53.0,,,6.0,2,0.322568,,0.322568,0.322568,0.322568,,,0.0,,,,,,,,,,,,,,,,,
Coordinator,Coordinator,./Data\Power\Topology_A\4-Group_dataset\powerLedvanceSmart+Plug2_group.csv,56.0,6.0,59.0,47.0,59.0,4.0,-1.9999999999999998,4.5,4.0,0.3381596666666667,0.02612291060225357,0.368318,0.322568,0.323593,,1.7290513129238358,0.020105555555555543,56.0,6.0,59,47,59.0,4.0,-1.9999999999999998,4.5,4,0.3381596666666667,0.02612291060225357,0.368318,0.322568,0.323593,,1.7290513129238358,0.020105555555555543,,,,,,,,,,,,,,,,,
Coordinator,Coordinator,./Data\Power\Topology_A\4-Group_dataset\powerLedvanceSmart+Plug2_group.csv,56.0,6.0,59.0,47.0,59.0,4.0,-1.9999999999999998,4.5,4.0,0.3381596666666667,0.02612291060225357,0.368318,0.322568,0.323593,,1.7290513129238358,0.020105555555555543,56.0,6.0,59,47,59.0,4.0,-1.9999999999999998,4.5,4,0.3381596666666667,0.02612291060225357,0.368318,0.322568,0.323593,,1.7290513129238358,0.020105555555555543,,,,,,,,,,,,,,,,,
Coordinator,Coordinator,./Data\Power\Topology_A\4-Group_dataset\powerLedvanceSmart+Plug2_group.csv,56.0,6.0,59.0,47.0,59.0,4.0,-1.9999999999999998,4.5,4.0,0.3381596666666667,0.02612291060225357,0.368318,0.322568,0.323593,,1.7290513129238358,0.020105555555555543,56.0,6.0,59,47,59.0,4.0,-1.9999999999999998,4.5,4,0.3381596666666667,0.02612291060225357,0.368318,0.322568,0.323593,,1.7290513129238358,0.020105555555555543,,,,,,,,,,,,,,,,,
Coordinator,Coordinator,./Data\Power\Topology_A\4-Group_dataset\powerLedvanceSmart+Plug2_group.csv,56.0,6.0,59.0,47.0,59.0,4.0,-1.9999999999999998,4.5,4.0,0.3381596666666667,0.02612291060225357,0.368318,0.322568,0.323593,,1.7290513129238358,0.020105555555555543,56.0,6.0,59,47,59.0,4.0,-1.9999999999999998,4.5,4,0.3381596666666667,0.02612291060225357,0.368318,0.322568,0.323593,,1.7290513129238358,0.020105555555555543,,,,,,,,,,,,,,,,,
Coordinator,Coordinator,./Data\Power\Topology_A\4-Group_dataset\powerLedvanceSmart+Plug2_group.csv,59.0,0.0,59.0,59.0,59.0,,,0.0,2.0,0.323593,,0.323593,0.323593,0.323593,,,0.0,59.0,0.0,59,59,59.0,,,0.0,2,0.323593,,0.323593,0.323593,0.323593,,,0.0,,,,,,,,,,,,,,,,,
Ledvance Smart+ Plug,Socket,./Data\Power\Topology_A\4-Group_dataset\powerLedvanceSmart+Plug2_group.csv,52.75,2.9860788111948193,57.0,50.0,52.0,2.60249803476286,1.380236620564502,2.125,4.0,0.772993,1.1181589444891098,2.059437,0.034504,0.225038,,1.6756437764284635,0.8576293333333332,52.0,3.082207001484488,57,49,52.0,2.0,1.2806954299797044,2.0,5,0.57974475,0.9901009167949749,2.059437,0.018916,0.120313,3.8455471812589614,1.9569592860029152,0.7398461249999999,,,,,,,,,,,,,,,,,
Ledvance Smart+ Plug,Socket,./Data\Power\Topology_A\4-Group_dataset\powerLedvanceSmart+Plug2_group.csv,51.333333333333336,6.027713773341708,57.0,45.0,52.0,,-0.49161304994261057,4.222222222222221,3.0,1.877305,2.553301775681441,3.682762,0.071848,1.877305,,,1.805457,49.42857142857143,4.157609203101499,57,45,49.0,1.002595451130384,0.8996747132891294,2.8979591836734704,7,0.6257683333333334,1.497627901821366,3.682762,0.005377,0.0162395,5.999636093244108,2.449394244849793,1.0189978888888889,48.0,2.0,49.0,45.0,49.0,4.0,-1.9999999999999998,1.5,4.0,0.014744333333333332,0.009174965740172186,0.023714,0.005377,0.015142,,-0.19467519916335513,0.006244888888888889
Ledvance Smart+ Plug,Socket,./Data\Power\Topology_A\4-Group_dataset\powerLedvanceSmart+Plug2_group.csv,51.0,8.48528137423857,57.0,45.0,51.0,,,6.0,2.0,0.071848,,0.071848,0.071848,0.071848,,,0.0,49.0,4.381780460041329,57,45,49.0,2.5,1.3693063937629153,2.6666666666666665,6,0.0143696,0.006970077495982379,0.023714,0.005377,0.015142,-0.3089389971591636,0.057612694271021656,0.00523368,48.0,2.0,49.0,45.0,49.0,4.0,-1.9999999999999998,1.5,4.0,0.014744333333333332,0.009174965740172186,0.023714,0.005377,0.015142,,-0.19467519916335513,0.006244888888888889
Ledvance Smart+ Plug,Socket,./Data\Power\Topology_A\4-Group_dataset\powerLedvanceSmart+Plug2_group.csv,51.0,8.48528137423857,57.0,45.0,51.0,,,6.0,2.0,0.071848,,0.071848,0.071848,0.071848,,,0.0,49.0,4.381780460041329,57,45,49.0,2.5,1.3693063937629153,2.6666666666666665,6,0.0143696,0.006970077495982379,0.023714,0.005377,0.015142,-0.3089389971591636,0.057612694271021656,0.00523368,48.0,2.0,49.0,45.0,49.0,4.0,-1.9999999999999998,1.5,4.0,0.014744333333333332,0.009174965740172186,0.023714,0.005377,0.015142,,-0.19467519916335513,0.006244888888888889
Ledvance Smart+ Plug,Socket,./Data\Power\Topology_A\4-Group_dataset\powerLedvanceSmart+Plug2_group.csv,51.0,8.48528137423857,57.0,45.0,51.0,,,6.0,2.0,0.071848,,0.071848,0.071848,0.071848,,,0.0,49.0,4.381780460041329,57,45,49.0,2.5,1.3693063937629153,2.6666666666666665,6,0.0143696,0.006970077495982379,0.023714,0.005377,0.015142,-0.3089389971591636,0.057612694271021656,0.00523368,48.0,2.0,49.0,45.0,49.0,4.0,-1.9999999999999998,1.5,4.0,0.014744333333333332,0.009174965740172186,0.023714,0.005377,0.015142,,-0.19467519916335513,0.006244888888888889
Ledvance Smart+ Plug,Socket,./Data\Power\Topology_A\4-Group_dataset\powerLedvanceSmart+Plug2_group.csv,51.0,8.48528137423857,57.0,45.0,51.0,,,6.0,2.0,0.071848,,0.071848,0.071848,0.071848,,,0.0,49.0,4.381780460041329,57,45,49.0,2.5,1.3693063937629153,2.6666666666666665,6,0.0143696,0.006970077495982379,0.023714,0.005377,0.015142,-0.3089389971591636,0.057612694271021656,0.00523368,48.0,2.0,49.0,45.0,49.0,4.0,-1.9999999999999998,1.5,4.0,0.014744333333333332,0.009174965740172186,0.023714,0.005377,0.015142,,-0.19467519916335513,0.006244888888888889
Ledvance Smart+ Plug,Socket,./Data\Power\Topology_A\4-Group_dataset\powerLedvanceSmart+Plug2_group.csv,56.0,4.58257569495584,60.0,51.0,57.0,,-0.9352195295828245,3.3333333333333335,3.0,0.0820145,0.02753544516618535,0.101485,0.062544,0.0820145,,,0.0194705,53.75,5.852349955359813,60,47,54.0,-2.7856572007032874,-0.1658825817172689,4.75,4,0.09912833333333333,0.035464774697343465,0.133356,0.062544,0.101485,,-0.2977086796250785,0.024389555555555557,,,,,,,,,,,,,,,,,
Ledvance Smart+ Plug,Socket,./Data\Power\Topology_A\4-Group_dataset\powerLedvanceSmart+Plug2_group.csv,56.0,4.58257569495584,60.0,51.0,57.0,,-0.9352195295828245,3.3333333333333335,3.0,0.0820145,0.02753544516618535,0.101485,0.062544,0.0820145,,,0.0194705,53.75,5.852349955359813,60,47,54.0,-2.7856572007032874,-0.1658825817172689,4.75,4,0.09912833333333333,0.035464774697343465,0.133356,0.062544,0.101485,,-0.2977086796250785,0.024389555555555557,,,,,,,,,,,,,,,,,
Ledvance Smart+ Plug,Socket,./Data\Power\Topology_A\4-Group_dataset\powerLedvanceSmart+Plug2_group.csv,56.0,4.58257569495584,60.0,51.0,57.0,,-0.9352195295828245,3.3333333333333335,3.0,0.0820145,0.02753544516618535,0.101485,0.062544,0.0820145,,,0.0194705,53.75,5.852349955359813,60,47,54.0,-2.7856572007032874,-0.1658825817172689,4.75,4,0.09912833333333333,0.035464774697343465,0.133356,0.062544,0.101485,,-0.2977086796250785,0.024389555555555557,,,,,,,,,,,,,,,,,
Ledvance Smart+ Plug,Socket,./Data\Power\Topology_A\4-Group_dataset\powerLedvanceSmart+Plug2_group.csv,56.0,4.58257569495584,60.0,51.0,57.0,,-0.9352195295828245,3.3333333333333335,3.0,0.0820145,0.02753544516618535,0.101485,0.062544,0.0820145,,,0.0194705,53.75,5.852349955359813,60,47,54.0,-2.7856572007032874,-0.1658825817172689,4.75,4,0.09912833333333333,0.035464774697343465,0.133356,0.062544,0.101485,,-0.2977086796250785,0.024389555555555557,,,,,,,,,,,,,,,,,
Ledvance Smart+ Plug,Socket,./Data\Power\Topology_A\4-Group_dataset\powerLedvanceSmart+Plug2_group.csv,56.0,4.58257569495584,60.0,51.0,57.0,,-0.9352195295828245,3.3333333333333335,3.0,0.0820145,0.02753544516618535,0.101485,0.062544,0.0820145,,,0.0194705,53.75,5.852349955359813,60,47,54.0,-2.7856572007032874,-0.1658825817172689,4.75,4,0.09912833333333333,0.035464774697343465,0.133356,0.062544,0.101485,,-0.2977086796250785,0.024389555555555557,,,,,,,,,,,,,,,,,
Moes Bulb,Bulb,./Data\Power\Topology_A\4-Group_dataset\powerLedvanceSmart+Plug2_group.csv,,,,,,,,,,,,,,,,,,52.0,2.8892604740584606,56,50,50.0,-1.5681818181818181,0.7551476239016431,2.6666666666666665,24,0.023440695652173917,0.04822266617514554,0.206332,0.00316,0.004873,9.635837877840647,3.0370227829598897,0.029503262759924386,52.0,2.8892604740584606,56.0,50.0,50.0,-1.5681818181818181,0.7551476239016431,2.6666666666666665,24.0,0.023440695652173917,0.04822266617514554,0.206332,0.00316,0.004873,9.635837877840647,3.0370227829598897,0.029503262759924386
Philips Lamp 1,Bulb,./Data\Power\Topology_A\4-Group_dataset\powerLedvanceSmart+Plug2_group.csv,,,,,,,,,,,,,,,,,,50.0,0.0,50,50,50.0,0.0,0.0,0.0,20,0.025103263157894736,0.05409475980047739,0.228742,0.003133,0.004297,12.138539978959862,3.343527734843268,0.03302704709141274,50.0,0.0,50.0,50.0,50.0,0.0,0.0,0.0,20.0,0.025103263157894736,0.05409475980047739,0.228742,0.003133,0.004297,12.138539978959862,3.343527734843268,0.03302704709141274
Philips Motion,Bulb,./Data\Power\Topology_A\4-Group_dataset\powerLedvanceSmart+Plug2_group.csv,,,,,,,,,,,,,,,,,,50.0,0.0,50,50,50.0,0.0,0.0,0.0,8,0.04696314285714286,0.10808799070113906,0.29197,0.003568,0.005157,6.979048557123129,2.6406674328245074,0.07000195918367347,50.0,0.0,50.0,50.0,50.0,0.0,0.0,0.0,8.0,0.04696314285714286,0.10808799070113906,0.29197,0.003568,0.005157,6.979048557123129,2.6406674328245074,0.07000195918367347
Unknown,Unknown,./Data\Power\Topology_A\4-Group_dataset\powerLedvanceSmart+Plug2_group.csv,,,,,,,,,,,,,,,,,,22.0,10.392304845413264,28,10,28.0,,-1.7320508075688774,8.0,3,0.024477,0.014897325666038184,0.035011,0.013943,0.024477,,,0.010534,28.0,0.0,28.0,28.0,28.0,,,0.0,2.0,0.035011,,0.035011,0.035011,0.035011,,,0.0
