Device Name,Device Type,Device Name Destination,Device Type Destination,Device Name ZigBee,Device Type ZigBee,Device Name ZigBee Destination,Device Type ZigBee Destination,Time,Length,Source IEEE,Destination IEEE,Sequence Number,Source ZigBee,Destination ZigBee,Delta Time
Coordinator,Coordinator,Ledvance Bulb,Bulb,Coordinator,Coordinator,Philips Lamp 3,Bulb,2023-10-29 17:57:54.000000,54,0x0000,0xec7f,136.0,0x0000,0x711c,0.0
Coordinator,Coordinator,Ledvance Bulb,Bulb,Coordinator,Coordinator,Philips Lamp 3,Bulb,2023-10-29 17:57:54.003923,54,0x0000,0xec7f,136.0,0x0000,0x711c,0.003923
Coordinator,Coordinator,Ledvance Bulb,Bulb,Coordinator,Coordinator,Philips Lamp 3,Bulb,2023-10-29 17:57:54.009005,54,0x0000,0xec7f,136.0,0x0000,0x711c,0.005082
Coordinator,Coordinator,Ledvance Bulb,Bulb,Coordinator,Coordinator,Philips Lamp 3,Bulb,2023-10-29 17:57:54.013969,54,0x0000,0xec7f,136.0,0x0000,0x711c,0.004964
Coordinator,Coordinator,Ledvance Bulb,Bulb,Unknown,Unknown,,,2023-10-29 17:57:54.057283,54,0x0000,0xec7f,137.0,,,0.043314
Coordinator,Coordinator,Ledvance Bulb,Bulb,Unknown,Unknown,,,2023-10-29 17:57:54.105287,54,0x0000,0xec7f,138.0,,,0.048004
Coordinator,Coordinator,Ledvance Bulb,Bulb,Unknown,Unknown,,,2023-10-29 17:57:54.130334,54,0x0000,0xec7f,138.0,,,0.025047
Coordinator,Coordinator,Ledvance Bulb,Bulb,Unknown,Unknown,,,2023-10-29 17:57:54.208885,54,0x0000,0xec7f,139.0,,,0.078551
Coordinator,Coordinator,Ledvance Bulb,Bulb,Unknown,Unknown,,,2023-10-29 17:57:54.212075,54,0x0000,0xec7f,139.0,,,0.00319
Coordinator,Coordinator,Ledvance Bulb,Bulb,Unknown,Unknown,,,2023-10-29 17:57:54.215292,54,0x0000,0xec7f,139.0,,,0.003217
Coordinator,Coordinator,Ledvance Bulb,Bulb,Unknown,Unknown,,,2023-10-29 17:57:54.218573,54,0x0000,0xec7f,139.0,,,0.003281
Coordinator,Coordinator,Ledvance Bulb,Bulb,Unknown,Unknown,,,2023-10-29 17:57:54.281455,54,0x0000,0xec7f,140.0,,,0.062882
Coordinator,Coordinator,Ledvance Bulb,Bulb,Unknown,Unknown,,,2023-10-29 17:57:54.285426,54,0x0000,0xec7f,140.0,,,0.003971
Coordinator,Coordinator,Ledvance Bulb,Bulb,Unknown,Unknown,,,2023-10-29 17:57:54.293646,54,0x0000,0xec7f,140.0,,,0.00822
Coordinator,Coordinator,Ledvance Bulb,Bulb,Unknown,Unknown,,,2023-10-29 17:57:54.296902,54,0x0000,0xec7f,140.0,,,0.003256
Coordinator,Coordinator,Ledvance Bulb,Bulb,Unknown,Unknown,,,2023-10-29 17:57:54.346588,54,0x0000,0xec7f,141.0,,,0.049686
Coordinator,Coordinator,Ledvance Bulb,Bulb,Unknown,Unknown,,,2023-10-29 17:57:54.350811,54,0x0000,0xec7f,141.0,,,0.004223
Coordinator,Coordinator,Ledvance Bulb,Bulb,Unknown,Unknown,,,2023-10-29 17:57:54.356236,54,0x0000,0xec7f,141.0,,,0.005425
Coordinator,Coordinator,Ledvance Bulb,Bulb,Unknown,Unknown,,,2023-10-29 17:57:54.359982,54,0x0000,0xec7f,141.0,,,0.003746
Coordinator,Coordinator,Ledvance Bulb,Bulb,Coordinator,Coordinator,Philips Lamp 3,Bulb,2023-10-29 17:57:54.414061,54,0x0000,0xec7f,142.0,0x0000,0x711c,0.054079
Coordinator,Coordinator,Ledvance Bulb,Bulb,Coordinator,Coordinator,Philips Lamp 3,Bulb,2023-10-29 17:57:54.417564,54,0x0000,0xec7f,142.0,0x0000,0x711c,0.003503
Coordinator,Coordinator,Ledvance Bulb,Bulb,Coordinator,Coordinator,Philips Lamp 3,Bulb,2023-10-29 17:57:54.422899,54,0x0000,0xec7f,142.0,0x0000,0x711c,0.005335
Coordinator,Coordinator,Ledvance Bulb,Bulb,Coordinator,Coordinator,Philips Lamp 3,Bulb,2023-10-29 17:57:54.427287,54,0x0000,0xec7f,142.0,0x0000,0x711c,0.004388
Coordinator,Coordinator,Ledvance Bulb,Bulb,Coordinator,Coordinator,Philips Lamp 3,Bulb,2023-10-29 17:57:54.481672,54,0x0000,0xec7f,143.0,0x0000,0x711c,0.054385
Coordinator,Coordinator,Ledvance Bulb,Bulb,Coordinator,Coordinator,Philips Lamp 3,Bulb,2023-10-29 17:57:54.485649,54,0x0000,0xec7f,143.0,0x0000,0x711c,0.003977
Coordinator,Coordinator,Ledvance Bulb,Bulb,Coordinator,Coordinator,Philips Lamp 3,Bulb,2023-10-29 17:57:54.488961,54,0x0000,0xec7f,143.0,0x0000,0x711c,0.003312
Power Plug 2,Socket,Broadcast,Broadcast,Unknown,Unknown,,,2023-10-29 17:57:59.598289,47,0xa706,0xffff,234.0,,,5.109328
Power Plug 2,Socket,Broadcast,Broadcast,Unknown,Unknown,,,2023-10-29 17:57:59.640330,51,0xa706,0xffff,235.0,,,0.042041
Coordinator,Coordinator,Broadcast,Broadcast,Unknown,Unknown,,,2023-10-29 17:57:59.845168,50,0x0000,0xffff,144.0,,,0.204838
Power Plug 2,Socket,Broadcast,Broadcast,Unknown,Unknown,,,2023-10-29 17:57:59.896130,51,0xa706,0xffff,236.0,,,0.050962
Power Plug 2,Socket,Broadcast,Broadcast,Power Plug 2,Socket,Broadcast,Broadcast,2023-10-29 17:58:00.150377,51,0xa706,0xffff,237.0,0xa706,0xfffc,0.254247
Power Plug 2,Socket,Broadcast,Broadcast,Unknown,Unknown,,,2023-10-29 17:58:00.404488,51,0xa706,0xffff,238.0,,,0.254111
Power Plug 2,Socket,Broadcast,Broadcast,Power Plug 2,Socket,Broadcast,Broadcast,2023-10-29 17:58:00.658721,51,0xa706,0xffff,239.0,0xa706,0xfffc,0.254233
Power Plug 2,Socket,Broadcast,Broadcast,Power Plug 2,Socket,Broadcast,Broadcast,2023-10-29 17:58:03.120762,59,0xa706,0xffff,240.0,0xa706,0xfffc,2.462041
Power Plug 2,Socket,Broadcast,Broadcast,Power Plug 2,Socket,Broadcast,Broadcast,2023-10-29 17:58:03.376358,59,0xa706,0xffff,241.0,0xa706,0xfffc,0.255596
Power Plug 2,Socket,Broadcast,Broadcast,Power Plug 2,Socket,Broadcast,Broadcast,2023-10-29 17:58:03.630562,59,0xa706,0xffff,242.0,0xa706,0xfffc,0.254204
Power Plug 2,Socket,Broadcast,Broadcast,Power Plug 2,Socket,Broadcast,Broadcast,2023-10-29 17:58:03.884805,59,0xa706,0xffff,243.0,0xa706,0xfffc,0.254243
Power Plug 2,Socket,Broadcast,Broadcast,Unknown,Unknown,,,2023-10-29 17:58:04.138890,59,0xa706,0xffff,244.0,,,0.254085
Power Plug 2,Socket,Broadcast,Broadcast,Unknown,Unknown,,,2023-10-29 17:58:04.724660,59,0xa706,0xffff,245.0,,,0.58577
Power Plug 2,Socket,Broadcast,Broadcast,Power Plug 2,Socket,Broadcast,Broadcast,2023-10-29 17:58:04.980403,59,0xa706,0xffff,246.0,0xa706,0xfffc,0.255743
Power Plug 2,Socket,Broadcast,Broadcast,Unknown,Unknown,,,2023-10-29 17:58:05.234419,59,0xa706,0xffff,247.0,,,0.254016
Power Plug 2,Socket,Broadcast,Broadcast,Unknown,Unknown,,,2023-10-29 17:58:05.488484,59,0xa706,0xffff,248.0,,,0.254065
Power Plug 2,Socket,Broadcast,Broadcast,Unknown,Unknown,,,2023-10-29 17:58:05.742731,59,0xa706,0xffff,249.0,,,0.254247
Coordinator,Coordinator,Broadcast,Broadcast,Unknown,Unknown,,,2023-10-29 17:58:14.224062,50,0x0000,0xffff,145.0,,,8.481331
Power Plug 2,Socket,Broadcast,Broadcast,Unknown,Unknown,,,2023-10-29 17:58:14.591404,50,0xa706,0xffff,250.0,,,0.367342
Power Plug 2,Socket,Coordinator,Coordinator,Unknown,Unknown,,,2023-10-29 17:58:16.742842,50,0xa706,0x0000,251.0,,,2.151438
Coordinator,Coordinator,Power Plug 2,Socket,Unknown,Unknown,,,2023-10-29 17:58:16.744825,5,0x0000,0xa706,251.0,,,0.001983
Coordinator,Coordinator,Power Plug 2,Socket,Coordinator,Coordinator,Power Plug 2,Socket,2023-10-29 17:58:16.787572,56,0x0000,0xa706,146.0,0x0000,0xa706,0.042747
Power Plug 2,Socket,Coordinator,Coordinator,Unknown,Unknown,,,2023-10-29 17:58:16.789719,5,0xa706,0x0000,146.0,,,0.002147
Power Plug 2,Socket,Coordinator,Coordinator,Power Plug 2,Socket,Coordinator,Coordinator,2023-10-29 17:58:16.794840,45,0xa706,0x0000,252.0,0xa706,0x0000,0.005121
Coordinator,Coordinator,Power Plug 2,Socket,Unknown,Unknown,,,2023-10-29 17:58:16.796663,5,0x0000,0xa706,252.0,,,0.001823
Power Plug 2,Socket,Coordinator,Coordinator,Unknown,Unknown,,,2023-10-29 17:58:17.133197,54,0xa706,0x0000,253.0,,,0.336534
Coordinator,Coordinator,Power Plug 2,Socket,Unknown,Unknown,,,2023-10-29 17:58:17.135307,5,0x0000,0xa706,253.0,,,0.00211
Power Plug 2,Socket,Coordinator,Coordinator,Unknown,Unknown,,,2023-10-29 17:58:17.333920,54,0xa706,0x0000,254.0,,,0.198613
Coordinator,Coordinator,Power Plug 2,Socket,Unknown,Unknown,,,2023-10-29 17:58:17.336030,5,0x0000,0xa706,254.0,,,0.00211
Power Plug 2,Socket,Coordinator,Coordinator,Unknown,Unknown,,,2023-10-29 17:58:17.534746,54,0xa706,0x0000,255.0,,,0.198716
Coordinator,Coordinator,Power Plug 2,Socket,Unknown,Unknown,,,2023-10-29 17:58:17.536857,5,0x0000,0xa706,255.0,,,0.002111
Power Plug 2,Socket,Coordinator,Coordinator,Unknown,Unknown,,,2023-10-29 17:58:17.735132,54,0xa706,0x0000,0.0,,,0.198275
Coordinator,Coordinator,Power Plug 2,Socket,Unknown,Unknown,,,2023-10-29 17:58:17.737243,5,0x0000,0xa706,0.0,,,0.002111
Power Plug 2,Socket,Coordinator,Coordinator,Power Plug 2,Socket,Coordinator,Coordinator,2023-10-29 17:58:17.936783,54,0xa706,0x0000,1.0,0xa706,0x0000,0.19954
Coordinator,Coordinator,Power Plug 2,Socket,Unknown,Unknown,,,2023-10-29 17:58:17.938894,5,0x0000,0xa706,1.0,,,0.002111
Power Plug 2,Socket,Coordinator,Coordinator,Unknown,Unknown,,,2023-10-29 17:58:18.337403,54,0xa706,0x0000,2.0,,,0.398509
Coordinator,Coordinator,Power Plug 2,Socket,Unknown,Unknown,,,2023-10-29 17:58:18.339514,5,0x0000,0xa706,2.0,,,0.002111
Power Plug 2,Socket,Coordinator,Coordinator,Power Plug 2,Socket,Coordinator,Coordinator,2023-10-29 17:58:18.892831,54,0xa706,0x0000,3.0,0xa706,0x0000,0.553317
Coordinator,Coordinator,Power Plug 2,Socket,Unknown,Unknown,,,2023-10-29 17:58:18.894942,5,0x0000,0xa706,3.0,,,0.002111
Power Plug 2,Socket,Coordinator,Coordinator,Power Plug 2,Socket,Coordinator,Coordinator,2023-10-29 17:58:19.093552,54,0xa706,0x0000,4.0,0xa706,0x0000,0.19861
Coordinator,Coordinator,Power Plug 2,Socket,Unknown,Unknown,,,2023-10-29 17:58:19.095663,5,0x0000,0xa706,4.0,,,0.002111
Power Plug 2,Socket,Coordinator,Coordinator,Power Plug 2,Socket,Coordinator,Coordinator,2023-10-29 17:58:19.294227,54,0xa706,0x0000,5.0,0xa706,0x0000,0.198564
Coordinator,Coordinator,Power Plug 2,Socket,Unknown,Unknown,,,2023-10-29 17:58:19.296338,5,0x0000,0xa706,5.0,,,0.002111
Power Plug 2,Socket,Coordinator,Coordinator,Unknown,Unknown,,,2023-10-29 17:58:19.494860,54,0xa706,0x0000,6.0,,,0.198522
Coordinator,Coordinator,Power Plug 2,Socket,Unknown,Unknown,,,2023-10-29 17:58:19.496971,5,0x0000,0xa706,6.0,,,0.002111
Power Plug 2,Socket,Coordinator,Coordinator,Power Plug 2,Socket,Coordinator,Coordinator,2023-10-29 17:58:19.695159,54,0xa706,0x0000,7.0,0xa706,0x0000,0.198188
Coordinator,Coordinator,Power Plug 2,Socket,Unknown,Unknown,,,2023-10-29 17:58:19.697270,5,0x0000,0xa706,7.0,,,0.002111
Power Plug 2,Socket,Coordinator,Coordinator,Power Plug 2,Socket,Coordinator,Coordinator,2023-10-29 17:58:20.094948,54,0xa706,0x0000,8.0,0xa706,0x0000,0.397678
Coordinator,Coordinator,Power Plug 2,Socket,Unknown,Unknown,,,2023-10-29 17:58:20.097059,5,0x0000,0xa706,8.0,,,0.002111
Coordinator,Coordinator,Broadcast,Broadcast,Coordinator,Coordinator,Broadcast,Broadcast,2023-10-29 17:58:20.310569,59,0x0000,0xffff,147.0,0x0000,0xfffc,0.21351
Coordinator,Coordinator,Power Plug 2,Socket,Unknown,Unknown,,,2023-10-29 17:58:20.318626,52,0x0000,0xa706,148.0,,,0.008057
Power Plug 2,Socket,Coordinator,Coordinator,Unknown,Unknown,,,2023-10-29 17:58:20.320641,5,0xa706,0x0000,148.0,,,0.002015
Power Plug 2,Socket,Coordinator,Coordinator,Power Plug 2,Socket,Coordinator,Coordinator,2023-10-29 17:58:20.328309,63,0xa706,0x0000,9.0,0xa706,0x0000,0.007668
Coordinator,Coordinator,Power Plug 2,Socket,Unknown,Unknown,,,2023-10-29 17:58:20.330707,5,0x0000,0xa706,9.0,,,0.002398
Coordinator,Coordinator,Power Plug 2,Socket,Coordinator,Coordinator,Power Plug 2,Socket,2023-10-29 17:58:20.354079,45,0x0000,0xa706,149.0,0x0000,0xa706,0.023372
Power Plug 2,Socket,Coordinator,Coordinator,Unknown,Unknown,,,2023-10-29 17:58:20.355870,5,0xa706,0x0000,149.0,,,0.001791
Coordinator,Coordinator,Power Plug 2,Socket,Coordinator,Coordinator,Power Plug 2,Socket,2023-10-29 17:58:20.362020,54,0x0000,0xa706,150.0,0x0000,0xa706,0.00615
Power Plug 2,Socket,Coordinator,Coordinator,Unknown,Unknown,,,2023-10-29 17:58:20.364100,5,0xa706,0x0000,150.0,,,0.00208
Power Plug 2,Socket,Broadcast,Broadcast,Coordinator,Coordinator,Broadcast,Broadcast,2023-10-29 17:58:20.367824,59,0xa706,0xffff,10.0,0x0000,0xfffc,0.003724
Power Plug 2,Socket,Coordinator,Coordinator,Power Plug 2,Socket,Coordinator,Coordinator,2023-10-29 17:58:20.373834,66,0xa706,0x0000,11.0,0xa706,0x0000,0.00601
Coordinator,Coordinator,Power Plug 2,Socket,Unknown,Unknown,,,2023-10-29 17:58:20.376329,5,0x0000,0xa706,11.0,,,0.002495
Coordinator,Coordinator,Power Plug 2,Socket,Coordinator,Coordinator,Power Plug 2,Socket,2023-10-29 17:58:20.393699,45,0x0000,0xa706,151.0,0x0000,0xa706,0.01737
Power Plug 2,Socket,Coordinator,Coordinator,Unknown,Unknown,,,2023-10-29 17:58:20.395480,5,0xa706,0x0000,151.0,,,0.001781
Power Plug 2,Socket,Coordinator,Coordinator,Unknown,Unknown,,,2023-10-29 17:58:20.496758,78,0xa706,0x0000,12.0,,,0.101278
Coordinator,Coordinator,Power Plug 2,Socket,Unknown,Unknown,,,2023-10-29 17:58:20.499637,5,0x0000,0xa706,12.0,,,0.002879
Unknown,Unknown,Power Plug 2,Socket,Unknown,Unknown,,,2023-10-29 17:58:20.547562,50,0x3646,0xa706,152.0,,,0.047925
Coordinator,Coordinator,Power Plug 2,Socket,Coordinator,Coordinator,Power Plug 2,Socket,2023-10-29 17:58:20.552557,50,0x0000,0xa706,152.0,0x0000,0xa706,0.004995
Power Plug 2,Socket,Coordinator,Coordinator,Unknown,Unknown,,,2023-10-29 17:58:20.554501,5,0xa706,0x0000,152.0,,,0.001944
Power Plug 2,Socket,Coordinator,Coordinator,Power Plug 2,Socket,Coordinator,Coordinator,2023-10-29 17:58:20.559657,45,0xa706,0x0000,13.0,0xa706,0x0000,0.005156
Coordinator,Coordinator,Power Plug 2,Socket,Unknown,Unknown,,,2023-10-29 17:58:20.561479,5,0x0000,0xa706,13.0,,,0.001822
Power Plug 2,Socket,Coordinator,Coordinator,Unknown,Unknown,,,2023-10-29 17:58:20.574859,95,0xa706,0x0000,14.0,,,0.01338
Coordinator,Coordinator,Power Plug 2,Socket,Unknown,Unknown,,,2023-10-29 17:58:20.578282,5,0x0000,0xa706,14.0,,,0.003423
Coordinator,Coordinator,Broadcast,Broadcast,Coordinator,Coordinator,Broadcast,Broadcast,2023-10-29 17:58:20.583999,59,0x0000,0xffff,153.0,0x0000,0xfffc,0.005717
Power Plug 2,Socket,Broadcast,Broadcast,Unknown,Unknown,,,2023-10-29 17:58:20.622027,59,0xa706,0xffff,15.0,,,0.038028
Coordinator,Coordinator,Power Plug 2,Socket,Unknown,Unknown,,,2023-10-29 17:58:20.629342,50,0x0000,0xa706,154.0,,,0.007315
Power Plug 2,Socket,Coordinator,Coordinator,Unknown,Unknown,,,2023-10-29 17:58:20.631295,5,0xa706,0x0000,154.0,,,0.001953
Power Plug 2,Socket,Coordinator,Coordinator,Power Plug 2,Socket,Coordinator,Coordinator,2023-10-29 17:58:20.636489,45,0xa706,0x0000,16.0,0xa706,0x0000,0.005194
Coordinator,Coordinator,Power Plug 2,Socket,Unknown,Unknown,,,2023-10-29 17:58:20.638312,5,0x0000,0xa706,16.0,,,0.001823
Coordinator,Coordinator,Broadcast,Broadcast,Unknown,Unknown,,,2023-10-29 17:58:20.872096,59,0x0000,0xffff,155.0,,,0.233784
Power Plug 2,Socket,Broadcast,Broadcast,Coordinator,Coordinator,Broadcast,Broadcast,2023-10-29 17:58:20.876037,59,0xa706,0xffff,17.0,0x0000,0xfffc,0.003941
Coordinator,Coordinator,Broadcast,Broadcast,Unknown,Unknown,,,2023-10-29 17:58:21.146306,59,0x0000,0xffff,156.0,,,0.270269
Power Plug 2,Socket,Coordinator,Coordinator,Unknown,Unknown,,,2023-10-29 17:58:27.381676,60,0xa706,0x0000,18.0,,,6.23537
Coordinator,Coordinator,Power Plug 2,Socket,Unknown,Unknown,,,2023-10-29 17:58:27.383978,5,0x0000,0xa706,18.0,,,0.002302
Coordinator,Coordinator,Power Plug 2,Socket,Unknown,Unknown,,,2023-10-29 17:58:27.425739,50,0x0000,0xa706,157.0,,,0.041761
Power Plug 2,Socket,Coordinator,Coordinator,Unknown,Unknown,,,2023-10-29 17:58:27.427692,5,0xa706,0x0000,157.0,,,0.001953
Power Plug 2,Socket,Coordinator,Coordinator,Power Plug 2,Socket,Coordinator,Coordinator,2023-10-29 17:58:27.432716,45,0xa706,0x0000,19.0,0xa706,0x0000,0.005024
Coordinator,Coordinator,Power Plug 2,Socket,Unknown,Unknown,,,2023-10-29 17:58:27.434539,5,0x0000,0xa706,19.0,,,0.001823
Power Plug 2,Socket,Broadcast,Broadcast,Unknown,Unknown,,,2023-10-29 17:58:29.638165,50,0xa706,0xffff,20.0,,,2.203626
Coordinator,Coordinator,Broadcast,Broadcast,Unknown,Unknown,,,2023-10-29 17:58:31.134351,50,0x0000,0xffff,158.0,,,1.496186
Power Plug 2,Socket,Broadcast,Broadcast,Power Plug 2,Socket,Broadcast,Broadcast,2023-10-29 17:58:44.655077,50,0xa706,0xffff,21.0,0xa706,0xfffc,13.520726
Coordinator,Coordinator,Broadcast,Broadcast,Coordinator,Coordinator,Broadcast,Broadcast,2023-10-29 17:58:48.417758,50,0x0000,0xffff,159.0,0x0000,0xfffc,3.762681
Coordinator,Coordinator,Broadcast,Broadcast,Coordinator,Coordinator,Broadcast,Broadcast,2023-10-29 17:58:50.308912,59,0x0000,0xffff,160.0,0x0000,0xfffc,1.891154
Coordinator,Coordinator,Power Plug 2,Socket,Coordinator,Coordinator,Power Plug 2,Socket,2023-10-29 17:58:50.318636,52,0x0000,0xa706,161.0,0x0000,0xa706,0.009724
Power Plug 2,Socket,Coordinator,Coordinator,Unknown,Unknown,,,2023-10-29 17:58:50.320654,5,0xa706,0x0000,161.0,,,0.002018
Power Plug 2,Socket,Coordinator,Coordinator,Unknown,Unknown,,,2023-10-29 17:58:50.328103,63,0xa706,0x0000,22.0,,,0.007449
Power Plug 2,Socket,Coordinator,Coordinator,Unknown,Unknown,,,2023-10-29 17:58:50.333386,63,0xa706,0x0000,22.0,,,0.005283
Power Plug 2,Socket,Coordinator,Coordinator,Unknown,Unknown,,,2023-10-29 17:58:50.338507,63,0xa706,0x0000,22.0,,,0.005121
Coordinator,Coordinator,Power Plug 2,Socket,Unknown,Unknown,,,2023-10-29 17:58:50.340906,5,0x0000,0xa706,22.0,,,0.002399
Coordinator,Coordinator,Power Plug 2,Socket,Unknown,Unknown,,,2023-10-29 17:58:50.362024,45,0x0000,0xa706,162.0,,,0.021118
Power Plug 2,Socket,Coordinator,Coordinator,Unknown,Unknown,,,2023-10-29 17:58:50.363818,5,0xa706,0x0000,162.0,,,0.001794
Coordinator,Coordinator,Power Plug 2,Socket,Unknown,Unknown,,,2023-10-29 17:58:50.369688,54,0x0000,0xa706,163.0,,,0.00587
Power Plug 2,Socket,Coordinator,Coordinator,Unknown,Unknown,,,2023-10-29 17:58:50.371768,5,0xa706,0x0000,163.0,,,0.00208
Coordinator,Coordinator,Power Plug 2,Socket,Unknown,Unknown,,,2023-10-29 17:58:50.372798,54,0x0000,0xa706,163.0,,,0.00103
Power Plug 2,Socket,Coordinator,Coordinator,Unknown,Unknown,,,2023-10-29 17:58:50.374869,5,0xa706,0x0000,163.0,,,0.002071
Power Plug 2,Socket,Coordinator,Coordinator,Power Plug 2,Socket,Coordinator,Coordinator,2023-10-29 17:58:50.382775,66,0xa706,0x0000,23.0,0xa706,0x0000,0.007906
Coordinator,Coordinator,Power Plug 2,Socket,Unknown,Unknown,,,2023-10-29 17:58:50.385269,5,0x0000,0xa706,23.0,,,0.002494
Coordinator,Coordinator,Power Plug 2,Socket,Coordinator,Coordinator,Power Plug 2,Socket,2023-10-29 17:58:50.402449,45,0x0000,0xa706,164.0,0x0000,0xa706,0.01718
Power Plug 2,Socket,Coordinator,Coordinator,Unknown,Unknown,,,2023-10-29 17:58:50.404241,5,0xa706,0x0000,164.0,,,0.001792
Power Plug 2,Socket,Broadcast,Broadcast,Coordinator,Coordinator,Broadcast,Broadcast,2023-10-29 17:58:50.520800,59,0xa706,0xffff,24.0,0x0000,0xfffc,0.116559
Coordinator,Coordinator,Broadcast,Broadcast,Coordinator,Coordinator,Broadcast,Broadcast,2023-10-29 17:58:50.664064,59,0x0000,0xffff,165.0,0x0000,0xfffc,0.143264
Power Plug 2,Socket,Broadcast,Broadcast,Unknown,Unknown,,,2023-10-29 17:58:50.774849,59,0xa706,0xffff,25.0,,,0.110785
Coordinator,Coordinator,Broadcast,Broadcast,Unknown,Unknown,,,2023-10-29 17:58:51.027538,59,0x0000,0xffff,166.0,,,0.252689
Coordinator,Coordinator,Broadcast,Broadcast,Unknown,Unknown,,,2023-10-29 17:58:51.409628,59,0x0000,0xffff,167.0,,,0.38209
Power Plug 2,Socket,Broadcast,Broadcast,Power Plug 2,Socket,Broadcast,Broadcast,2023-10-29 17:58:59.604799,50,0xa706,0xffff,27.0,0xa706,0xfffc,8.195171
Coordinator,Coordinator,Broadcast,Broadcast,Coordinator,Coordinator,Broadcast,Broadcast,2023-10-29 17:59:04.418584,50,0x0000,0xffff,168.0,0x0000,0xfffc,4.813785
Coordinator,Coordinator,Philips Lamp 1,Bulb,Unknown,Unknown,,,2023-10-29 17:59:13.072252,50,0x0000,0x1cd8,169.0,,,8.653668
Coordinator,Coordinator,Philips Lamp 1,Bulb,Unknown,Unknown,,,2023-10-29 17:59:13.075918,50,0x0000,0x1cd8,169.0,,,0.003666
Coordinator,Coordinator,Philips Lamp 1,Bulb,Unknown,Unknown,,,2023-10-29 17:59:13.080525,50,0x0000,0x1cd8,169.0,,,0.004607
Coordinator,Coordinator,Philips Lamp 1,Bulb,Unknown,Unknown,,,2023-10-29 17:59:13.085273,50,0x0000,0x1cd8,169.0,,,0.004748
Coordinator,Coordinator,Philips Lamp 1,Bulb,Unknown,Unknown,,,2023-10-29 17:59:13.112319,50,0x0000,0x1cd8,170.0,,,0.027046
Coordinator,Coordinator,Philips Lamp 1,Bulb,Unknown,Unknown,,,2023-10-29 17:59:13.117845,50,0x0000,0x1cd8,170.0,,,0.005526
Coordinator,Coordinator,Philips Lamp 1,Bulb,Unknown,Unknown,,,2023-10-29 17:59:13.122233,50,0x0000,0x1cd8,170.0,,,0.004388
Coordinator,Coordinator,Philips Lamp 1,Bulb,Unknown,Unknown,,,2023-10-29 17:59:13.125546,50,0x0000,0x1cd8,170.0,,,0.003313
Coordinator,Coordinator,Philips Lamp 1,Bulb,Unknown,Unknown,,,2023-10-29 17:59:13.148634,50,0x0000,0x1cd8,171.0,,,0.023088
Coordinator,Coordinator,Philips Lamp 1,Bulb,Unknown,Unknown,,,2023-10-29 17:59:13.151870,50,0x0000,0x1cd8,171.0,,,0.003236
Coordinator,Coordinator,Philips Lamp 1,Bulb,Unknown,Unknown,,,2023-10-29 17:59:13.155837,50,0x0000,0x1cd8,171.0,,,0.003967
Coordinator,Coordinator,Philips Lamp 1,Bulb,Unknown,Unknown,,,2023-10-29 17:59:13.159790,50,0x0000,0x1cd8,171.0,,,0.003953
Coordinator,Coordinator,Philips Lamp 1,Bulb,Unknown,Unknown,,,2023-10-29 17:59:13.184909,50,0x0000,0x1cd8,172.0,,,0.025119
Coordinator,Coordinator,Philips Lamp 1,Bulb,Unknown,Unknown,,,2023-10-29 17:59:13.193420,50,0x0000,0x1cd8,172.0,,,0.008511
Coordinator,Coordinator,Philips Lamp 1,Bulb,Unknown,Unknown,,,2023-10-29 17:59:13.198405,50,0x0000,0x1cd8,172.0,,,0.004985
Coordinator,Coordinator,Philips Lamp 1,Bulb,Unknown,Unknown,,,2023-10-29 17:59:13.203304,50,0x0000,0x1cd8,172.0,,,0.004899
Coordinator,Coordinator,Philips Lamp 1,Bulb,Coordinator,Coordinator,Philips Lamp 1,Bulb,2023-10-29 17:59:13.240029,50,0x0000,0x1cd8,173.0,0x0000,0x1cd8,0.036725
Coordinator,Coordinator,Philips Lamp 1,Bulb,Coordinator,Coordinator,Philips Lamp 1,Bulb,2023-10-29 17:59:13.258182,50,0x0000,0x1cd8,173.0,0x0000,0x1cd8,0.018153
Coordinator,Coordinator,Philips Lamp 1,Bulb,Coordinator,Coordinator,Philips Lamp 1,Bulb,2023-10-29 17:59:13.261529,50,0x0000,0x1cd8,173.0,0x0000,0x1cd8,0.003347
Coordinator,Coordinator,Philips Lamp 1,Bulb,Coordinator,Coordinator,Philips Lamp 1,Bulb,2023-10-29 17:59:13.266722,50,0x0000,0x1cd8,173.0,0x0000,0x1cd8,0.005193
Coordinator,Coordinator,Philips Lamp 1,Bulb,Unknown,Unknown,,,2023-10-29 17:59:13.309979,50,0x0000,0x1cd8,174.0,,,0.043257
Coordinator,Coordinator,Philips Lamp 1,Bulb,Unknown,Unknown,,,2023-10-29 17:59:13.314176,50,0x0000,0x1cd8,174.0,,,0.004197
Coordinator,Coordinator,Philips Lamp 1,Bulb,Unknown,Unknown,,,2023-10-29 17:59:13.317553,50,0x0000,0x1cd8,174.0,,,0.003377
Coordinator,Coordinator,Philips Lamp 1,Bulb,Unknown,Unknown,,,2023-10-29 17:59:13.321777,50,0x0000,0x1cd8,174.0,,,0.004224
Coordinator,Coordinator,Philips Lamp 1,Bulb,Unknown,Unknown,,,2023-10-29 17:59:13.372658,50,0x0000,0x1cd8,175.0,,,0.050881
Coordinator,Coordinator,Philips Lamp 1,Bulb,Unknown,Unknown,,,2023-10-29 17:59:13.376212,50,0x0000,0x1cd8,175.0,,,0.003554
Coordinator,Coordinator,Philips Lamp 1,Bulb,Unknown,Unknown,,,2023-10-29 17:59:13.381395,50,0x0000,0x1cd8,175.0,,,0.005183
Coordinator,Coordinator,Philips Lamp 1,Bulb,Unknown,Unknown,,,2023-10-29 17:59:13.385463,50,0x0000,0x1cd8,175.0,,,0.004068
Coordinator,Coordinator,Philips Lamp 1,Bulb,Unknown,Unknown,,,2023-10-29 17:59:13.420690,50,0x0000,0x1cd8,176.0,,,0.035227
Coordinator,Coordinator,Philips Lamp 1,Bulb,Unknown,Unknown,,,2023-10-29 17:59:13.424347,50,0x0000,0x1cd8,176.0,,,0.003657
Coordinator,Coordinator,Philips Lamp 1,Bulb,Unknown,Unknown,,,2023-10-29 17:59:13.431948,50,0x0000,0x1cd8,176.0,,,0.007601
Coordinator,Coordinator,Philips Lamp 1,Bulb,Coordinator,Coordinator,Philips Lamp 1,Bulb,2023-10-29 17:59:13.475788,50,0x0000,0x1cd8,177.0,0x0000,0x1cd8,0.04384
Coordinator,Coordinator,Philips Lamp 1,Bulb,Coordinator,Coordinator,Philips Lamp 1,Bulb,2023-10-29 17:59:13.479445,50,0x0000,0x1cd8,177.0,0x0000,0x1cd8,0.003657
Coordinator,Coordinator,Philips Lamp 1,Bulb,Coordinator,Coordinator,Philips Lamp 1,Bulb,2023-10-29 17:59:13.482606,50,0x0000,0x1cd8,177.0,0x0000,0x1cd8,0.003161
Coordinator,Coordinator,Philips Lamp 1,Bulb,Coordinator,Coordinator,Philips Lamp 1,Bulb,2023-10-29 17:59:13.488110,50,0x0000,0x1cd8,177.0,0x0000,0x1cd8,0.005504
Coordinator,Coordinator,Philips Lamp 1,Bulb,Coordinator,Coordinator,Philips Lamp 1,Bulb,2023-10-29 17:59:13.520878,50,0x0000,0x1cd8,178.0,0x0000,0x1cd8,0.032768
Coordinator,Coordinator,Philips Lamp 1,Bulb,Coordinator,Coordinator,Philips Lamp 1,Bulb,2023-10-29 17:59:13.526136,50,0x0000,0x1cd8,178.0,0x0000,0x1cd8,0.005258
Coordinator,Coordinator,Philips Lamp 1,Bulb,Coordinator,Coordinator,Philips Lamp 1,Bulb,2023-10-29 17:59:13.531484,50,0x0000,0x1cd8,178.0,0x0000,0x1cd8,0.005348
Coordinator,Coordinator,Philips Lamp 1,Bulb,Coordinator,Coordinator,Philips Lamp 1,Bulb,2023-10-29 17:59:13.534849,50,0x0000,0x1cd8,178.0,0x0000,0x1cd8,0.003365
Coordinator,Coordinator,Philips Lamp 1,Bulb,Unknown,Unknown,,,2023-10-29 17:59:13.575700,50,0x0000,0x1cd8,179.0,,,0.040851
Coordinator,Coordinator,Philips Lamp 1,Bulb,Unknown,Unknown,,,2023-10-29 17:59:13.578667,50,0x0000,0x1cd8,179.0,,,0.002967
Coordinator,Coordinator,Philips Lamp 1,Bulb,Unknown,Unknown,,,2023-10-29 17:59:13.584171,50,0x0000,0x1cd8,179.0,,,0.005504
Coordinator,Coordinator,Philips Lamp 1,Bulb,Unknown,Unknown,,,2023-10-29 17:59:13.588559,50,0x0000,0x1cd8,179.0,,,0.004388
Coordinator,Coordinator,Philips Lamp 1,Bulb,Unknown,Unknown,,,2023-10-29 17:59:13.618702,50,0x0000,0x1cd8,180.0,,,0.030143
Coordinator,Coordinator,Philips Lamp 1,Bulb,Unknown,Unknown,,,2023-10-29 17:59:13.623639,50,0x0000,0x1cd8,180.0,,,0.004937
Coordinator,Coordinator,Philips Lamp 1,Bulb,Unknown,Unknown,,,2023-10-29 17:59:13.627963,50,0x0000,0x1cd8,180.0,,,0.004324
Coordinator,Coordinator,Philips Lamp 1,Bulb,Unknown,Unknown,,,2023-10-29 17:59:13.632301,50,0x0000,0x1cd8,180.0,,,0.004338
Power Plug 2,Socket,Broadcast,Broadcast,Power Plug 2,Socket,Broadcast,Broadcast,2023-10-29 17:59:14.687858,50,0xa706,0xffff,28.0,0xa706,0xfffc,1.055557
Coordinator,Coordinator,Broadcast,Broadcast,Unknown,Unknown,,,2023-10-29 17:59:20.320941,59,0x0000,0xffff,181.0,,,5.633083
Coordinator,Coordinator,Power Plug 2,Socket,Coordinator,Coordinator,Power Plug 2,Socket,2023-10-29 17:59:20.334366,52,0x0000,0xa706,182.0,0x0000,0xa706,0.013425
Power Plug 2,Socket,Coordinator,Coordinator,Unknown,Unknown,,,2023-10-29 17:59:20.336371,5,0xa706,0x0000,182.0,,,0.002005
Power Plug 2,Socket,Coordinator,Coordinator,Power Plug 2,Socket,Coordinator,Coordinator,2023-10-29 17:59:20.344062,63,0xa706,0x0000,29.0,0xa706,0x0000,0.007691
Coordinator,Coordinator,Power Plug 2,Socket,Unknown,Unknown,,,2023-10-29 17:59:20.346461,5,0x0000,0xa706,29.0,,,0.002399
Coordinator,Coordinator,Power Plug 2,Socket,Coordinator,Coordinator,Power Plug 2,Socket,2023-10-29 17:59:20.366011,54,0x0000,0xa706,183.0,0x0000,0xa706,0.01955
Power Plug 2,Socket,Coordinator,Coordinator,Unknown,Unknown,,,2023-10-29 17:59:20.368092,5,0xa706,0x0000,183.0,,,0.002081
Power Plug 2,Socket,Coordinator,Coordinator,Power Plug 2,Socket,Coordinator,Coordinator,2023-10-29 17:59:20.375670,66,0xa706,0x0000,30.0,0xa706,0x0000,0.007578
Coordinator,Coordinator,Power Plug 2,Socket,Unknown,Unknown,,,2023-10-29 17:59:20.378165,5,0x0000,0xa706,30.0,,,0.002495
Coordinator,Coordinator,Power Plug 2,Socket,Coordinator,Coordinator,Power Plug 2,Socket,2023-10-29 17:59:20.383105,45,0x0000,0xa706,184.0,0x0000,0xa706,0.00494
Power Plug 2,Socket,Coordinator,Coordinator,Unknown,Unknown,,,2023-10-29 17:59:20.384898,5,0xa706,0x0000,184.0,,,0.001793
Coordinator,Coordinator,Power Plug 2,Socket,Unknown,Unknown,,,2023-10-29 17:59:20.394877,45,0x0000,0xa706,185.0,,,0.009979
Power Plug 2,Socket,Coordinator,Coordinator,Unknown,Unknown,,,2023-10-29 17:59:20.396669,5,0xa706,0x0000,185.0,,,0.001792
Power Plug 2,Socket,Broadcast,Broadcast,Unknown,Unknown,,,2023-10-29 17:59:20.424680,59,0xa706,0xffff,31.0,,,0.028011
Coordinator,Coordinator,Broadcast,Broadcast,Unknown,Unknown,,,2023-10-29 17:59:20.616766,59,0x0000,0xffff,186.0,,,0.192086
Power Plug 2,Socket,Broadcast,Broadcast,Unknown,Unknown,,,2023-10-29 17:59:20.678706,59,0xa706,0xffff,32.0,,,0.06194
Power Plug 2,Socket,Broadcast,Broadcast,Unknown,Unknown,,,2023-10-29 17:59:20.932736,59,0xa706,0xffff,33.0,,,0.25403
Coordinator,Coordinator,Broadcast,Broadcast,Unknown,Unknown,,,2023-10-29 17:59:20.969187,59,0x0000,0xffff,187.0,,,0.036451
Coordinator,Coordinator,Broadcast,Broadcast,Coordinator,Coordinator,Broadcast,Broadcast,2023-10-29 17:59:21.119902,50,0x0000,0xffff,188.0,0x0000,0xfffc,0.150715
Coordinator,Coordinator,Broadcast,Broadcast,Coordinator,Coordinator,Broadcast,Broadcast,2023-10-29 17:59:21.288516,59,0x0000,0xffff,189.0,0x0000,0xfffc,0.168614
Power Plug 2,Socket,Coordinator,Coordinator,Unknown,Unknown,,,2023-10-29 17:59:21.734079,63,0xa706,0x0000,34.0,,,0.445563
Coordinator,Coordinator,Power Plug 2,Socket,Unknown,Unknown,,,2023-10-29 17:59:21.736478,5,0x0000,0xa706,34.0,,,0.002399
Coordinator,Coordinator,Power Plug 2,Socket,Unknown,Unknown,,,2023-10-29 17:59:21.783563,50,0x0000,0xa706,190.0,,,0.047085
Power Plug 2,Socket,Coordinator,Coordinator,Unknown,Unknown,,,2023-10-29 17:59:21.785505,5,0xa706,0x0000,190.0,,,0.001942
Power Plug 2,Socket,Coordinator,Coordinator,Power Plug 2,Socket,Coordinator,Coordinator,2023-10-29 17:59:21.790565,45,0xa706,0x0000,35.0,0xa706,0x0000,0.00506
Coordinator,Coordinator,Power Plug 2,Socket,Unknown,Unknown,,,2023-10-29 17:59:21.792388,5,0x0000,0xa706,35.0,,,0.001823
Power Plug 2,Socket,Coordinator,Coordinator,Power Plug 2,Socket,Coordinator,Coordinator,2023-10-29 17:59:21.805725,57,0xa706,0x0000,36.0,0xa706,0x0000,0.013337
Coordinator,Coordinator,Power Plug 2,Socket,Unknown,Unknown,,,2023-10-29 17:59:21.807932,5,0x0000,0xa706,36.0,,,0.002207
Coordinator,Coordinator,Power Plug 2,Socket,Coordinator,Coordinator,Power Plug 2,Socket,2023-10-29 17:59:21.847748,50,0x0000,0xa706,191.0,0x0000,0xa706,0.039816
Power Plug 2,Socket,Coordinator,Coordinator,Unknown,Unknown,,,2023-10-29 17:59:21.849699,5,0xa706,0x0000,191.0,,,0.001951
Power Plug 2,Socket,Coordinator,Coordinator,Power Plug 2,Socket,Coordinator,Coordinator,2023-10-29 17:59:21.854658,45,0xa706,0x0000,37.0,0xa706,0x0000,0.004959
Coordinator,Coordinator,Power Plug 2,Socket,Unknown,Unknown,,,2023-10-29 17:59:21.856481,5,0x0000,0xa706,37.0,,,0.001823
Power Plug 2,Socket,Broadcast,Broadcast,Power Plug 2,Socket,Broadcast,Broadcast,2023-10-29 17:59:29.624596,50,0xa706,0xffff,38.0,0xa706,0xfffc,7.768115
Coordinator,Coordinator,Broadcast,Broadcast,Coordinator,Coordinator,Broadcast,Broadcast,2023-10-29 17:59:38.668257,50,0x0000,0xffff,192.0,0x0000,0xfffc,9.043661
Power Plug 2,Socket,Broadcast,Broadcast,Unknown,Unknown,,,2023-10-29 17:59:44.651228,50,0xa706,0xffff,39.0,,,5.982971
Coordinator,Coordinator,Broadcast,Broadcast,Unknown,Unknown,,,2023-10-29 17:59:50.320804,59,0x0000,0xffff,193.0,,,5.669576
Coordinator,Coordinator,Power Plug 2,Socket,Unknown,Unknown,,,2023-10-29 17:59:50.328315,52,0x0000,0xa706,194.0,,,0.007511
Power Plug 2,Socket,Coordinator,Coordinator,Unknown,Unknown,,,2023-10-29 17:59:50.330332,5,0xa706,0x0000,194.0,,,0.002017
Power Plug 2,Socket,Coordinator,Coordinator,Power Plug 2,Socket,Coordinator,Coordinator,2023-10-29 17:59:50.338025,63,0xa706,0x0000,40.0,0xa706,0x0000,0.007693
Coordinator,Coordinator,Power Plug 2,Socket,Unknown,Unknown,,,2023-10-29 17:59:50.340424,5,0x0000,0xa706,40.0,,,0.002399
Coordinator,Coordinator,Power Plug 2,Socket,Coordinator,Coordinator,Power Plug 2,Socket,2023-10-29 17:59:50.362446,45,0x0000,0xa706,195.0,0x0000,0xa706,0.022022
Power Plug 2,Socket,Coordinator,Coordinator,Unknown,Unknown,,,2023-10-29 17:59:50.364240,5,0xa706,0x0000,195.0,,,0.001794
Coordinator,Coordinator,Power Plug 2,Socket,Unknown,Unknown,,,2023-10-29 17:59:50.371126,54,0x0000,0xa706,196.0,,,0.006886
Power Plug 2,Socket,Coordinator,Coordinator,Unknown,Unknown,,,2023-10-29 17:59:50.373207,5,0xa706,0x0000,196.0,,,0.002081
Power Plug 2,Socket,Coordinator,Coordinator,Power Plug 2,Socket,Coordinator,Coordinator,2023-10-29 17:59:50.380883,66,0xa706,0x0000,41.0,0xa706,0x0000,0.007676
Coordinator,Coordinator,Power Plug 2,Socket,Unknown,Unknown,,,2023-10-29 17:59:50.383378,5,0x0000,0xa706,41.0,,,0.002495
Power Plug 2,Socket,Broadcast,Broadcast,Coordinator,Coordinator,Broadcast,Broadcast,2023-10-29 17:59:50.390962,59,0xa706,0xffff,42.0,0x0000,0xfffc,0.007584
Coordinator,Coordinator,Power Plug 2,Socket,Unknown,Unknown,,,2023-10-29 17:59:50.401076,45,0x0000,0xa706,197.0,,,0.010114
Power Plug 2,Socket,Coordinator,Coordinator,Unknown,Unknown,,,2023-10-29 17:59:50.402857,5,0xa706,0x0000,197.0,,,0.001781
Power Plug 2,Socket,Broadcast,Broadcast,Coordinator,Coordinator,Broadcast,Broadcast,2023-10-29 17:59:50.645222,59,0xa706,0xffff,43.0,0x0000,0xfffc,0.242365
Coordinator,Coordinator,Broadcast,Broadcast,Unknown,Unknown,,,2023-10-29 17:59:50.664687,59,0x0000,0xffff,198.0,,,0.019465
Power Plug 2,Socket,Broadcast,Broadcast,Unknown,Unknown,,,2023-10-29 17:59:50.899252,59,0xa706,0xffff,44.0,,,0.234565
Coordinator,Coordinator,Broadcast,Broadcast,Unknown,Unknown,,,2023-10-29 17:59:50.956081,59,0x0000,0xffff,199.0,,,0.056829
Coordinator,Coordinator,Broadcast,Broadcast,Unknown,Unknown,,,2023-10-29 17:59:51.307885,59,0x0000,0xffff,200.0,,,0.351804
Coordinator,Coordinator,Broadcast,Broadcast,Coordinator,Coordinator,Broadcast,Broadcast,2023-10-29 17:59:54.499283,50,0x0000,0xffff,201.0,0x0000,0xfffc,3.191398
Power Plug 2,Socket,Broadcast,Broadcast,Unknown,Unknown,,,2023-10-29 17:59:59.668421,50,0xa706,0xffff,45.0,,,5.169138
Coordinator,Coordinator,Broadcast,Broadcast,Coordinator,Coordinator,Broadcast,Broadcast,2023-10-29 18:00:10.597501,50,0x0000,0xffff,202.0,0x0000,0xfffc,10.92908
Coordinator,Coordinator,Broadcast,Broadcast,Coordinator,Coordinator,Broadcast,Broadcast,2023-10-29 18:00:20.314438,59,0x0000,0xffff,203.0,0x0000,0xfffc,9.716937
Coordinator,Coordinator,Power Plug 2,Socket,Unknown,Unknown,,,2023-10-29 18:00:20.327793,52,0x0000,0xa706,204.0,,,0.013355
Coordinator,Coordinator,Power Plug 2,Socket,Unknown,Unknown,,,2023-10-29 18:00:20.332943,52,0x0000,0xa706,204.0,,,0.00515
Coordinator,Coordinator,Power Plug 2,Socket,Unknown,Unknown,,,2023-10-29 18:00:20.339033,52,0x0000,0xa706,204.0,,,0.00609
Coordinator,Coordinator,Power Plug 2,Socket,Unknown,Unknown,,,2023-10-29 18:00:20.344494,52,0x0000,0xa706,204.0,,,0.005461
Coordinator,Coordinator,Power Plug 2,Socket,Unknown,Unknown,,,2023-10-29 18:00:20.358615,54,0x0000,0xa706,205.0,,,0.014121
Coordinator,Coordinator,Power Plug 2,Socket,Unknown,Unknown,,,2023-10-29 18:00:20.363228,54,0x0000,0xa706,205.0,,,0.004613
Coordinator,Coordinator,Power Plug 2,Socket,Unknown,Unknown,,,2023-10-29 18:00:20.367490,54,0x0000,0xa706,205.0,,,0.004262
Coordinator,Coordinator,Power Plug 2,Socket,Unknown,Unknown,,,2023-10-29 18:00:20.372445,54,0x0000,0xa706,205.0,,,0.004955
Coordinator,Coordinator,Power Plug 2,Socket,Coordinator,Coordinator,Power Plug 2,Socket,2023-10-29 18:00:20.398855,52,0x0000,0xa706,206.0,0x0000,0xa706,0.02641
Coordinator,Coordinator,Power Plug 2,Socket,Coordinator,Coordinator,Power Plug 2,Socket,2023-10-29 18:00:20.404569,52,0x0000,0xa706,206.0,0x0000,0xa706,0.005714
Coordinator,Coordinator,Power Plug 2,Socket,Coordinator,Coordinator,Power Plug 2,Socket,2023-10-29 18:00:20.409678,52,0x0000,0xa706,206.0,0x0000,0xa706,0.005109
Coordinator,Coordinator,Power Plug 2,Socket,Coordinator,Coordinator,Power Plug 2,Socket,2023-10-29 18:00:20.413960,52,0x0000,0xa706,206.0,0x0000,0xa706,0.004282
Coordinator,Coordinator,Power Plug 2,Socket,Coordinator,Coordinator,Power Plug 2,Socket,2023-10-29 18:00:20.433445,54,0x0000,0xa706,207.0,0x0000,0xa706,0.019485
Coordinator,Coordinator,Power Plug 2,Socket,Coordinator,Coordinator,Power Plug 2,Socket,2023-10-29 18:00:20.437366,54,0x0000,0xa706,207.0,0x0000,0xa706,0.003921
Coordinator,Coordinator,Power Plug 2,Socket,Coordinator,Coordinator,Power Plug 2,Socket,2023-10-29 18:00:20.441673,54,0x0000,0xa706,207.0,0x0000,0xa706,0.004307
Coordinator,Coordinator,Power Plug 2,Socket,Coordinator,Coordinator,Power Plug 2,Socket,2023-10-29 18:00:20.445679,54,0x0000,0xa706,207.0,0x0000,0xa706,0.004006
Coordinator,Coordinator,Power Plug 2,Socket,Coordinator,Coordinator,Power Plug 2,Socket,2023-10-29 18:00:20.459199,52,0x0000,0xa706,208.0,0x0000,0xa706,0.01352
Coordinator,Coordinator,Power Plug 2,Socket,Coordinator,Coordinator,Power Plug 2,Socket,2023-10-29 18:00:20.462912,52,0x0000,0xa706,208.0,0x0000,0xa706,0.003713
Coordinator,Coordinator,Power Plug 2,Socket,Coordinator,Coordinator,Power Plug 2,Socket,2023-10-29 18:00:20.466260,52,0x0000,0xa706,208.0,0x0000,0xa706,0.003348
Coordinator,Coordinator,Power Plug 2,Socket,Unknown,Unknown,,,2023-10-29 18:00:20.469928,52,0x0000,0xa706,208.0,,,0.003668
Coordinator,Coordinator,Power Plug 2,Socket,Coordinator,Coordinator,Power Plug 2,Socket,2023-10-29 18:00:20.477090,54,0x0000,0xa706,209.0,0x0000,0xa706,0.007162
Coordinator,Coordinator,Power Plug 2,Socket,Coordinator,Coordinator,Power Plug 2,Socket,2023-10-29 18:00:20.481058,54,0x0000,0xa706,209.0,0x0000,0xa706,0.003968
Coordinator,Coordinator,Power Plug 2,Socket,Coordinator,Coordinator,Power Plug 2,Socket,2023-10-29 18:00:20.486014,54,0x0000,0xa706,209.0,0x0000,0xa706,0.004956
Coordinator,Coordinator,Power Plug 2,Socket,Coordinator,Coordinator,Power Plug 2,Socket,2023-10-29 18:00:20.490596,54,0x0000,0xa706,209.0,0x0000,0xa706,0.004582
Coordinator,Coordinator,Power Plug 2,Socket,Unknown,Unknown,,,2023-10-29 18:00:20.498038,52,0x0000,0xa706,210.0,,,0.007442
Coordinator,Coordinator,Power Plug 2,Socket,Unknown,Unknown,,,2023-10-29 18:00:20.501685,52,0x0000,0xa706,210.0,,,0.003647
Coordinator,Coordinator,Power Plug 2,Socket,Unknown,Unknown,,,2023-10-29 18:00:20.506964,52,0x0000,0xa706,210.0,,,0.005279
Coordinator,Coordinator,Power Plug 2,Socket,Unknown,Unknown,,,2023-10-29 18:00:20.511328,52,0x0000,0xa706,210.0,,,0.004364
Coordinator,Coordinator,Power Plug 2,Socket,Coordinator,Coordinator,Power Plug 2,Socket,2023-10-29 18:00:20.520092,54,0x0000,0xa706,211.0,0x0000,0xa706,0.008764
Coordinator,Coordinator,Power Plug 2,Socket,Coordinator,Coordinator,Power Plug 2,Socket,2023-10-29 18:00:20.524020,54,0x0000,0xa706,211.0,0x0000,0xa706,0.003928
Coordinator,Coordinator,Power Plug 2,Socket,Coordinator,Coordinator,Power Plug 2,Socket,2023-10-29 18:00:20.529615,54,0x0000,0xa706,211.0,0x0000,0xa706,0.005595
Coordinator,Coordinator,Power Plug 2,Socket,Coordinator,Coordinator,Power Plug 2,Socket,2023-10-29 18:00:20.533246,54,0x0000,0xa706,211.0,0x0000,0xa706,0.003631
Coordinator,Coordinator,Power Plug 2,Socket,Coordinator,Coordinator,Power Plug 2,Socket,2023-10-29 18:00:20.542976,52,0x0000,0xa706,212.0,0x0000,0xa706,0.00973
Coordinator,Coordinator,Power Plug 2,Socket,Coordinator,Coordinator,Power Plug 2,Socket,2023-10-29 18:00:20.546129,52,0x0000,0xa706,212.0,0x0000,0xa706,0.003153
Coordinator,Coordinator,Power Plug 2,Socket,Coordinator,Coordinator,Power Plug 2,Socket,2023-10-29 18:00:20.550502,52,0x0000,0xa706,212.0,0x0000,0xa706,0.004373
Coordinator,Coordinator,Power Plug 2,Socket,Coordinator,Coordinator,Power Plug 2,Socket,2023-10-29 18:00:20.553856,52,0x0000,0xa706,212.0,0x0000,0xa706,0.003354
Coordinator,Coordinator,Power Plug 2,Socket,Coordinator,Coordinator,Power Plug 2,Socket,2023-10-29 18:00:20.561753,54,0x0000,0xa706,213.0,0x0000,0xa706,0.007897
Coordinator,Coordinator,Power Plug 2,Socket,Coordinator,Coordinator,Power Plug 2,Socket,2023-10-29 18:00:20.565397,54,0x0000,0xa706,213.0,0x0000,0xa706,0.003644
Coordinator,Coordinator,Power Plug 2,Socket,Coordinator,Coordinator,Power Plug 2,Socket,2023-10-29 18:00:20.570407,54,0x0000,0xa706,213.0,0x0000,0xa706,0.00501
Coordinator,Coordinator,Power Plug 2,Socket,Coordinator,Coordinator,Power Plug 2,Socket,2023-10-29 18:00:20.575958,54,0x0000,0xa706,213.0,0x0000,0xa706,0.005551
Coordinator,Coordinator,Broadcast,Broadcast,Coordinator,Coordinator,Broadcast,Broadcast,2023-10-29 18:00:20.648454,59,0x0000,0xffff,214.0,0x0000,0xfffc,0.072496
Coordinator,Coordinator,Broadcast,Broadcast,Coordinator,Coordinator,Broadcast,Broadcast,2023-10-29 18:00:20.982196,59,0x0000,0xffff,215.0,0x0000,0xfffc,0.333742
Coordinator,Coordinator,Broadcast,Broadcast,Unknown,Unknown,,,2023-10-29 18:00:21.350934,59,0x0000,0xffff,216.0,,,0.368738
Coordinator,Coordinator,Broadcast,Broadcast,Unknown,Unknown,,,2023-10-29 18:00:26.370746,50,0x0000,0xffff,217.0,,,5.019812
Coordinator,Coordinator,Broadcast,Broadcast,Unknown,Unknown,,,2023-10-29 18:00:41.337020,50,0x0000,0xffff,218.0,,,14.966274
Coordinator,Coordinator,Broadcast,Broadcast,Coordinator,Coordinator,Broadcast,Broadcast,2023-10-29 18:00:50.316812,59,0x0000,0xffff,219.0,0x0000,0xfffc,8.979792
Coordinator,Coordinator,Power Plug 2,Socket,Coordinator,Coordinator,Power Plug 2,Socket,2023-10-29 18:00:50.329851,52,0x0000,0xa706,220.0,0x0000,0xa706,0.013039
Coordinator,Coordinator,Power Plug 2,Socket,Coordinator,Coordinator,Power Plug 2,Socket,2023-10-29 18:00:50.334420,52,0x0000,0xa706,220.0,0x0000,0xa706,0.004569
Coordinator,Coordinator,Power Plug 2,Socket,Coordinator,Coordinator,Power Plug 2,Socket,2023-10-29 18:00:50.341448,52,0x0000,0xa706,220.0,0x0000,0xa706,0.007028
Coordinator,Coordinator,Power Plug 2,Socket,Coordinator,Coordinator,Power Plug 2,Socket,2023-10-29 18:00:50.346799,52,0x0000,0xa706,220.0,0x0000,0xa706,0.005351
Coordinator,Coordinator,Power Plug 2,Socket,Coordinator,Coordinator,Power Plug 2,Socket,2023-10-29 18:00:50.360348,54,0x0000,0xa706,221.0,0x0000,0xa706,0.013549
Coordinator,Coordinator,Power Plug 2,Socket,Coordinator,Coordinator,Power Plug 2,Socket,2023-10-29 18:00:50.365271,54,0x0000,0xa706,221.0,0x0000,0xa706,0.004923
Coordinator,Coordinator,Power Plug 2,Socket,Coordinator,Coordinator,Power Plug 2,Socket,2023-10-29 18:00:50.369936,54,0x0000,0xa706,221.0,0x0000,0xa706,0.004665
Coordinator,Coordinator,Power Plug 2,Socket,Coordinator,Coordinator,Power Plug 2,Socket,2023-10-29 18:00:50.374518,54,0x0000,0xa706,221.0,0x0000,0xa706,0.004582
Coordinator,Coordinator,Power Plug 2,Socket,Coordinator,Coordinator,Power Plug 2,Socket,2023-10-29 18:00:50.384623,52,0x0000,0xa706,222.0,0x0000,0xa706,0.010105
Coordinator,Coordinator,Power Plug 2,Socket,Coordinator,Coordinator,Power Plug 2,Socket,2023-10-29 18:00:50.388288,52,0x0000,0xa706,222.0,0x0000,0xa706,0.003665
Coordinator,Coordinator,Power Plug 2,Socket,Coordinator,Coordinator,Power Plug 2,Socket,2023-10-29 18:00:50.392286,52,0x0000,0xa706,222.0,0x0000,0xa706,0.003998
Coordinator,Coordinator,Power Plug 2,Socket,Coordinator,Coordinator,Power Plug 2,Socket,2023-10-29 18:00:50.395644,52,0x0000,0xa706,222.0,0x0000,0xa706,0.003358
Coordinator,Coordinator,Power Plug 2,Socket,Coordinator,Coordinator,Power Plug 2,Socket,2023-10-29 18:00:50.423356,54,0x0000,0xa706,223.0,0x0000,0xa706,0.027712
Coordinator,Coordinator,Power Plug 2,Socket,Coordinator,Coordinator,Power Plug 2,Socket,2023-10-29 18:00:50.430071,54,0x0000,0xa706,223.0,0x0000,0xa706,0.006715
Coordinator,Coordinator,Power Plug 2,Socket,Coordinator,Coordinator,Power Plug 2,Socket,2023-10-29 18:00:50.434484,54,0x0000,0xa706,223.0,0x0000,0xa706,0.004413
Coordinator,Coordinator,Power Plug 2,Socket,Coordinator,Coordinator,Power Plug 2,Socket,2023-10-29 18:00:50.440172,54,0x0000,0xa706,223.0,0x0000,0xa706,0.005688
Coordinator,Coordinator,Power Plug 2,Socket,Coordinator,Coordinator,Power Plug 2,Socket,2023-10-29 18:00:50.449080,52,0x0000,0xa706,224.0,0x0000,0xa706,0.008908
Coordinator,Coordinator,Power Plug 2,Socket,Coordinator,Coordinator,Power Plug 2,Socket,2023-10-29 18:00:50.452041,52,0x0000,0xa706,224.0,0x0000,0xa706,0.002961
Coordinator,Coordinator,Power Plug 2,Socket,Coordinator,Coordinator,Power Plug 2,Socket,2023-10-29 18:00:50.456733,52,0x0000,0xa706,224.0,0x0000,0xa706,0.004692
Coordinator,Coordinator,Power Plug 2,Socket,Coordinator,Coordinator,Power Plug 2,Socket,2023-10-29 18:00:50.460036,52,0x0000,0xa706,224.0,0x0000,0xa706,0.003303
Coordinator,Coordinator,Power Plug 2,Socket,Unknown,Unknown,,,2023-10-29 18:00:50.469601,54,0x0000,0xa706,225.0,,,0.009565
Coordinator,Coordinator,Power Plug 2,Socket,Unknown,Unknown,,,2023-10-29 18:00:50.474220,54,0x0000,0xa706,225.0,,,0.004619
Coordinator,Coordinator,Power Plug 2,Socket,Unknown,Unknown,,,2023-10-29 18:00:50.478865,54,0x0000,0xa706,225.0,,,0.004645
Coordinator,Coordinator,Power Plug 2,Socket,Unknown,Unknown,,,2023-10-29 18:00:50.482315,54,0x0000,0xa706,225.0,,,0.00345
Coordinator,Coordinator,Power Plug 2,Socket,Coordinator,Coordinator,Power Plug 2,Socket,2023-10-29 18:00:50.491069,52,0x0000,0xa706,226.0,0x0000,0xa706,0.008754
Coordinator,Coordinator,Power Plug 2,Socket,Coordinator,Coordinator,Power Plug 2,Socket,2023-10-29 18:00:50.495188,52,0x0000,0xa706,226.0,0x0000,0xa706,0.004119
Coordinator,Coordinator,Power Plug 2,Socket,Coordinator,Coordinator,Power Plug 2,Socket,2023-10-29 18:00:50.499827,52,0x0000,0xa706,226.0,0x0000,0xa706,0.004639
Coordinator,Coordinator,Power Plug 2,Socket,Coordinator,Coordinator,Power Plug 2,Socket,2023-10-29 18:00:50.504089,52,0x0000,0xa706,226.0,0x0000,0xa706,0.004262
Coordinator,Coordinator,Power Plug 2,Socket,Coordinator,Coordinator,Power Plug 2,Socket,2023-10-29 18:00:50.516839,54,0x0000,0xa706,227.0,0x0000,0xa706,0.01275
Coordinator,Coordinator,Power Plug 2,Socket,Coordinator,Coordinator,Power Plug 2,Socket,2023-10-29 18:00:50.522728,54,0x0000,0xa706,227.0,0x0000,0xa706,0.005889
Coordinator,Coordinator,Power Plug 2,Socket,Coordinator,Coordinator,Power Plug 2,Socket,2023-10-29 18:00:50.528413,54,0x0000,0xa706,227.0,0x0000,0xa706,0.005685
Coordinator,Coordinator,Power Plug 2,Socket,Coordinator,Coordinator,Power Plug 2,Socket,2023-10-29 18:00:50.536202,54,0x0000,0xa706,227.0,0x0000,0xa706,0.007789
Coordinator,Coordinator,Power Plug 2,Socket,Unknown,Unknown,,,2023-10-29 18:00:50.550887,52,0x0000,0xa706,228.0,,,0.014685
Coordinator,Coordinator,Power Plug 2,Socket,Unknown,Unknown,,,2023-10-29 18:00:50.554235,52,0x0000,0xa706,228.0,,,0.003348
Coordinator,Coordinator,Power Plug 2,Socket,Unknown,Unknown,,,2023-10-29 18:00:50.557585,52,0x0000,0xa706,228.0,,,0.00335
Coordinator,Coordinator,Power Plug 2,Socket,Unknown,Unknown,,,2023-10-29 18:00:50.561574,52,0x0000,0xa706,228.0,,,0.003989
Coordinator,Coordinator,Power Plug 2,Socket,Unknown,Unknown,,,2023-10-29 18:00:50.570658,54,0x0000,0xa706,229.0,,,0.009084
Coordinator,Coordinator,Power Plug 2,Socket,Unknown,Unknown,,,2023-10-29 18:00:50.576186,54,0x0000,0xa706,229.0,,,0.005528
Coordinator,Coordinator,Power Plug 2,Socket,Unknown,Unknown,,,2023-10-29 18:00:50.579495,54,0x0000,0xa706,229.0,,,0.003309
Coordinator,Coordinator,Power Plug 2,Socket,Unknown,Unknown,,,2023-10-29 18:00:50.583486,54,0x0000,0xa706,229.0,,,0.003991
Coordinator,Coordinator,Broadcast,Broadcast,Coordinator,Coordinator,Broadcast,Broadcast,2023-10-29 18:00:50.650002,59,0x0000,0xffff,230.0,0x0000,0xfffc,0.066516
Coordinator,Coordinator,Broadcast,Broadcast,Coordinator,Coordinator,Broadcast,Broadcast,2023-10-29 18:00:50.988710,59,0x0000,0xffff,231.0,0x0000,0xfffc,0.338708
Coordinator,Coordinator,Broadcast,Broadcast,Coordinator,Coordinator,Broadcast,Broadcast,2023-10-29 18:00:51.329808,59,0x0000,0xffff,232.0,0x0000,0xfffc,0.341098
Unknown,Unknown,Unknown,Unknown,Unknown,Unknown,,,2023-10-29 18:00:55.658508,47,,,,,,4.3287
Coordinator,Coordinator,Ledvance Bulb,Bulb,Unknown,Unknown,,,2023-10-29 18:01:00.008621,54,0x0000,0xec7f,234.0,,,4.350113
Coordinator,Coordinator,Ledvance Bulb,Bulb,Unknown,Unknown,,,2023-10-29 18:01:00.013038,54,0x0000,0xec7f,234.0,,,0.004417
Coordinator,Coordinator,Ledvance Bulb,Bulb,Unknown,Unknown,,,2023-10-29 18:01:00.016991,54,0x0000,0xec7f,234.0,,,0.003953
Coordinator,Coordinator,Ledvance Bulb,Bulb,Unknown,Unknown,,,2023-10-29 18:01:00.020688,54,0x0000,0xec7f,234.0,,,0.003697
Coordinator,Coordinator,Ledvance Bulb,Bulb,Coordinator,Coordinator,Philips Lamp 3,Bulb,2023-10-29 18:01:00.060114,54,0x0000,0xec7f,235.0,0x0000,0x711c,0.039426
Coordinator,Coordinator,Ledvance Bulb,Bulb,Coordinator,Coordinator,Philips Lamp 3,Bulb,2023-10-29 18:01:00.064718,54,0x0000,0xec7f,235.0,0x0000,0x711c,0.004604
Coordinator,Coordinator,Ledvance Bulb,Bulb,Coordinator,Coordinator,Philips Lamp 3,Bulb,2023-10-29 18:01:00.069631,54,0x0000,0xec7f,235.0,0x0000,0x711c,0.004913
Coordinator,Coordinator,Ledvance Bulb,Bulb,Coordinator,Coordinator,Philips Lamp 3,Bulb,2023-10-29 18:01:00.074915,54,0x0000,0xec7f,235.0,0x0000,0x711c,0.005284
Coordinator,Coordinator,Ledvance Bulb,Bulb,Unknown,Unknown,,,2023-10-29 18:01:00.110327,54,0x0000,0xec7f,236.0,,,0.035412
Coordinator,Coordinator,Ledvance Bulb,Bulb,Unknown,Unknown,,,2023-10-29 18:01:00.114893,54,0x0000,0xec7f,236.0,,,0.004566
Coordinator,Coordinator,Ledvance Bulb,Bulb,Unknown,Unknown,,,2023-10-29 18:01:00.118526,54,0x0000,0xec7f,236.0,,,0.003633
Coordinator,Coordinator,Ledvance Bulb,Bulb,Unknown,Unknown,,,2023-10-29 18:01:00.123928,54,0x0000,0xec7f,236.0,,,0.005402
Coordinator,Coordinator,Ledvance Bulb,Bulb,Coordinator,Coordinator,Philips Lamp 3,Bulb,2023-10-29 18:01:00.165845,54,0x0000,0xec7f,237.0,0x0000,0x711c,0.041917
Coordinator,Coordinator,Ledvance Bulb,Bulb,Coordinator,Coordinator,Philips Lamp 3,Bulb,2023-10-29 18:01:00.171101,54,0x0000,0xec7f,237.0,0x0000,0x711c,0.005256
Coordinator,Coordinator,Ledvance Bulb,Bulb,Coordinator,Coordinator,Philips Lamp 3,Bulb,2023-10-29 18:01:00.174208,54,0x0000,0xec7f,237.0,0x0000,0x711c,0.003107
Coordinator,Coordinator,Ledvance Bulb,Bulb,Coordinator,Coordinator,Philips Lamp 3,Bulb,2023-10-29 18:01:00.178751,54,0x0000,0xec7f,237.0,0x0000,0x711c,0.004543
Coordinator,Coordinator,Ledvance Bulb,Bulb,Coordinator,Coordinator,Philips Lamp 3,Bulb,2023-10-29 18:01:00.212546,54,0x0000,0xec7f,238.0,0x0000,0x711c,0.033795
Coordinator,Coordinator,Ledvance Bulb,Bulb,Coordinator,Coordinator,Philips Lamp 3,Bulb,2023-10-29 18:01:00.218288,54,0x0000,0xec7f,238.0,0x0000,0x711c,0.005742
Coordinator,Coordinator,Ledvance Bulb,Bulb,Coordinator,Coordinator,Philips Lamp 3,Bulb,2023-10-29 18:01:00.222126,54,0x0000,0xec7f,238.0,0x0000,0x711c,0.003838
Coordinator,Coordinator,Ledvance Bulb,Bulb,Coordinator,Coordinator,Philips Lamp 3,Bulb,2023-10-29 18:01:00.226246,54,0x0000,0xec7f,238.0,0x0000,0x711c,0.00412
Coordinator,Coordinator,Ledvance Bulb,Bulb,Unknown,Unknown,,,2023-10-29 18:01:00.310292,54,0x0000,0xec7f,239.0,,,0.084046
Coordinator,Coordinator,Ledvance Bulb,Bulb,Unknown,Unknown,,,2023-10-29 18:01:00.313944,54,0x0000,0xec7f,239.0,,,0.003652
Coordinator,Coordinator,Ledvance Bulb,Bulb,Unknown,Unknown,,,2023-10-29 18:01:00.319024,54,0x0000,0xec7f,239.0,,,0.00508
Coordinator,Coordinator,Ledvance Bulb,Bulb,Unknown,Unknown,,,2023-10-29 18:01:00.324155,54,0x0000,0xec7f,239.0,,,0.005131
Coordinator,Coordinator,Ledvance Bulb,Bulb,Coordinator,Coordinator,Philips Lamp 3,Bulb,2023-10-29 18:01:00.375608,54,0x0000,0xec7f,240.0,0x0000,0x711c,0.051453
Coordinator,Coordinator,Ledvance Bulb,Bulb,Coordinator,Coordinator,Philips Lamp 3,Bulb,2023-10-29 18:01:00.380071,54,0x0000,0xec7f,240.0,0x0000,0x711c,0.004463
Coordinator,Coordinator,Ledvance Bulb,Bulb,Coordinator,Coordinator,Philips Lamp 3,Bulb,2023-10-29 18:01:00.383384,54,0x0000,0xec7f,240.0,0x0000,0x711c,0.003313
Coordinator,Coordinator,Ledvance Bulb,Bulb,Coordinator,Coordinator,Philips Lamp 3,Bulb,2023-10-29 18:01:00.386648,54,0x0000,0xec7f,240.0,0x0000,0x711c,0.003264
Coordinator,Coordinator,Ledvance Bulb,Bulb,Coordinator,Coordinator,Philips Lamp 3,Bulb,2023-10-29 18:01:00.428314,54,0x0000,0xec7f,241.0,0x0000,0x711c,0.041666
Coordinator,Coordinator,Ledvance Bulb,Bulb,Coordinator,Coordinator,Philips Lamp 3,Bulb,2023-10-29 18:01:00.431970,54,0x0000,0xec7f,241.0,0x0000,0x711c,0.003656
Coordinator,Coordinator,Ledvance Bulb,Bulb,Coordinator,Coordinator,Philips Lamp 3,Bulb,2023-10-29 18:01:00.435452,54,0x0000,0xec7f,241.0,0x0000,0x711c,0.003482
Coordinator,Coordinator,Ledvance Bulb,Bulb,Unknown,Unknown,,,2023-10-29 18:01:00.465706,54,0x0000,0xec7f,242.0,,,0.030254
Coordinator,Coordinator,Ledvance Bulb,Bulb,Unknown,Unknown,,,2023-10-29 18:01:00.468840,54,0x0000,0xec7f,242.0,,,0.003134
Coordinator,Coordinator,Ledvance Bulb,Bulb,Unknown,Unknown,,,2023-10-29 18:01:00.474024,54,0x0000,0xec7f,242.0,,,0.005184
Coordinator,Coordinator,Ledvance Bulb,Bulb,Unknown,Unknown,,,2023-10-29 18:01:00.477388,54,0x0000,0xec7f,242.0,,,0.003364
Coordinator,Coordinator,Ledvance Bulb,Bulb,Unknown,Unknown,,,2023-10-29 18:01:00.507067,54,0x0000,0xec7f,243.0,,,0.029679
Coordinator,Coordinator,Ledvance Bulb,Bulb,Unknown,Unknown,,,2023-10-29 18:01:00.511312,54,0x0000,0xec7f,243.0,,,0.004245
Coordinator,Coordinator,Ledvance Bulb,Bulb,Unknown,Unknown,,,2023-10-29 18:01:00.515330,54,0x0000,0xec7f,243.0,,,0.004018
Coordinator,Coordinator,Ledvance Bulb,Bulb,Unknown,Unknown,,,2023-10-29 18:01:00.520027,54,0x0000,0xec7f,243.0,,,0.004697
Coordinator,Coordinator,Ledvance Bulb,Bulb,Coordinator,Coordinator,Philips Lamp 3,Bulb,2023-10-29 18:01:00.548100,54,0x0000,0xec7f,244.0,0x0000,0x711c,0.028073
Coordinator,Coordinator,Ledvance Bulb,Bulb,Coordinator,Coordinator,Philips Lamp 3,Bulb,2023-10-29 18:01:00.551706,54,0x0000,0xec7f,244.0,0x0000,0x711c,0.003606
Coordinator,Coordinator,Ledvance Bulb,Bulb,Coordinator,Coordinator,Philips Lamp 3,Bulb,2023-10-29 18:01:00.556786,54,0x0000,0xec7f,244.0,0x0000,0x711c,0.00508
Coordinator,Coordinator,Ledvance Bulb,Bulb,Coordinator,Coordinator,Philips Lamp 3,Bulb,2023-10-29 18:01:00.561277,54,0x0000,0xec7f,244.0,0x0000,0x711c,0.004491
Coordinator,Coordinator,Broadcast,Broadcast,Coordinator,Coordinator,Broadcast,Broadcast,2023-10-29 18:01:12.873689,47,0x0000,0xffff,245.0,0x0000,0xfffc,12.312412
Coordinator,Coordinator,Broadcast,Broadcast,Coordinator,Coordinator,Broadcast,Broadcast,2023-10-29 18:01:20.320398,59,0x0000,0xffff,246.0,0x0000,0xfffc,7.446709
Coordinator,Coordinator,Power Plug 2,Socket,Unknown,Unknown,,,2023-10-29 18:01:20.335169,52,0x0000,0xa706,247.0,,,0.014771
Coordinator,Coordinator,Power Plug 2,Socket,Unknown,Unknown,,,2023-10-29 18:01:20.340441,52,0x0000,0xa706,247.0,,,0.005272
Coordinator,Coordinator,Power Plug 2,Socket,Unknown,Unknown,,,2023-10-29 18:01:20.346259,52,0x0000,0xa706,247.0,,,0.005818
Coordinator,Coordinator,Power Plug 2,Socket,Unknown,Unknown,,,2023-10-29 18:01:20.351737,52,0x0000,0xa706,247.0,,,0.005478
Coordinator,Coordinator,Power Plug 2,Socket,Unknown,Unknown,,,2023-10-29 18:01:20.366048,54,0x0000,0xa706,248.0,,,0.014311
Coordinator,Coordinator,Power Plug 2,Socket,Unknown,Unknown,,,2023-10-29 18:01:20.370019,54,0x0000,0xa706,248.0,,,0.003971
Coordinator,Coordinator,Power Plug 2,Socket,Unknown,Unknown,,,2023-10-29 18:01:20.374014,54,0x0000,0xa706,248.0,,,0.003995
Coordinator,Coordinator,Power Plug 2,Socket,Unknown,Unknown,,,2023-10-29 18:01:20.377688,54,0x0000,0xa706,248.0,,,0.003674
Coordinator,Coordinator,Power Plug 2,Socket,Coordinator,Coordinator,Power Plug 2,Socket,2023-10-29 18:01:20.402547,52,0x0000,0xa706,249.0,0x0000,0xa706,0.024859
Coordinator,Coordinator,Power Plug 2,Socket,Unknown,Unknown,,,2023-10-29 18:01:20.408118,52,0x0000,0xa706,249.0,,,0.005571
Coordinator,Coordinator,Power Plug 2,Socket,Coordinator,Coordinator,Power Plug 2,Socket,2023-10-29 18:01:20.413024,52,0x0000,0xa706,249.0,0x0000,0xa706,0.004906
Coordinator,Coordinator,Power Plug 2,Socket,Coordinator,Coordinator,Power Plug 2,Socket,2023-10-29 18:01:20.418318,52,0x0000,0xa706,249.0,0x0000,0xa706,0.005294
Coordinator,Coordinator,Power Plug 2,Socket,Unknown,Unknown,,,2023-10-29 18:01:20.427035,54,0x0000,0xa706,250.0,,,0.008717
Coordinator,Coordinator,Power Plug 2,Socket,Unknown,Unknown,,,2023-10-29 18:01:20.435311,54,0x0000,0xa706,250.0,,,0.008276
Coordinator,Coordinator,Power Plug 2,Socket,Unknown,Unknown,,,2023-10-29 18:01:20.439364,54,0x0000,0xa706,250.0,,,0.004053
Coordinator,Coordinator,Power Plug 2,Socket,Unknown,Unknown,,,2023-10-29 18:01:20.444642,54,0x0000,0xa706,250.0,,,0.005278
Coordinator,Coordinator,Power Plug 2,Socket,Unknown,Unknown,,,2023-10-29 18:01:20.468254,52,0x0000,0xa706,251.0,,,0.023612
Coordinator,Coordinator,Power Plug 2,Socket,Unknown,Unknown,,,2023-10-29 18:01:20.471538,52,0x0000,0xa706,251.0,,,0.003284
Coordinator,Coordinator,Power Plug 2,Socket,Unknown,Unknown,,,2023-10-29 18:01:20.474887,52,0x0000,0xa706,251.0,,,0.003349
Coordinator,Coordinator,Power Plug 2,Socket,Unknown,Unknown,,,2023-10-29 18:01:20.480220,52,0x0000,0xa706,251.0,,,0.005333
Coordinator,Coordinator,Power Plug 2,Socket,Unknown,Unknown,,,2023-10-29 18:01:20.492503,54,0x0000,0xa706,252.0,,,0.012283
Coordinator,Coordinator,Power Plug 2,Socket,Unknown,Unknown,,,2023-10-29 18:01:20.498392,54,0x0000,0xa706,252.0,,,0.005889
Coordinator,Coordinator,Power Plug 2,Socket,Unknown,Unknown,,,2023-10-29 18:01:20.504205,54,0x0000,0xa706,252.0,,,0.005813
Coordinator,Coordinator,Power Plug 2,Socket,Unknown,Unknown,,,2023-10-29 18:01:20.508481,54,0x0000,0xa706,252.0,,,0.004276
Coordinator,Coordinator,Power Plug 2,Socket,Coordinator,Coordinator,Power Plug 2,Socket,2023-10-29 18:01:20.529700,52,0x0000,0xa706,253.0,0x0000,0xa706,0.021219
Coordinator,Coordinator,Power Plug 2,Socket,Coordinator,Coordinator,Power Plug 2,Socket,2023-10-29 18:01:20.537274,52,0x0000,0xa706,253.0,0x0000,0xa706,0.007574
Coordinator,Coordinator,Power Plug 2,Socket,Coordinator,Coordinator,Power Plug 2,Socket,2023-10-29 18:01:20.542979,52,0x0000,0xa706,253.0,0x0000,0xa706,0.005705
Coordinator,Coordinator,Power Plug 2,Socket,Coordinator,Coordinator,Power Plug 2,Socket,2023-10-29 18:01:20.547088,52,0x0000,0xa706,253.0,0x0000,0xa706,0.004109
Coordinator,Coordinator,Power Plug 2,Socket,Coordinator,Coordinator,Power Plug 2,Socket,2023-10-29 18:01:20.558154,54,0x0000,0xa706,254.0,0x0000,0xa706,0.011066
Coordinator,Coordinator,Power Plug 2,Socket,Coordinator,Coordinator,Power Plug 2,Socket,2023-10-29 18:01:20.562718,54,0x0000,0xa706,254.0,0x0000,0xa706,0.004564
Coordinator,Coordinator,Power Plug 2,Socket,Coordinator,Coordinator,Power Plug 2,Socket,2023-10-29 18:01:20.568003,54,0x0000,0xa706,254.0,0x0000,0xa706,0.005285
Coordinator,Coordinator,Power Plug 2,Socket,Coordinator,Coordinator,Power Plug 2,Socket,2023-10-29 18:01:20.573553,54,0x0000,0xa706,254.0,0x0000,0xa706,0.00555
Coordinator,Coordinator,Broadcast,Broadcast,Coordinator,Coordinator,Broadcast,Broadcast,2023-10-29 18:01:20.627905,59,0x0000,0xffff,255.0,0x0000,0xfffc,0.054352
Coordinator,Coordinator,Broadcast,Broadcast,Coordinator,Coordinator,Broadcast,Broadcast,2023-10-29 18:01:20.992950,59,0x0000,0xffff,0.0,0x0000,0xfffc,0.365045
Coordinator,Coordinator,Broadcast,Broadcast,Coordinator,Coordinator,Broadcast,Broadcast,2023-10-29 18:01:21.310377,59,0x0000,0xffff,1.0,0x0000,0xfffc,0.317427
Coordinator,Coordinator,Broadcast,Broadcast,Coordinator,Coordinator,Broadcast,Broadcast,2023-10-29 18:01:27.211609,47,0x0000,0xffff,2.0,0x0000,0xfffc,5.901232
Sonoff Temperature,Temperature,Coordinator,Coordinator,Unknown,Unknown,,,2023-10-29 18:01:38.046857,53,0x4615,0x0000,12.0,,,10.835248
Coordinator,Coordinator,Sonoff Temperature,Temperature,Unknown,Unknown,,,2023-10-29 18:01:38.048936,5,0x0000,0x4615,12.0,,,0.002079
Sonoff Temperature,Temperature,Coordinator,Coordinator,Unknown,Unknown,,,2023-10-29 18:01:38.559973,12,0x4615,0x0000,13.0,,,0.511037
Coordinator,Coordinator,Sonoff Temperature,Temperature,Unknown,Unknown,,,2023-10-29 18:01:38.560740,5,0x0000,0x4615,13.0,,,0.000767
Coordinator,Coordinator,Broadcast,Broadcast,Unknown,Unknown,,,2023-10-29 18:01:42.475723,47,0x0000,0xffff,3.0,,,3.914983
Coordinator,Coordinator,Broadcast,Broadcast,Coordinator,Coordinator,Broadcast,Broadcast,2023-10-29 18:01:50.323319,59,0x0000,0xffff,4.0,0x0000,0xfffc,7.847596
Coordinator,Coordinator,Power Plug 2,Socket,Unknown,Unknown,,,2023-10-29 18:01:50.338589,52,0x0000,0xa706,5.0,,,0.01527
Coordinator,Coordinator,Power Plug 2,Socket,Unknown,Unknown,,,2023-10-29 18:01:50.343995,52,0x0000,0xa706,5.0,,,0.005406
Coordinator,Coordinator,Power Plug 2,Socket,Unknown,Unknown,,,2023-10-29 18:01:50.349294,52,0x0000,0xa706,5.0,,,0.005299
Coordinator,Coordinator,Power Plug 2,Socket,Unknown,Unknown,,,2023-10-29 18:01:50.354442,52,0x0000,0xa706,5.0,,,0.005148
Coordinator,Coordinator,Power Plug 2,Socket,Coordinator,Coordinator,Power Plug 2,Socket,2023-10-29 18:01:50.368728,54,0x0000,0xa706,6.0,0x0000,0xa706,0.014286
Coordinator,Coordinator,Power Plug 2,Socket,Coordinator,Coordinator,Power Plug 2,Socket,2023-10-29 18:01:50.372657,54,0x0000,0xa706,6.0,0x0000,0xa706,0.003929
Coordinator,Coordinator,Power Plug 2,Socket,Coordinator,Coordinator,Power Plug 2,Socket,2023-10-29 18:01:50.377611,54,0x0000,0xa706,6.0,0x0000,0xa706,0.004954
Coordinator,Coordinator,Power Plug 2,Socket,Coordinator,Coordinator,Power Plug 2,Socket,2023-10-29 18:01:50.381872,54,0x0000,0xa706,6.0,0x0000,0xa706,0.004261
Coordinator,Coordinator,Power Plug 2,Socket,Coordinator,Coordinator,Power Plug 2,Socket,2023-10-29 18:01:50.402383,52,0x0000,0xa706,7.0,0x0000,0xa706,0.020511
Coordinator,Coordinator,Power Plug 2,Socket,Coordinator,Coordinator,Power Plug 2,Socket,2023-10-29 18:01:50.406397,52,0x0000,0xa706,7.0,0x0000,0xa706,0.004014
Coordinator,Coordinator,Power Plug 2,Socket,Coordinator,Coordinator,Power Plug 2,Socket,2023-10-29 18:01:50.410070,52,0x0000,0xa706,7.0,0x0000,0xa706,0.003673
Coordinator,Coordinator,Power Plug 2,Socket,Coordinator,Coordinator,Power Plug 2,Socket,2023-10-29 18:01:50.415666,52,0x0000,0xa706,7.0,0x0000,0xa706,0.005596
Coordinator,Coordinator,Power Plug 2,Socket,Unknown,Unknown,,,2023-10-29 18:01:50.423667,54,0x0000,0xa706,8.0,,,0.008001
Coordinator,Coordinator,Power Plug 2,Socket,Unknown,Unknown,,,2023-10-29 18:01:50.429560,54,0x0000,0xa706,8.0,,,0.005893
Coordinator,Coordinator,Power Plug 2,Socket,Unknown,Unknown,,,2023-10-29 18:01:50.439402,54,0x0000,0xa706,8.0,,,0.009842
Coordinator,Coordinator,Power Plug 2,Socket,Unknown,Unknown,,,2023-10-29 18:01:50.443806,54,0x0000,0xa706,8.0,,,0.004404
Coordinator,Coordinator,Power Plug 2,Socket,Coordinator,Coordinator,Power Plug 2,Socket,2023-10-29 18:01:50.451472,52,0x0000,0xa706,9.0,0x0000,0xa706,0.007666
Coordinator,Coordinator,Power Plug 2,Socket,Coordinator,Coordinator,Power Plug 2,Socket,2023-10-29 18:01:50.454486,52,0x0000,0xa706,9.0,0x0000,0xa706,0.003014
Coordinator,Coordinator,Power Plug 2,Socket,Coordinator,Coordinator,Power Plug 2,Socket,2023-10-29 18:01:50.460074,52,0x0000,0xa706,9.0,0x0000,0xa706,0.005588
Coordinator,Coordinator,Power Plug 2,Socket,Coordinator,Coordinator,Power Plug 2,Socket,2023-10-29 18:01:50.464658,52,0x0000,0xa706,9.0,0x0000,0xa706,0.004584
Coordinator,Coordinator,Power Plug 2,Socket,Coordinator,Coordinator,Power Plug 2,Socket,2023-10-29 18:01:50.472647,54,0x0000,0xa706,10.0,0x0000,0xa706,0.007989
Coordinator,Coordinator,Power Plug 2,Socket,Coordinator,Coordinator,Power Plug 2,Socket,2023-10-29 18:01:50.477569,54,0x0000,0xa706,10.0,0x0000,0xa706,0.004922
Coordinator,Coordinator,Power Plug 2,Socket,Coordinator,Coordinator,Power Plug 2,Socket,2023-10-29 18:01:50.481578,54,0x0000,0xa706,10.0,0x0000,0xa706,0.004009
Coordinator,Coordinator,Power Plug 2,Socket,Coordinator,Coordinator,Power Plug 2,Socket,2023-10-29 18:01:50.502883,52,0x0000,0xa706,11.0,0x0000,0xa706,0.021305
Coordinator,Coordinator,Power Plug 2,Socket,Coordinator,Coordinator,Power Plug 2,Socket,2023-10-29 18:01:50.507441,52,0x0000,0xa706,11.0,0x0000,0xa706,0.004558
Coordinator,Coordinator,Power Plug 2,Socket,Coordinator,Coordinator,Power Plug 2,Socket,2023-10-29 18:01:50.511123,52,0x0000,0xa706,11.0,0x0000,0xa706,0.003682
Coordinator,Coordinator,Power Plug 2,Socket,Coordinator,Coordinator,Power Plug 2,Socket,2023-10-29 18:01:50.514479,52,0x0000,0xa706,11.0,0x0000,0xa706,0.003356
Coordinator,Coordinator,Power Plug 2,Socket,Unknown,Unknown,,,2023-10-29 18:01:50.541667,54,0x0000,0xa706,12.0,,,0.027188
Coordinator,Coordinator,Power Plug 2,Socket,Unknown,Unknown,,,2023-10-29 18:01:50.546539,54,0x0000,0xa706,12.0,,,0.004872
Coordinator,Coordinator,Power Plug 2,Socket,Unknown,Unknown,,,2023-10-29 18:01:50.550319,54,0x0000,0xa706,12.0,,,0.00378
Coordinator,Coordinator,Power Plug 2,Socket,Unknown,Unknown,,,2023-10-29 18:01:50.555596,54,0x0000,0xa706,12.0,,,0.005277
Coordinator,Coordinator,Power Plug 2,Socket,Coordinator,Coordinator,Power Plug 2,Socket,2023-10-29 18:01:50.566901,52,0x0000,0xa706,13.0,0x0000,0xa706,0.011305
Coordinator,Coordinator,Power Plug 2,Socket,Coordinator,Coordinator,Power Plug 2,Socket,2023-10-29 18:01:50.570226,52,0x0000,0xa706,13.0,0x0000,0xa706,0.003325
Coordinator,Coordinator,Power Plug 2,Socket,Coordinator,Coordinator,Power Plug 2,Socket,2023-10-29 18:01:50.574277,52,0x0000,0xa706,13.0,0x0000,0xa706,0.004051
Coordinator,Coordinator,Power Plug 2,Socket,Coordinator,Coordinator,Power Plug 2,Socket,2023-10-29 18:01:50.578591,52,0x0000,0xa706,13.0,0x0000,0xa706,0.004314
Coordinator,Coordinator,Power Plug 2,Socket,Unknown,Unknown,,,2023-10-29 18:01:50.604067,54,0x0000,0xa706,14.0,,,0.025476
Coordinator,Coordinator,Power Plug 2,Socket,Unknown,Unknown,,,2023-10-29 18:01:50.608938,54,0x0000,0xa706,14.0,,,0.004871
Coordinator,Coordinator,Power Plug 2,Socket,Unknown,Unknown,,,2023-10-29 18:01:50.612941,54,0x0000,0xa706,14.0,,,0.004003
Coordinator,Coordinator,Power Plug 2,Socket,Unknown,Unknown,,,2023-10-29 18:01:50.616937,54,0x0000,0xa706,14.0,,,0.003996
Coordinator,Coordinator,Broadcast,Broadcast,Unknown,Unknown,,,2023-10-29 18:01:50.628603,59,0x0000,0xffff,15.0,,,0.011666
Coordinator,Coordinator,Broadcast,Broadcast,Unknown,Unknown,,,2023-10-29 18:01:51.007752,59,0x0000,0xffff,16.0,,,0.379149
Coordinator,Coordinator,Broadcast,Broadcast,Unknown,Unknown,,,2023-10-29 18:01:51.323166,59,0x0000,0xffff,17.0,,,0.315414
Coordinator,Coordinator,Broadcast,Broadcast,Coordinator,Coordinator,Broadcast,Broadcast,2023-10-29 18:01:57.101718,47,0x0000,0xffff,18.0,0x0000,0xfffc,5.778552
Sonoff Temperature,Temperature,Coordinator,Coordinator,Sonoff Temperature,Temperature,Coordinator,Coordinator,2023-10-29 18:02:06.429015,53,0x4615,0x0000,14.0,0x4615,0x0000,9.327297
Coordinator,Coordinator,Sonoff Temperature,Temperature,Unknown,Unknown,,,2023-10-29 18:02:06.431094,5,0x0000,0x4615,14.0,,,0.002079
Sonoff Temperature,Temperature,Coordinator,Coordinator,Unknown,Unknown,,,2023-10-29 18:02:06.937933,12,0x4615,0x0000,15.0,,,0.506839
Coordinator,Coordinator,Sonoff Temperature,Temperature,Unknown,Unknown,,,2023-10-29 18:02:06.938700,5,0x0000,0x4615,15.0,,,0.000767
Coordinator,Coordinator,Broadcast,Broadcast,Coordinator,Coordinator,Broadcast,Broadcast,2023-10-29 18:02:13.500053,47,0x0000,0xffff,19.0,0x0000,0xfffc,6.561353
Coordinator,Coordinator,Broadcast,Broadcast,Unknown,Unknown,,,2023-10-29 18:02:20.330081,59,0x0000,0xffff,20.0,,,6.830028
Coordinator,Coordinator,Power Plug 2,Socket,Unknown,Unknown,,,2023-10-29 18:02:20.345050,52,0x0000,0xa706,21.0,,,0.014969
Coordinator,Coordinator,Power Plug 2,Socket,Unknown,Unknown,,,2023-10-29 18:02:20.350585,52,0x0000,0xa706,21.0,,,0.005535
Coordinator,Coordinator,Power Plug 2,Socket,Unknown,Unknown,,,2023-10-29 18:02:20.354614,52,0x0000,0xa706,21.0,,,0.004029
Coordinator,Coordinator,Power Plug 2,Socket,Unknown,Unknown,,,2023-10-29 18:02:20.359206,52,0x0000,0xa706,21.0,,,0.004592
Coordinator,Coordinator,Power Plug 2,Socket,Unknown,Unknown,,,2023-10-29 18:02:20.372909,54,0x0000,0xa706,22.0,,,0.013703
Coordinator,Coordinator,Power Plug 2,Socket,Unknown,Unknown,,,2023-10-29 18:02:20.377575,54,0x0000,0xa706,22.0,,,0.004666
Coordinator,Coordinator,Power Plug 2,Socket,Unknown,Unknown,,,2023-10-29 18:02:20.381524,54,0x0000,0xa706,22.0,,,0.003949
Coordinator,Coordinator,Power Plug 2,Socket,Unknown,Unknown,,,2023-10-29 18:02:20.386471,54,0x0000,0xa706,22.0,,,0.004947
Coordinator,Coordinator,Power Plug 2,Socket,Unknown,Unknown,,,2023-10-29 18:02:20.394883,52,0x0000,0xa706,23.0,,,0.008412
Coordinator,Coordinator,Power Plug 2,Socket,Unknown,Unknown,,,2023-10-29 18:02:20.398487,52,0x0000,0xa706,23.0,,,0.003604
Coordinator,Coordinator,Power Plug 2,Socket,Unknown,Unknown,,,2023-10-29 18:02:20.401515,52,0x0000,0xa706,23.0,,,0.003028
Coordinator,Coordinator,Power Plug 2,Socket,Unknown,Unknown,,,2023-10-29 18:02:20.406848,52,0x0000,0xa706,23.0,,,0.005333
Coordinator,Coordinator,Power Plug 2,Socket,Unknown,Unknown,,,2023-10-29 18:02:20.426396,54,0x0000,0xa706,24.0,,,0.019548
Coordinator,Coordinator,Power Plug 2,Socket,Unknown,Unknown,,,2023-10-29 18:02:20.431967,54,0x0000,0xa706,24.0,,,0.005571
Coordinator,Coordinator,Power Plug 2,Socket,Unknown,Unknown,,,2023-10-29 18:02:20.436866,54,0x0000,0xa706,24.0,,,0.004899
Coordinator,Coordinator,Power Plug 2,Socket,Unknown,Unknown,,,2023-10-29 18:02:20.441513,54,0x0000,0xa706,24.0,,,0.004647
Coordinator,Coordinator,Power Plug 2,Socket,Unknown,Unknown,,,2023-10-29 18:02:20.449193,52,0x0000,0xa706,25.0,,,0.00768
Coordinator,Coordinator,Power Plug 2,Socket,Unknown,Unknown,,,2023-10-29 18:02:20.452470,52,0x0000,0xa706,25.0,,,0.003277
Coordinator,Coordinator,Power Plug 2,Socket,Unknown,Unknown,,,2023-10-29 18:02:20.456842,52,0x0000,0xa706,25.0,,,0.004372
Coordinator,Coordinator,Power Plug 2,Socket,Unknown,Unknown,,,2023-10-29 18:02:20.460518,52,0x0000,0xa706,25.0,,,0.003676
Coordinator,Coordinator,Power Plug 2,Socket,Unknown,Unknown,,,2023-10-29 18:02:20.494197,54,0x0000,0xa706,26.0,,,0.033679
Coordinator,Coordinator,Power Plug 2,Socket,Unknown,Unknown,,,2023-10-29 18:02:20.497805,54,0x0000,0xa706,26.0,,,0.003608
Coordinator,Coordinator,Power Plug 2,Socket,Unknown,Unknown,,,2023-10-29 18:02:20.503158,54,0x0000,0xa706,26.0,,,0.005353
Coordinator,Coordinator,Power Plug 2,Socket,Unknown,Unknown,,,2023-10-29 18:02:20.508709,54,0x0000,0xa706,26.0,,,0.005551
Coordinator,Coordinator,Power Plug 2,Socket,Unknown,Unknown,,,2023-10-29 18:02:20.516344,52,0x0000,0xa706,27.0,,,0.007635
Coordinator,Coordinator,Power Plug 2,Socket,Unknown,Unknown,,,2023-10-29 18:02:20.519352,52,0x0000,0xa706,27.0,,,0.003008
Coordinator,Coordinator,Power Plug 2,Socket,Unknown,Unknown,,,2023-10-29 18:02:20.524046,52,0x0000,0xa706,27.0,,,0.004694
Coordinator,Coordinator,Power Plug 2,Socket,Unknown,Unknown,,,2023-10-29 18:02:20.529011,52,0x0000,0xa706,27.0,,,0.004965
Coordinator,Coordinator,Power Plug 2,Socket,Unknown,Unknown,,,2023-10-29 18:02:20.536181,54,0x0000,0xa706,28.0,,,0.00717
Coordinator,Coordinator,Power Plug 2,Socket,Unknown,Unknown,,,2023-10-29 18:02:20.539831,54,0x0000,0xa706,28.0,,,0.00365
Coordinator,Coordinator,Power Plug 2,Socket,Unknown,Unknown,,,2023-10-29 18:02:20.546516,54,0x0000,0xa706,28.0,,,0.006685
Coordinator,Coordinator,Power Plug 2,Socket,Unknown,Unknown,,,2023-10-29 18:02:20.551249,54,0x0000,0xa706,28.0,,,0.004733
Coordinator,Coordinator,Power Plug 2,Socket,Coordinator,Coordinator,Power Plug 2,Socket,2023-10-29 18:02:20.567087,52,0x0000,0xa706,29.0,0x0000,0xa706,0.015838
Coordinator,Coordinator,Power Plug 2,Socket,Coordinator,Coordinator,Power Plug 2,Socket,2023-10-29 18:02:20.570095,52,0x0000,0xa706,29.0,0x0000,0xa706,0.003008
Coordinator,Coordinator,Power Plug 2,Socket,Coordinator,Coordinator,Power Plug 2,Socket,2023-10-29 18:02:20.574148,52,0x0000,0xa706,29.0,0x0000,0xa706,0.004053
Coordinator,Coordinator,Power Plug 2,Socket,Coordinator,Coordinator,Power Plug 2,Socket,2023-10-29 18:02:20.577506,52,0x0000,0xa706,29.0,0x0000,0xa706,0.003358
Coordinator,Coordinator,Power Plug 2,Socket,Unknown,Unknown,,,2023-10-29 18:02:20.598297,54,0x0000,0xa706,30.0,,,0.020791
Coordinator,Coordinator,Power Plug 2,Socket,Unknown,Unknown,,,2023-10-29 18:02:20.603227,54,0x0000,0xa706,30.0,,,0.00493
Coordinator,Coordinator,Power Plug 2,Socket,Unknown,Unknown,,,2023-10-29 18:02:20.607249,54,0x0000,0xa706,30.0,,,0.004022
Coordinator,Coordinator,Power Plug 2,Socket,Unknown,Unknown,,,2023-10-29 18:02:20.610604,54,0x0000,0xa706,30.0,,,0.003355
Coordinator,Coordinator,Broadcast,Broadcast,Coordinator,Coordinator,Broadcast,Broadcast,2023-10-29 18:02:20.957625,59,0x0000,0xffff,32.0,0x0000,0xfffc,0.347021
Coordinator,Coordinator,Broadcast,Broadcast,Coordinator,Coordinator,Broadcast,Broadcast,2023-10-29 18:02:21.344125,59,0x0000,0xffff,33.0,0x0000,0xfffc,0.3865
Coordinator,Coordinator,Philips Lamp 1,Bulb,Coordinator,Coordinator,Philips Lamp 1,Bulb,2023-10-29 18:02:22.081436,50,0x0000,0x1cd8,34.0,0x0000,0x1cd8,0.737311
Coordinator,Coordinator,Philips Lamp 1,Bulb,Coordinator,Coordinator,Philips Lamp 1,Bulb,2023-10-29 18:02:22.084470,50,0x0000,0x1cd8,34.0,0x0000,0x1cd8,0.003034
Coordinator,Coordinator,Philips Lamp 1,Bulb,Coordinator,Coordinator,Philips Lamp 1,Bulb,2023-10-29 18:02:22.089014,50,0x0000,0x1cd8,34.0,0x0000,0x1cd8,0.004544
Coordinator,Coordinator,Philips Lamp 1,Bulb,Coordinator,Coordinator,Philips Lamp 1,Bulb,2023-10-29 18:02:22.093287,50,0x0000,0x1cd8,34.0,0x0000,0x1cd8,0.004273
Coordinator,Coordinator,Philips Lamp 1,Bulb,Coordinator,Coordinator,Philips Lamp 1,Bulb,2023-10-29 18:02:22.137394,50,0x0000,0x1cd8,35.0,0x0000,0x1cd8,0.044107
Coordinator,Coordinator,Philips Lamp 1,Bulb,Coordinator,Coordinator,Philips Lamp 1,Bulb,2023-10-29 18:02:22.141373,50,0x0000,0x1cd8,35.0,0x0000,0x1cd8,0.003979
Coordinator,Coordinator,Philips Lamp 1,Bulb,Coordinator,Coordinator,Philips Lamp 1,Bulb,2023-10-29 18:02:22.146134,50,0x0000,0x1cd8,35.0,0x0000,0x1cd8,0.004761
Coordinator,Coordinator,Philips Lamp 1,Bulb,Coordinator,Coordinator,Philips Lamp 1,Bulb,2023-10-29 18:02:22.150305,50,0x0000,0x1cd8,35.0,0x0000,0x1cd8,0.004171
Coordinator,Coordinator,Philips Lamp 1,Bulb,Unknown,Unknown,,,2023-10-29 18:02:22.183878,50,0x0000,0x1cd8,36.0,,,0.033573
Coordinator,Coordinator,Philips Lamp 1,Bulb,Unknown,Unknown,,,2023-10-29 18:02:22.188416,50,0x0000,0x1cd8,36.0,,,0.004538
Coordinator,Coordinator,Philips Lamp 1,Bulb,Unknown,Unknown,,,2023-10-29 18:02:22.191947,50,0x0000,0x1cd8,36.0,,,0.003531
Coordinator,Coordinator,Philips Lamp 1,Bulb,Unknown,Unknown,,,2023-10-29 18:02:22.196811,50,0x0000,0x1cd8,36.0,,,0.004864
Coordinator,Coordinator,Philips Lamp 1,Bulb,Coordinator,Coordinator,Philips Lamp 1,Bulb,2023-10-29 18:02:22.244407,50,0x0000,0x1cd8,37.0,0x0000,0x1cd8,0.047596
Coordinator,Coordinator,Philips Lamp 1,Bulb,Coordinator,Coordinator,Philips Lamp 1,Bulb,2023-10-29 18:02:22.248011,50,0x0000,0x1cd8,37.0,0x0000,0x1cd8,0.003604
Coordinator,Coordinator,Philips Lamp 1,Bulb,Coordinator,Coordinator,Philips Lamp 1,Bulb,2023-10-29 18:02:22.252298,50,0x0000,0x1cd8,37.0,0x0000,0x1cd8,0.004287
Coordinator,Coordinator,Philips Lamp 1,Bulb,Coordinator,Coordinator,Philips Lamp 1,Bulb,2023-10-29 18:02:22.255291,50,0x0000,0x1cd8,37.0,0x0000,0x1cd8,0.002993
Coordinator,Coordinator,Philips Lamp 1,Bulb,Coordinator,Coordinator,Philips Lamp 1,Bulb,2023-10-29 18:02:22.305601,50,0x0000,0x1cd8,38.0,0x0000,0x1cd8,0.05031
Coordinator,Coordinator,Philips Lamp 1,Bulb,Coordinator,Coordinator,Philips Lamp 1,Bulb,2023-10-29 18:02:22.310809,50,0x0000,0x1cd8,38.0,0x0000,0x1cd8,0.005208
Coordinator,Coordinator,Philips Lamp 1,Bulb,Coordinator,Coordinator,Philips Lamp 1,Bulb,2023-10-29 18:02:22.313916,50,0x0000,0x1cd8,38.0,0x0000,0x1cd8,0.003107
Coordinator,Coordinator,Philips Lamp 1,Bulb,Coordinator,Coordinator,Philips Lamp 1,Bulb,2023-10-29 18:02:22.319420,50,0x0000,0x1cd8,38.0,0x0000,0x1cd8,0.005504
Coordinator,Coordinator,Philips Lamp 1,Bulb,Coordinator,Coordinator,Philips Lamp 1,Bulb,2023-10-29 18:02:22.400398,50,0x0000,0x1cd8,39.0,0x0000,0x1cd8,0.080978
Coordinator,Coordinator,Philips Lamp 1,Bulb,Coordinator,Coordinator,Philips Lamp 1,Bulb,2023-10-29 18:02:22.405804,50,0x0000,0x1cd8,39.0,0x0000,0x1cd8,0.005406
Coordinator,Coordinator,Philips Lamp 1,Bulb,Coordinator,Coordinator,Philips Lamp 1,Bulb,2023-10-29 18:02:22.409552,50,0x0000,0x1cd8,39.0,0x0000,0x1cd8,0.003748
Coordinator,Coordinator,Philips Lamp 1,Bulb,Coordinator,Coordinator,Philips Lamp 1,Bulb,2023-10-29 18:02:22.412713,50,0x0000,0x1cd8,39.0,0x0000,0x1cd8,0.003161
Coordinator,Coordinator,Philips Lamp 1,Bulb,Coordinator,Coordinator,Philips Lamp 1,Bulb,2023-10-29 18:02:22.460078,50,0x0000,0x1cd8,40.0,0x0000,0x1cd8,0.047365
Coordinator,Coordinator,Philips Lamp 1,Bulb,Unknown,Unknown,,,2023-10-29 18:02:22.465654,50,0x0000,0x1cd8,40.0,,,0.005576
Coordinator,Coordinator,Philips Lamp 1,Bulb,Coordinator,Coordinator,Philips Lamp 1,Bulb,2023-10-29 18:02:22.469721,50,0x0000,0x1cd8,40.0,0x0000,0x1cd8,0.004067
Coordinator,Coordinator,Philips Lamp 1,Bulb,Coordinator,Coordinator,Philips Lamp 1,Bulb,2023-10-29 18:02:22.475274,50,0x0000,0x1cd8,40.0,0x0000,0x1cd8,0.005553
Coordinator,Coordinator,Philips Lamp 1,Bulb,Coordinator,Coordinator,Philips Lamp 1,Bulb,2023-10-29 18:02:22.503498,50,0x0000,0x1cd8,41.0,0x0000,0x1cd8,0.028224
Coordinator,Coordinator,Philips Lamp 1,Bulb,Coordinator,Coordinator,Philips Lamp 1,Bulb,2023-10-29 18:02:22.506785,50,0x0000,0x1cd8,41.0,0x0000,0x1cd8,0.003287
Coordinator,Coordinator,Philips Lamp 1,Bulb,Coordinator,Coordinator,Philips Lamp 1,Bulb,2023-10-29 18:02:22.511071,50,0x0000,0x1cd8,41.0,0x0000,0x1cd8,0.004286
Coordinator,Coordinator,Philips Lamp 1,Bulb,Coordinator,Coordinator,Philips Lamp 1,Bulb,2023-10-29 18:02:22.515666,50,0x0000,0x1cd8,41.0,0x0000,0x1cd8,0.004595
Coordinator,Coordinator,Philips Lamp 1,Bulb,Coordinator,Coordinator,Philips Lamp 1,Bulb,2023-10-29 18:02:22.548492,50,0x0000,0x1cd8,42.0,0x0000,0x1cd8,0.032826
Coordinator,Coordinator,Philips Lamp 1,Bulb,Coordinator,Coordinator,Philips Lamp 1,Bulb,2023-10-29 18:02:22.551625,50,0x0000,0x1cd8,42.0,0x0000,0x1cd8,0.003133
Coordinator,Coordinator,Philips Lamp 1,Bulb,Coordinator,Coordinator,Philips Lamp 1,Bulb,2023-10-29 18:02:22.555850,50,0x0000,0x1cd8,42.0,0x0000,0x1cd8,0.004225
Coordinator,Coordinator,Philips Lamp 1,Bulb,Coordinator,Coordinator,Philips Lamp 1,Bulb,2023-10-29 18:02:22.561403,50,0x0000,0x1cd8,42.0,0x0000,0x1cd8,0.005553
Coordinator,Coordinator,Philips Lamp 1,Bulb,Coordinator,Coordinator,Philips Lamp 1,Bulb,2023-10-29 18:02:22.616105,50,0x0000,0x1cd8,43.0,0x0000,0x1cd8,0.054702
Coordinator,Coordinator,Philips Lamp 1,Bulb,Coordinator,Coordinator,Philips Lamp 1,Bulb,2023-10-29 18:02:22.620352,50,0x0000,0x1cd8,43.0,0x0000,0x1cd8,0.004247
Coordinator,Coordinator,Philips Lamp 1,Bulb,Coordinator,Coordinator,Philips Lamp 1,Bulb,2023-10-29 18:02:22.624050,50,0x0000,0x1cd8,43.0,0x0000,0x1cd8,0.003698
Coordinator,Coordinator,Philips Lamp 1,Bulb,Coordinator,Coordinator,Philips Lamp 1,Bulb,2023-10-29 18:02:22.627148,50,0x0000,0x1cd8,43.0,0x0000,0x1cd8,0.003098
Coordinator,Coordinator,Broadcast,Broadcast,Unknown,Unknown,,,2023-10-29 18:02:30.868197,47,0x0000,0xffff,44.0,,,8.241049
Coordinator,Coordinator,Broadcast,Broadcast,Unknown,Unknown,,,2023-10-29 18:02:45.832307,47,0x0000,0xffff,45.0,,,14.96411
Coordinator,Coordinator,Broadcast,Broadcast,Coordinator,Coordinator,Broadcast,Broadcast,2023-10-29 18:02:50.332109,59,0x0000,0xffff,46.0,0x0000,0xfffc,4.499802
Coordinator,Coordinator,Power Plug 2,Socket,Unknown,Unknown,,,2023-10-29 18:02:50.346891,52,0x0000,0xa706,47.0,,,0.014782
Coordinator,Coordinator,Power Plug 2,Socket,Unknown,Unknown,,,2023-10-29 18:02:50.350059,52,0x0000,0xa706,47.0,,,0.003168
Coordinator,Coordinator,Power Plug 2,Socket,Unknown,Unknown,,,2023-10-29 18:02:50.358507,52,0x0000,0xa706,47.0,,,0.008448
Coordinator,Coordinator,Power Plug 2,Socket,Unknown,Unknown,,,2023-10-29 18:02:50.364281,52,0x0000,0xa706,47.0,,,0.005774
Coordinator,Coordinator,Power Plug 2,Socket,Coordinator,Coordinator,Power Plug 2,Socket,2023-10-29 18:02:50.378467,54,0x0000,0xa706,48.0,0x0000,0xa706,0.014186
Coordinator,Coordinator,Power Plug 2,Socket,Coordinator,Coordinator,Power Plug 2,Socket,2023-10-29 18:02:50.383352,54,0x0000,0xa706,48.0,0x0000,0xa706,0.004885
Coordinator,Coordinator,Power Plug 2,Socket,Coordinator,Coordinator,Power Plug 2,Socket,2023-10-29 18:02:50.388900,54,0x0000,0xa706,48.0,0x0000,0xa706,0.005548
Coordinator,Coordinator,Power Plug 2,Socket,Coordinator,Coordinator,Power Plug 2,Socket,2023-10-29 18:02:50.393922,54,0x0000,0xa706,48.0,0x0000,0xa706,0.005022
Coordinator,Coordinator,Power Plug 2,Socket,Coordinator,Coordinator,Power Plug 2,Socket,2023-10-29 18:02:50.402506,52,0x0000,0xa706,49.0,0x0000,0xa706,0.008584
Coordinator,Coordinator,Power Plug 2,Socket,Coordinator,Coordinator,Power Plug 2,Socket,2023-10-29 18:02:50.407069,52,0x0000,0xa706,49.0,0x0000,0xa706,0.004563
Coordinator,Coordinator,Power Plug 2,Socket,Coordinator,Coordinator,Power Plug 2,Socket,2023-10-29 18:02:50.411715,52,0x0000,0xa706,49.0,0x0000,0xa706,0.004646
Coordinator,Coordinator,Power Plug 2,Socket,Coordinator,Coordinator,Power Plug 2,Socket,2023-10-29 18:02:50.416298,52,0x0000,0xa706,49.0,0x0000,0xa706,0.004583
Coordinator,Coordinator,Power Plug 2,Socket,Coordinator,Coordinator,Power Plug 2,Socket,2023-10-29 18:02:50.433066,54,0x0000,0xa706,50.0,0x0000,0xa706,0.016768
Coordinator,Coordinator,Power Plug 2,Socket,Coordinator,Coordinator,Power Plug 2,Socket,2023-10-29 18:02:50.437666,54,0x0000,0xa706,50.0,0x0000,0xa706,0.0046
Coordinator,Coordinator,Power Plug 2,Socket,Coordinator,Coordinator,Power Plug 2,Socket,2023-10-29 18:02:50.441688,54,0x0000,0xa706,50.0,0x0000,0xa706,0.004022
Coordinator,Coordinator,Power Plug 2,Socket,Coordinator,Coordinator,Power Plug 2,Socket,2023-10-29 18:02:50.449972,54,0x0000,0xa706,50.0,0x0000,0xa706,0.008284
Coordinator,Coordinator,Power Plug 2,Socket,Unknown,Unknown,,,2023-10-29 18:02:50.461375,52,0x0000,0xa706,51.0,,,0.011403
Coordinator,Coordinator,Power Plug 2,Socket,Unknown,Unknown,,,2023-10-29 18:02:50.466314,52,0x0000,0xa706,51.0,,,0.004939
Coordinator,Coordinator,Power Plug 2,Socket,Unknown,Unknown,,,2023-10-29 18:02:50.471276,52,0x0000,0xa706,51.0,,,0.004962
Coordinator,Coordinator,Power Plug 2,Socket,Unknown,Unknown,,,2023-10-29 18:02:50.476827,52,0x0000,0xa706,51.0,,,0.005551
Coordinator,Coordinator,Power Plug 2,Socket,Unknown,Unknown,,,2023-10-29 18:02:50.485225,54,0x0000,0xa706,52.0,,,0.008398
Coordinator,Coordinator,Power Plug 2,Socket,Unknown,Unknown,,,2023-10-29 18:02:50.490748,54,0x0000,0xa706,52.0,,,0.005523
Coordinator,Coordinator,Power Plug 2,Socket,Unknown,Unknown,,,2023-10-29 18:02:50.494703,54,0x0000,0xa706,52.0,,,0.003955
Coordinator,Coordinator,Power Plug 2,Socket,Unknown,Unknown,,,2023-10-29 18:02:50.500299,54,0x0000,0xa706,52.0,,,0.005596
Coordinator,Coordinator,Power Plug 2,Socket,Unknown,Unknown,,,2023-10-29 18:02:50.527945,52,0x0000,0xa706,53.0,,,0.027646
Coordinator,Coordinator,Power Plug 2,Socket,Unknown,Unknown,,,2023-10-29 18:02:50.530968,52,0x0000,0xa706,53.0,,,0.003023
Coordinator,Coordinator,Power Plug 2,Socket,Unknown,Unknown,,,2023-10-29 18:02:50.536300,52,0x0000,0xa706,53.0,,,0.005332
Coordinator,Coordinator,Power Plug 2,Socket,Unknown,Unknown,,,2023-10-29 18:02:50.541530,52,0x0000,0xa706,53.0,,,0.00523
Coordinator,Coordinator,Power Plug 2,Socket,Coordinator,Coordinator,Power Plug 2,Socket,2023-10-29 18:02:50.554782,54,0x0000,0xa706,54.0,0x0000,0xa706,0.013252
Coordinator,Coordinator,Power Plug 2,Socket,Coordinator,Coordinator,Power Plug 2,Socket,2023-10-29 18:02:50.559170,54,0x0000,0xa706,54.0,0x0000,0xa706,0.004388
Coordinator,Coordinator,Power Plug 2,Socket,Coordinator,Coordinator,Power Plug 2,Socket,2023-10-29 18:02:50.562790,54,0x0000,0xa706,54.0,0x0000,0xa706,0.00362
Coordinator,Coordinator,Power Plug 2,Socket,Coordinator,Coordinator,Power Plug 2,Socket,2023-10-29 18:02:50.567484,54,0x0000,0xa706,54.0,0x0000,0xa706,0.004694
Coordinator,Coordinator,Power Plug 2,Socket,Unknown,Unknown,,,2023-10-29 18:02:50.587906,52,0x0000,0xa706,55.0,,,0.020422
Coordinator,Coordinator,Power Plug 2,Socket,Unknown,Unknown,,,2023-10-29 18:02:50.592526,52,0x0000,0xa706,55.0,,,0.00462
Coordinator,Coordinator,Power Plug 2,Socket,Unknown,Unknown,,,2023-10-29 18:02:50.597109,52,0x0000,0xa706,55.0,,,0.004583
Coordinator,Coordinator,Power Plug 2,Socket,Unknown,Unknown,,,2023-10-29 18:02:50.601754,52,0x0000,0xa706,55.0,,,0.004645
Coordinator,Coordinator,Power Plug 2,Socket,Coordinator,Coordinator,Power Plug 2,Socket,2023-10-29 18:02:50.609215,54,0x0000,0xa706,56.0,0x0000,0xa706,0.007461
Coordinator,Coordinator,Power Plug 2,Socket,Coordinator,Coordinator,Power Plug 2,Socket,2023-10-29 18:02:50.614145,54,0x0000,0xa706,56.0,0x0000,0xa706,0.00493
Coordinator,Coordinator,Power Plug 2,Socket,Coordinator,Coordinator,Power Plug 2,Socket,2023-10-29 18:02:50.619373,54,0x0000,0xa706,56.0,0x0000,0xa706,0.005228
Coordinator,Coordinator,Power Plug 2,Socket,Coordinator,Coordinator,Power Plug 2,Socket,2023-10-29 18:02:50.625305,54,0x0000,0xa706,56.0,0x0000,0xa706,0.005932
Coordinator,Coordinator,Broadcast,Broadcast,Unknown,Unknown,,,2023-10-29 18:02:50.659258,59,0x0000,0xffff,57.0,,,0.033953
Coordinator,Coordinator,Broadcast,Broadcast,Unknown,Unknown,,,2023-10-29 18:02:50.991114,59,0x0000,0xffff,58.0,,,0.331856
Unknown,Unknown,Unknown,Unknown,Unknown,Unknown,,,2023-10-29 18:02:51.344629,59,0x2636,0xc25f,59.0,,,0.353515
Coordinator,Coordinator,Ledvance Z3 Plug,Socket,Coordinator,Coordinator,Ledvance Z3 Plug,Socket,2023-10-29 18:02:57.169361,50,0x0000,0x4e11,60.0,0x0000,0x4e11,5.824732
Coordinator,Coordinator,Ledvance Z3 Plug,Socket,Coordinator,Coordinator,Ledvance Z3 Plug,Socket,2023-10-29 18:02:57.173988,50,0x0000,0x4e11,60.0,0x0000,0x4e11,0.004627
Coordinator,Coordinator,Ledvance Z3 Plug,Socket,Coordinator,Coordinator,Ledvance Z3 Plug,Socket,2023-10-29 18:02:57.177839,50,0x0000,0x4e11,60.0,0x0000,0x4e11,0.003851
Coordinator,Coordinator,Ledvance Z3 Plug,Socket,Coordinator,Coordinator,Ledvance Z3 Plug,Socket,2023-10-29 18:02:57.184266,50,0x0000,0x4e11,60.0,0x0000,0x4e11,0.006427
Coordinator,Coordinator,Ledvance Z3 Plug,Socket,Coordinator,Coordinator,Ledvance Z3 Plug,Socket,2023-10-29 18:02:57.234196,50,0x0000,0x4e11,61.0,0x0000,0x4e11,0.04993
Coordinator,Coordinator,Ledvance Z3 Plug,Socket,Coordinator,Coordinator,Ledvance Z3 Plug,Socket,2023-10-29 18:02:57.238929,50,0x0000,0x4e11,61.0,0x0000,0x4e11,0.004733
Coordinator,Coordinator,Ledvance Z3 Plug,Socket,Coordinator,Coordinator,Ledvance Z3 Plug,Socket,2023-10-29 18:02:57.242140,50,0x0000,0x4e11,61.0,0x0000,0x4e11,0.003211
Coordinator,Coordinator,Ledvance Z3 Plug,Socket,Coordinator,Coordinator,Ledvance Z3 Plug,Socket,2023-10-29 18:02:57.247644,50,0x0000,0x4e11,61.0,0x0000,0x4e11,0.005504
Coordinator,Coordinator,Ledvance Z3 Plug,Socket,Unknown,Unknown,,,2023-10-29 18:02:57.290945,50,0x0000,0x4e11,62.0,,,0.043301
Coordinator,Coordinator,Ledvance Z3 Plug,Socket,Unknown,Unknown,,,2023-10-29 18:02:57.296368,50,0x0000,0x4e11,62.0,,,0.005423
Coordinator,Coordinator,Ledvance Z3 Plug,Socket,Unknown,Unknown,,,2023-10-29 18:02:57.300371,50,0x0000,0x4e11,62.0,,,0.004003
Coordinator,Coordinator,Ledvance Z3 Plug,Socket,Unknown,Unknown,,,2023-10-29 18:02:57.310983,50,0x0000,0x4e11,62.0,,,0.010612
Coordinator,Coordinator,Ledvance Z3 Plug,Socket,Coordinator,Coordinator,Ledvance Z3 Plug,Socket,2023-10-29 18:02:57.336297,50,0x0000,0x4e11,63.0,0x0000,0x4e11,0.025314
Coordinator,Coordinator,Ledvance Z3 Plug,Socket,Coordinator,Coordinator,Ledvance Z3 Plug,Socket,2023-10-29 18:02:57.340913,50,0x0000,0x4e11,63.0,0x0000,0x4e11,0.004616
Coordinator,Coordinator,Ledvance Z3 Plug,Socket,Coordinator,Coordinator,Ledvance Z3 Plug,Socket,2023-10-29 18:02:57.344610,50,0x0000,0x4e11,63.0,0x0000,0x4e11,0.003697
Coordinator,Coordinator,Ledvance Z3 Plug,Socket,Coordinator,Coordinator,Ledvance Z3 Plug,Socket,2023-10-29 18:02:57.348988,50,0x0000,0x4e11,63.0,0x0000,0x4e11,0.004378
Coordinator,Coordinator,Ledvance Z3 Plug,Socket,Unknown,Unknown,,,2023-10-29 18:02:57.382508,50,0x0000,0x4e11,64.0,,,0.03352
Unknown,Unknown,Ledvance Z3 Plug,Socket,Unknown,Unknown,,,2023-10-29 18:02:57.386386,50,0x5000,0x4e11,64.0,,,0.003878
Coordinator,Coordinator,Ledvance Z3 Plug,Socket,Unknown,Unknown,,,2023-10-29 18:02:57.391146,50,0x0000,0x4e11,64.0,,,0.00476
Coordinator,Coordinator,Ledvance Z3 Plug,Socket,Unknown,Unknown,,,2023-10-29 18:02:57.394357,50,0x0000,0x4e11,64.0,,,0.003211
Coordinator,Coordinator,Broadcast,Broadcast,Unknown,Unknown,,,2023-10-29 18:02:59.914789,47,0x0000,0xffff,65.0,,,2.520432
