Time,Length,Source IEEE,Destination IEEE,Sequence Number,Source ZigBee,Destination ZigBee,Delta Time
2023-10-29 17:35:18.000000,47,0x0000,0xffff,45,0x0000,0xfffc,0.0
2023-10-29 17:35:20.046878,59,0x0000,0xffff,46,0x0000,0xfffc,2.046878
2023-10-29 17:35:20.062524,52,0x0000,0xa706,47,,,0.015646
2023-10-29 17:35:20.068002,52,0x0000,0xa706,47,,,0.005478
2023-10-29 17:35:20.073183,52,0x0000,0xa706,47,,,0.005181
2023-10-29 17:35:20.077313,52,0x0000,0xa706,47,,,0.00413
2023-10-29 17:35:20.090378,54,0x0000,0xa706,48,0x0000,0xa706,0.013065
2023-10-29 17:35:20.093905,54,0x0000,0xa706,48,0x0000,0xa706,0.003527
2023-10-29 17:35:20.099560,54,0x0000,0xa706,48,0x0000,0xa706,0.005655
2023-10-29 17:35:20.103773,54,0x0000,0xa706,48,0x0000,0xa706,0.004213
2023-10-29 17:35:20.127378,52,0x0000,0xa706,49,0x0000,0xa706,0.023605
2023-10-29 17:35:20.150843,52,0x0000,0xa706,49,0x0000,0xa706,0.023465
2023-10-29 17:35:20.156279,52,0x0000,0xa706,49,0x0000,0xa706,0.005436
2023-10-29 17:35:20.159662,52,0x0000,0xa706,49,0x0000,0xa706,0.003383
2023-10-29 17:35:20.167055,54,0x0000,0xa706,50,,,0.007393
2023-10-29 17:35:20.170705,54,0x0000,0xa706,50,,,0.00365
2023-10-29 17:35:20.174701,54,0x0000,0xa706,50,,,0.003996
2023-10-29 17:35:20.194572,54,0x0000,0xa706,50,,,0.019871
2023-10-29 17:35:20.214090,52,0x0000,0xa706,51,,,0.019518
2023-10-29 17:35:20.218122,52,0x0000,0xa706,51,,,0.004032
2023-10-29 17:35:20.222436,52,0x0000,0xa706,51,,,0.004314
2023-10-29 17:35:20.225740,52,0x0000,0xa706,51,,,0.003304
2023-10-29 17:35:20.248889,54,0x0000,0xa706,52,,,0.023149
2023-10-29 17:35:20.253130,54,0x0000,0xa706,52,,,0.004241
2023-10-29 17:35:20.257448,54,0x0000,0xa706,52,,,0.004318
2023-10-29 17:35:20.262091,54,0x0000,0xa706,52,,,0.004643
2023-10-29 17:35:20.280135,52,0x0000,0xa706,53,,,0.018044
2023-10-29 17:35:20.283783,52,0x0000,0xa706,53,,,0.003648
2023-10-29 17:35:20.298290,52,0x0000,0xa706,53,,,0.014507
2023-10-29 17:35:20.303960,52,0x0000,0xa706,53,,,0.00567
2023-10-29 17:35:20.314715,54,0x0000,0xa706,54,0x0000,0xa706,0.010755
2023-10-29 17:35:20.320236,54,0x0000,0xa706,54,0x0000,0xa706,0.005521
2023-10-29 17:35:20.325786,54,0x0000,0xa706,54,0x0000,0xa706,0.00555
2023-10-29 17:35:20.331663,54,0x0000,0xa706,54,0x0000,0xa706,0.005877
2023-10-29 17:35:20.383206,59,0x0000,0xffff,55,,,0.051543
2023-10-29 17:35:20.757359,59,0x0000,0xffff,56,0x0000,0xfffc,0.374153
2023-10-29 17:35:21.115631,59,0x0000,0xffff,57,,,0.358272
2023-10-29 17:35:21.630517,57,0x0112,0xffff,6,,,0.514886
2023-10-29 17:35:21.677297,59,0x0000,0xffff,58,0x0000,0xfffc,0.04678
2023-10-29 17:35:21.700907,69,0x0112,0x0000,7,0x0112,0x0000,0.02361
2023-10-29 17:35:21.715390,69,0x0112,0x0000,7,0x0112,0x0000,0.014483
2023-10-29 17:35:21.717981,5,0x0000,0x0112,7,,,0.002591
2023-10-29 17:35:21.877430,49,0x0000,0x0112,60,,,0.159449
2023-10-29 17:35:21.879386,5,0x0112,0x0000,60,,,0.001956
2023-10-29 17:35:21.897180,50,0x0112,0x0000,8,,,0.017794
2023-10-29 17:35:21.899163,5,0x0000,0x0112,8,,,0.001983
2023-10-29 17:35:21.956084,59,0x0000,0xffff,61,,,0.056921
2023-10-29 17:35:22.120675,57,0x0112,0xffff,9,0x0112,0xfffd,0.164591
2023-10-29 17:35:22.326285,59,0x0000,0xffff,62,,,0.20561
2023-10-29 17:35:22.628139,57,0x0112,0xffff,10,0x0112,0xfffd,0.301854
2023-10-29 17:35:22.708137,59,0x0000,0xffff,63,0x0000,0xfffc,0.079998
2023-10-29 17:35:23.660366,56,0x8113,0x62ff,11,,,0.952229
2023-10-29 17:35:28.622811,52,0x0112,0x0000,12,0x0112,0x0000,4.962445
2023-10-29 17:35:28.624858,5,0x0000,0x0112,12,,,0.002047
2023-10-29 17:35:33.921385,47,0x0000,0xffff,64,0x0000,0xfffc,5.296527
2023-10-29 17:35:38.664043,56,0x0112,0xffff,13,,,4.7426580000000005
2023-10-29 17:35:48.456662,50,0x0000,0xffff,65,0x0000,0xfffc,9.792619
2023-10-29 17:35:50.057324,59,0x0000,0xffff,66,0x0000,0xfffc,1.600662
2023-10-29 17:35:50.072152,52,0x0000,0xa706,67,0x0000,0xa706,0.014828
2023-10-29 17:35:50.077344,52,0x0000,0xa706,67,0x0000,0xa706,0.005192
2023-10-29 17:35:50.087227,52,0x0000,0xa706,67,0x0000,0xa706,0.009883
2023-10-29 17:35:50.098749,52,0x0000,0xa706,67,,,0.011522
2023-10-29 17:35:50.111685,54,0x0000,0xa706,68,,,0.012936
2023-10-29 17:35:50.116496,54,0x0000,0xa706,68,,,0.004811
2023-10-29 17:35:50.122038,54,0x0000,0xa706,68,,,0.005542
2023-10-29 17:35:50.126314,54,0x0000,0xa706,68,,,0.004276
2023-10-29 17:35:50.135133,52,0x0000,0xa706,69,0x0000,0xa706,0.008819
2023-10-29 17:35:50.139804,52,0x0000,0xa706,69,0x0000,0xa706,0.004671
2023-10-29 17:35:50.143432,52,0x0000,0xa706,69,0x0000,0xa706,0.003628
2023-10-29 17:35:50.147422,52,0x0000,0xa706,69,0x0000,0xa706,0.00399
2023-10-29 17:35:50.173246,54,0x0000,0xa706,70,0x0000,0xa706,0.025824
2023-10-29 17:35:50.176569,54,0x0000,0xa706,70,0x0000,0xa706,0.003323
2023-10-29 17:35:50.180560,54,0x0000,0xa706,70,0x0000,0xa706,0.003991
2023-10-29 17:35:50.185602,54,0x0000,0xa706,70,0x0000,0xa706,0.005042
2023-10-29 17:35:50.198986,52,0x0000,0xa706,71,0x0000,0xa706,0.013384
2023-10-29 17:35:50.202523,52,0x0000,0xa706,71,0x0000,0xa706,0.003537
2023-10-29 17:35:50.207792,52,0x0000,0xa706,71,0x0000,0xa706,0.005269
2023-10-29 17:35:50.213145,52,0x0000,0xa706,71,0x0000,0xa706,0.005353
2023-10-29 17:35:50.222943,54,0x0000,0xa706,72,0x0000,0xa706,0.009798
2023-10-29 17:35:50.228473,54,0x0000,0xa706,72,0x0000,0xa706,0.00553
2023-10-29 17:35:50.233704,54,0x0000,0xa706,72,0x0000,0xa706,0.005231
2023-10-29 17:35:50.250506,54,0x0000,0xa706,72,0x0000,0xa706,0.016802
2023-10-29 17:35:50.261503,52,0x0000,0xa706,73,,,0.010997
2023-10-29 17:35:50.266744,52,0x0000,0xa706,73,,,0.005241
2023-10-29 17:35:50.271721,52,0x0000,0xa706,73,,,0.004977
2023-10-29 17:35:50.276300,52,0x0000,0xa706,73,,,0.004579
2023-10-29 17:35:50.287764,54,0x0000,0xa706,74,,,0.011464
2023-10-29 17:35:50.298215,54,0x0000,0xa706,74,,,0.010451
2023-10-29 17:35:50.302549,54,0x0000,0xa706,74,,,0.004334
2023-10-29 17:35:50.307184,54,0x0000,0xa706,74,,,0.004635
2023-10-29 17:35:50.337389,54,0x0000,0xa706,75,0x0000,0xa706,0.030205
2023-10-29 17:35:50.342642,54,0x0000,0xa706,75,0x0000,0xa706,0.005253
2023-10-29 17:35:50.346081,54,0x0000,0xa706,75,0x0000,0xa706,0.003439
2023-10-29 17:35:50.350893,54,0x0000,0xa706,75,,,0.004812
2023-10-29 17:35:50.366240,59,0x0112,0xffff,15,,,0.015347
2023-10-29 17:35:50.370751,59,0x0000,0xffff,76,0x0000,0xfffc,0.004511
2023-10-29 17:35:53.670917,53,0x0112,0xffff,16,,,3.300166
2023-10-29 17:35:56.945142,59,0x0000,0xffff,79,0x0000,0xfffc,3.274225
2023-10-29 17:35:56.958272,59,0x0112,0xffff,17,,,0.01313
2023-10-29 17:35:57.274278,59,0x0112,0xffff,18,,,0.316006
2023-10-29 17:35:57.324652,59,0x0000,0xffff,80,,,0.050374
2023-10-29 17:35:57.653772,59,0x0000,0xffff,81,,,0.32912
2023-10-29 17:35:57.992474,59,0x0000,0xffff,82,0x0000,0xfffc,0.338702
2023-10-29 17:36:04.714334,50,0x0000,0xffff,83,0x0000,0xfffc,6.72186
2023-10-29 17:36:08.671763,53,0x0112,0xffff,19,0x0112,0xfffc,3.957429
2023-10-29 17:36:11.842489,54,0x0000,0xec7f,84,,,3.170726
2023-10-29 17:36:11.847110,54,0x0000,0xec7f,84,,,0.004621
2023-10-29 17:36:11.851127,54,0x0000,0xec7f,84,,,0.004017
2023-10-29 17:36:11.855399,54,0x0000,0xec7f,84,,,0.004272
2023-10-29 17:36:11.881218,54,0x0000,0xec7f,85,,,0.025819
2023-10-29 17:36:11.884672,54,0x0000,0xec7f,85,,,0.003454
2023-10-29 17:36:11.890070,54,0x0000,0xec7f,85,,,0.005398
2023-10-29 17:36:11.894394,54,0x0000,0xec7f,85,,,0.004324
2023-10-29 17:36:11.921552,54,0x0000,0xec7f,86,,,0.027158
2023-10-29 17:36:11.926118,54,0x0000,0xec7f,86,,,0.004566
2023-10-29 17:36:11.929175,54,0x0000,0xec7f,86,,,0.003057
2023-10-29 17:36:11.933718,54,0x0000,0xec7f,86,,,0.004543
2023-10-29 17:36:11.958148,54,0x0000,0xec7f,87,,,0.02443
2023-10-29 17:36:11.963585,54,0x0000,0xec7f,87,,,0.005437
2023-10-29 17:36:11.968867,54,0x0000,0xec7f,87,,,0.005282
2023-10-29 17:36:11.971910,54,0x0000,0xec7f,87,,,0.003043
2023-10-29 17:36:12.007169,54,0x0000,0xec7f,88,,,0.035259
2023-10-29 17:36:12.012715,54,0x0000,0xec7f,88,,,0.005546
2023-10-29 17:36:12.017678,54,0x0000,0xec7f,88,,,0.004963
2023-10-29 17:36:12.022385,54,0x0000,0xec7f,88,,,0.004707
2023-10-29 17:36:12.064781,54,0x0000,0xec7f,89,,,0.042396
2023-10-29 17:36:12.069564,54,0x0000,0xec7f,89,,,0.004783
2023-10-29 17:36:12.073197,54,0x0000,0xec7f,89,,,0.003633
2023-10-29 17:36:12.076360,54,0x0000,0xec7f,89,,,0.003163
2023-10-29 17:36:12.140138,54,0x0000,0xec7f,90,0x0000,0x711c,0.063778
2023-10-29 17:36:12.145449,54,0x0000,0xec7f,90,0x0000,0x711c,0.005311
2023-10-29 17:36:12.149518,54,0x0000,0xec7f,90,0x0000,0x711c,0.004069
2023-10-29 17:36:12.154855,54,0x0000,0xec7f,90,0x0000,0x711c,0.005337
2023-10-29 17:36:12.201172,54,0x0000,0xec7f,91,,,0.046317
2023-10-29 17:36:12.204410,54,0x0000,0xec7f,91,,,0.003238
2023-10-29 17:36:12.213627,54,0x0000,0xec7f,91,,,0.009217
2023-10-29 17:36:12.218990,54,0x0000,0xec7f,91,,,0.005363
2023-10-29 17:36:12.267704,54,0x0000,0xec7f,92,0x0000,0x711c,0.048714
2023-10-29 17:36:12.273128,54,0x0000,0xec7f,92,0x0000,0x711c,0.005424
2023-10-29 17:36:12.276811,54,0x0000,0xec7f,92,0x0000,0x711c,0.003683
2023-10-29 17:36:12.281253,54,0x0000,0xec7f,92,0x0000,0x711c,0.004442
2023-10-29 17:36:12.332270,54,0x0000,0xec7f,93,0x0000,0x711c,0.051017
2023-10-29 17:36:12.337527,54,0x0000,0xec7f,93,0x0000,0x711c,0.005257
2023-10-29 17:36:12.342873,54,0x0000,0xec7f,93,0x0000,0x711c,0.005346
2023-10-29 17:36:12.348053,54,0x0000,0xec7f,93,0x0000,0x711c,0.00518
2023-10-29 17:36:20.055653,59,0x0000,0xffff,94,,,7.7076
2023-10-29 17:36:20.068149,59,0x0112,0xffff,20,,,0.012496
2023-10-29 17:36:20.071871,52,0x0000,0xa706,95,,,0.003722
2023-10-29 17:36:20.080407,52,0x0000,0xa706,95,,,0.008536
2023-10-29 17:36:20.083955,52,0x0000,0xa706,95,,,0.003548
2023-10-29 17:36:20.090036,52,0x0000,0xa706,95,,,0.006081
2023-10-29 17:36:20.099212,54,0x0000,0xa706,96,,,0.009176
2023-10-29 17:36:20.103239,54,0x0000,0xa706,96,,,0.004027
2023-10-29 17:36:20.106860,54,0x0000,0xa706,96,,,0.003621
2023-10-29 17:36:20.112194,54,0x0000,0xa706,96,,,0.005334
2023-10-29 17:36:20.131933,52,0x0000,0xa706,97,0x0000,0xa706,0.019739
2023-10-29 17:36:20.136279,52,0x0000,0xa706,97,0x0000,0xa706,0.004346
2023-10-29 17:36:20.139953,52,0x0000,0xa706,97,0x0000,0xa706,0.003674
2023-10-29 17:36:20.144911,52,0x0000,0xa706,97,0x0000,0xa706,0.004958
2023-10-29 17:36:20.151700,54,0x0000,0xa706,98,,,0.006789
2023-10-29 17:36:20.156941,54,0x0000,0xa706,98,,,0.005241
2023-10-29 17:36:20.161217,54,0x0000,0xa706,98,,,0.004276
2023-10-29 17:36:20.165855,54,0x0000,0xa706,98,,,0.004638
2023-10-29 17:36:20.203460,52,0x0000,0xa706,99,0x0000,0xa706,0.037605
2023-10-29 17:36:20.208766,52,0x0000,0xa706,99,0x0000,0xa706,0.005306
2023-10-29 17:36:20.211902,52,0x0000,0xa706,99,0x0000,0xa706,0.003136
2023-10-29 17:36:20.216212,52,0x0000,0xa706,99,0x0000,0xa706,0.00431
2023-10-29 17:36:20.223935,54,0x0000,0xa706,100,0x0000,0xa706,0.007723
2023-10-29 17:36:20.227274,54,0x0000,0xa706,100,0x0000,0xa706,0.003339
2023-10-29 17:36:20.231265,54,0x0000,0xa706,100,0x0000,0xa706,0.003991
2023-10-29 17:36:20.236543,54,0x0000,0xa706,100,0x0000,0xa706,0.005278
2023-10-29 17:36:20.245013,52,0x0000,0xa706,101,,,0.00847
2023-10-29 17:36:20.248352,52,0x0000,0xa706,101,,,0.003339
2023-10-29 17:36:20.252081,52,0x0000,0xa706,101,,,0.003729
2023-10-29 17:36:20.257413,52,0x0000,0xa706,101,,,0.005332
2023-10-29 17:36:20.265813,54,0x0000,0xa706,102,0x0000,0xa706,0.0084
2023-10-29 17:36:20.270695,54,0x0000,0xa706,102,0x0000,0xa706,0.004882
2023-10-29 17:36:20.276564,54,0x0000,0xa706,102,0x0000,0xa706,0.005869
2023-10-29 17:36:20.280609,54,0x0000,0xa706,102,0x0000,0xa706,0.004045
2023-10-29 17:36:20.293540,52,0x0000,0xa706,103,0x0000,0xa706,0.012931
2023-10-29 17:36:20.308327,52,0x0000,0xa706,103,0x0000,0xa706,0.014787
2023-10-29 17:36:20.314068,52,0x0000,0xa706,103,0x0000,0xa706,0.005741
2023-10-29 17:36:20.318280,52,0x0000,0xa706,103,0x0000,0xa706,0.004212
2023-10-29 17:36:20.328769,54,0x0000,0xa706,104,,,0.010489
2023-10-29 17:36:20.332682,54,0x0000,0xa706,104,,,0.003913
2023-10-29 17:36:20.337053,54,0x0000,0xa706,104,,,0.004371
2023-10-29 17:36:20.340427,59,0x0112,0xffff,21,,,0.003374
2023-10-29 17:36:20.344325,54,0x0000,0xa706,104,,,0.003898
2023-10-29 17:36:20.407033,59,0x0000,0xffff,105,,,0.062708
2023-10-29 17:36:20.772290,59,0x0000,0xffff,106,0x0000,0xfffc,0.365257
2023-10-29 17:36:20.849244,50,0x0000,0xffff,107,0x0000,0xfffc,0.076954
2023-10-29 17:36:21.154301,59,0x0000,0xffff,108,,,0.305057
2023-10-29 17:36:23.661996,50,0x0112,0xffff,22,,,2.507695
2023-10-29 17:36:26.209556,83,0x907b,0x0000,189,0x907b,0x0000,2.54756
2023-10-29 17:36:26.212595,5,0x0000,0x907b,189,,,0.003039
2023-10-29 17:36:26.721537,12,0x907b,0x0000,190,,,0.508942
2023-10-29 17:36:26.722304,5,0x0000,0x907b,190,,,0.000767
2023-10-29 17:36:38.117550,50,0x0000,0xffff,109,,,11.395246
2023-10-29 17:36:38.666369,50,0x0112,0xffff,23,,,0.548819
2023-10-29 17:36:40.638859,54,0x946e,0x0000,240,0x946e,0x0000,1.97249
2023-10-29 17:36:40.640970,5,0x0000,0x946e,240,,,0.002111
2023-10-29 17:36:41.149347,12,0x946e,0x0000,241,,,0.508377
2023-10-29 17:36:41.150114,5,0x0000,0x946e,241,,,0.000767
2023-10-29 17:36:43.489178,54,0x946e,0x0000,242,0x946e,0x0000,2.339064
2023-10-29 17:36:43.491289,5,0x0000,0x946e,242,,,0.002111
2023-10-29 17:36:43.996377,12,0x946e,0x0000,243,,,0.505088
2023-10-29 17:36:43.997144,5,0x0000,0x946e,243,,,0.000767
2023-10-29 17:36:50.060583,59,0x0000,0xffff,110,0x0000,0xfffc,6.063439
2023-10-29 17:36:50.072440,59,0x0112,0xffff,24,,,0.011857
2023-10-29 17:36:50.079026,52,0x0000,0xa706,111,,,0.006586
2023-10-29 17:36:50.085600,52,0x0000,0xa706,111,,,0.006574
2023-10-29 17:36:50.089687,52,0x0000,0xa706,111,,,0.004087
2023-10-29 17:36:50.112373,54,0x0000,0xa706,112,,,0.022686
2023-10-29 17:36:50.117739,54,0x0000,0xa706,112,,,0.005366
2023-10-29 17:36:50.122711,54,0x0000,0xa706,112,,,0.004972
2023-10-29 17:36:50.128260,54,0x0000,0xa706,112,,,0.005549
2023-10-29 17:36:50.143628,52,0x0000,0xa706,113,0x0000,0xa706,0.015368
2023-10-29 17:36:50.147907,52,0x0000,0xa706,113,0x0000,0xa706,0.004279
2023-10-29 17:36:50.152873,52,0x0000,0xa706,113,0x0000,0xa706,0.004966
2023-10-29 17:36:50.157206,52,0x0000,0xa706,113,0x0000,0xa706,0.004333
2023-10-29 17:36:50.183934,54,0x0000,0xa706,114,,,0.026728
2023-10-29 17:36:50.187529,54,0x0000,0xa706,114,,,0.003595
2023-10-29 17:36:50.190943,54,0x0000,0xa706,114,,,0.003414
2023-10-29 17:36:50.195894,54,0x0000,0xa706,114,,,0.004951
2023-10-29 17:36:50.207232,52,0x0000,0xa706,115,,,0.011338
2023-10-29 17:36:50.212154,52,0x0000,0xa706,115,,,0.004922
2023-10-29 17:36:50.215838,52,0x0000,0xa706,115,,,0.003684
2023-10-29 17:36:50.220476,52,0x0000,0xa706,115,,,0.004638
2023-10-29 17:36:50.244412,54,0x0000,0xa706,116,0x0000,0xa706,0.023936
2023-10-29 17:36:50.247742,54,0x0000,0xa706,116,0x0000,0xa706,0.00333
2023-10-29 17:36:50.251093,54,0x0000,0xa706,116,0x0000,0xa706,0.003351
2023-10-29 17:36:50.255241,54,0x0000,0xa706,116,0x0000,0xa706,0.004148
2023-10-29 17:36:50.263285,52,0x0000,0xa706,117,0x0000,0xa706,0.008044
2023-10-29 17:36:50.266878,52,0x0000,0xa706,117,0x0000,0xa706,0.003593
2023-10-29 17:36:50.271195,52,0x0000,0xa706,117,0x0000,0xa706,0.004317
2023-10-29 17:36:50.276472,52,0x0000,0xa706,117,0x0000,0xa706,0.005277
2023-10-29 17:36:50.294839,54,0x0000,0xa706,118,0x0000,0xa706,0.018367
2023-10-29 17:36:50.299072,54,0x0000,0xa706,118,0x0000,0xa706,0.004233
2023-10-29 17:36:50.310241,54,0x0000,0xa706,118,0x0000,0xa706,0.011169
2023-10-29 17:36:50.314580,54,0x0000,0xa706,118,0x0000,0xa706,0.004339
2023-10-29 17:36:50.342443,59,0x0112,0xffff,25,0x0000,0xfffc,0.027863
2023-10-29 17:36:50.345091,54,0x0000,0xa706,119,0x0000,0xa706,0.002648
2023-10-29 17:36:50.349265,54,0x0000,0xa706,119,0x0000,0xa706,0.004174
2023-10-29 17:36:50.354062,54,0x0000,0xa706,119,0x0000,0xa706,0.004797
2023-10-29 17:36:50.357516,54,0x0000,0xa706,119,0x0000,0xa706,0.003454
2023-10-29 17:36:50.365338,59,0x0000,0xffff,120,0x0000,0xfffc,0.007822
2023-10-29 17:36:50.742810,59,0x0000,0xffff,121,0x0000,0xfffc,0.377472
2023-10-29 17:36:50.773095,59,0x0112,0xffff,26,0x0000,0xfffc,0.030285
2023-10-29 17:36:51.018101,59,0x0000,0xffff,122,,,0.245006
2023-10-29 17:36:53.149264,50,0x0000,0xffff,123,,,2.131163
2023-10-29 17:36:53.656913,50,0x0112,0xffff,27,0x0112,0xfffc,0.507649
2023-10-29 17:37:08.671139,50,0x0112,0xffff,28,,,15.014226
2023-10-29 17:37:09.915951,50,0x0000,0x1cd8,124,0x0000,0x1cd8,1.244812
2023-10-29 17:37:09.919035,50,0x0000,0x1cd8,124,0x0000,0x1cd8,0.003084
2023-10-29 17:37:09.923898,50,0x0000,0x1cd8,124,0x0000,0x1cd8,0.004863
2023-10-29 17:37:09.929030,50,0x0000,0x1cd8,124,0x0000,0x1cd8,0.005132
2023-10-29 17:37:09.953235,50,0x0000,0x1cd8,125,,,0.024205
2023-10-29 17:37:09.960121,50,0x0000,0x1cd8,125,,,0.006886
2023-10-29 17:37:09.970921,50,0x0000,0x1cd8,125,,,0.0108
2023-10-29 17:37:09.974494,50,0x0000,0x1cd8,125,,,0.003573
2023-10-29 17:37:10.000152,50,0x0000,0x1cd8,126,0x0000,0x1cd8,0.025658
2023-10-29 17:37:10.005205,50,0x0000,0x1cd8,126,0x0000,0x1cd8,0.005053
2023-10-29 17:37:10.010274,50,0x0000,0x1cd8,126,0x0000,0x1cd8,0.005069
2023-10-29 17:37:10.015084,50,0x0000,0x1cd8,126,0x0000,0x1cd8,0.00481
2023-10-29 17:37:10.042448,50,0x0000,0x1cd8,127,0x0000,0x1cd8,0.027364
2023-10-29 17:37:10.047871,50,0x0000,0x1cd8,127,0x0000,0x1cd8,0.005423
2023-10-29 17:37:10.050917,50,0x0000,0x1cd8,127,0x0000,0x1cd8,0.003046
2023-10-29 17:37:10.056419,50,0x0000,0x1cd8,127,0x0000,0x1cd8,0.005502
2023-10-29 17:37:10.094744,50,0x0000,0x1cd8,128,,,0.038325
2023-10-29 17:37:10.100118,50,0x0000,0x1cd8,128,,,0.005374
2023-10-29 17:37:10.104442,50,0x0000,0x1cd8,128,,,0.004324
2023-10-29 17:37:10.109739,50,0x0000,0x1cd8,128,,,0.005297
2023-10-29 17:37:10.163446,50,0x0000,0xffff,129,0x0000,0xfffc,0.053707
2023-10-29 17:37:10.197796,50,0x0000,0x1cd8,130,0x0000,0x1cd8,0.03435
2023-10-29 17:37:10.203151,50,0x0000,0x1cd8,130,0x0000,0x1cd8,0.005355
2023-10-29 17:37:10.206195,50,0x0000,0x1cd8,130,0x0000,0x1cd8,0.003044
2023-10-29 17:37:10.210483,50,0x0000,0x1cd8,130,0x0000,0x1cd8,0.004288
2023-10-29 17:37:10.258441,50,0x0000,0x1cd8,131,,,0.047958
2023-10-29 17:37:10.268661,50,0x0000,0x1cd8,131,,,0.01022
2023-10-29 17:37:10.277891,50,0x0000,0x1cd8,131,,,0.00923
2023-10-29 17:37:10.327717,50,0x0000,0x1cd8,132,0x0000,0x1cd8,0.049826
2023-10-29 17:37:10.332015,50,0x0000,0x1cd8,132,0x0000,0x1cd8,0.004298
2023-10-29 17:37:10.335969,50,0x0000,0x1cd8,132,0x0000,0x1cd8,0.003954
2023-10-29 17:37:10.345235,50,0x0000,0x1cd8,132,0x0000,0x1cd8,0.009266
2023-10-29 17:37:10.393701,50,0x0000,0x1cd8,133,,,0.048466
2023-10-29 17:37:10.396668,50,0x0000,0x1cd8,133,,,0.002967
2023-10-29 17:37:10.401531,50,0x0000,0x1cd8,133,,,0.004863
2023-10-29 17:37:10.406662,50,0x0000,0x1cd8,133,,,0.005131
2023-10-29 17:37:12.859276,52,0xe01d,0xe1a6,196,,,2.452614
2023-10-29 17:37:12.863380,52,0xe01d,0xe1a6,196,,,0.004104
2023-10-29 17:37:12.867164,52,0xe01d,0xe1a6,196,,,0.003784
2023-10-29 17:37:12.871588,52,0xe01d,0xe1a6,196,,,0.004424
2023-10-29 17:37:12.979110,52,0xe01d,0xe1a6,197,,,0.107522
2023-10-29 17:37:12.983214,52,0xe01d,0xe1a6,197,,,0.004104
2023-10-29 17:37:12.986998,52,0xe01d,0xe1a6,197,,,0.003784
2023-10-29 17:37:12.991422,52,0xe01d,0xe1a6,197,,,0.004424
2023-10-29 17:37:13.098953,52,0xe01d,0xe1a6,198,0xe01d,0x0000,0.107531
2023-10-29 17:37:13.103057,52,0xe01d,0xe1a6,198,0xe01d,0x0000,0.004104
2023-10-29 17:37:13.106841,52,0xe01d,0xe1a6,198,0xe01d,0x0000,0.003784
2023-10-29 17:37:13.111265,52,0xe01d,0xe1a6,198,0xe01d,0x0000,0.004424
2023-10-29 17:37:13.319864,52,0xe01d,0xe1a6,199,0xe01d,0x0000,0.208599
2023-10-29 17:37:13.323968,52,0xe01d,0xe1a6,199,0xe01d,0x0000,0.004104
2023-10-29 17:37:13.327752,52,0xe01d,0xe1a6,199,0xe01d,0x0000,0.003784
2023-10-29 17:37:13.332176,52,0xe01d,0xe1a6,199,0xe01d,0x0000,0.004424
2023-10-29 17:37:13.743247,52,0xe01d,0xe1a6,200,,,0.411071
2023-10-29 17:37:13.747352,52,0xe01d,0xe1a6,200,,,0.004105
2023-10-29 17:37:13.751136,52,0xe01d,0xe1a6,200,,,0.003784
2023-10-29 17:37:13.755560,52,0xe01d,0xe1a6,200,,,0.004424
2023-10-29 17:37:14.571851,52,0xe01d,0xe1a6,201,0xe01d,0x0000,0.816291
2023-10-29 17:37:14.575955,52,0xe01d,0xe1a6,201,0xe01d,0x0000,0.004104
2023-10-29 17:37:14.579739,52,0xe01d,0xe1a6,201,0xe01d,0x0000,0.003784
2023-10-29 17:37:14.584163,52,0xe01d,0xe1a6,201,0xe01d,0x0000,0.004424
2023-10-29 17:37:20.062569,59,0x0000,0xffff,134,0x0000,0xfffc,5.478406
2023-10-29 17:37:20.076335,52,0x0000,0xa706,135,,,0.013766
2023-10-29 17:37:20.081075,52,0x0000,0xa706,135,,,0.00474
2023-10-29 17:37:20.084027,59,0x0112,0xffff,29,,,0.002952
2023-10-29 17:37:20.086558,52,0x0000,0xa706,135,,,0.002531
2023-10-29 17:37:20.091667,52,0x0000,0xa706,135,,,0.005109
2023-10-29 17:37:20.110046,54,0x0000,0xa706,136,,,0.018379
2023-10-29 17:37:20.115045,54,0x0000,0xa706,136,,,0.004999
2023-10-29 17:37:20.118356,54,0x0000,0xa706,136,,,0.003311
2023-10-29 17:37:20.121770,54,0x0000,0xa706,136,,,0.003414
2023-10-29 17:37:20.138772,52,0x0000,0xa706,137,,,0.017002
2023-10-29 17:37:20.143396,52,0x0000,0xa706,137,,,0.004624
2023-10-29 17:37:20.148296,52,0x0000,0xa706,137,,,0.0049
2023-10-29 17:37:20.152629,52,0x0000,0xa706,137,,,0.004333
2023-10-29 17:37:20.159119,54,0x0000,0xa706,138,,,0.00649
2023-10-29 17:37:20.163082,54,0x0000,0xa706,138,,,0.003963
2023-10-29 17:37:20.168041,54,0x0000,0xa706,138,,,0.004959
2023-10-29 17:37:20.172692,54,0x0000,0xa706,138,,,0.004651
2023-10-29 17:37:20.213711,52,0x0000,0xa706,139,0x0000,0xa706,0.041019
2023-10-29 17:37:20.219140,52,0x0000,0xa706,139,0x0000,0xa706,0.005429
2023-10-29 17:37:20.222447,52,0x0000,0xa706,139,0x0000,0xa706,0.003307
2023-10-29 17:37:20.227779,52,0x0000,0xa706,139,0x0000,0xa706,0.005332
2023-10-29 17:37:20.234811,54,0x0000,0xa706,140,0x0000,0xa706,0.007032
2023-10-29 17:37:20.240382,54,0x0000,0xa706,140,0x0000,0xa706,0.005571
2023-10-29 17:37:20.244338,54,0x0000,0xa706,140,0x0000,0xa706,0.003956
2023-10-29 17:37:20.248646,54,0x0000,0xa706,140,0x0000,0xa706,0.004308
2023-10-29 17:37:20.255447,52,0x0000,0xa706,141,,,0.006801
2023-10-29 17:37:20.258894,52,0x0000,0xa706,141,,,0.003447
2023-10-29 17:37:20.262243,52,0x0000,0xa706,141,,,0.003349
2023-10-29 17:37:20.267191,52,0x0000,0xa706,141,,,0.004948
2023-10-29 17:37:20.282342,54,0x0000,0xa706,142,,,0.015151
2023-10-29 17:37:20.286464,54,0x0000,0xa706,142,,,0.004122
2023-10-29 17:37:20.291421,54,0x0000,0xa706,142,,,0.004957
2023-10-29 17:37:20.296970,54,0x0000,0xa706,142,,,0.005549
2023-10-29 17:37:20.313303,52,0x0000,0xa706,143,,,0.016333
2023-10-29 17:37:20.316694,52,0x0000,0xa706,143,,,0.003391
2023-10-29 17:37:20.321003,52,0x0000,0xa706,143,,,0.004309
2023-10-29 17:37:20.324451,52,0x0000,0xa706,143,,,0.003448
2023-10-29 17:37:20.331851,54,0x0000,0xa706,144,0x0000,0xa706,0.0074
2023-10-29 17:37:20.337102,54,0x0000,0xa706,144,0x0000,0xa706,0.005251
2023-10-29 17:37:20.340797,54,0x0000,0xa706,144,0x0000,0xa706,0.003695
2023-10-29 17:37:20.345752,54,0x0000,0xa706,144,0x0000,0xa706,0.004955
2023-10-29 17:37:20.356143,59,0x0112,0xffff,30,,,0.010391
2023-10-29 17:37:20.439628,59,0x0000,0xffff,145,,,0.083485
2023-10-29 17:37:20.811091,59,0x1287,0x528f,146,,,0.371463
2023-10-29 17:37:21.098281,59,0x0000,0xffff,147,,,0.28719
2023-10-29 17:37:23.666484,50,0x0112,0xffff,31,,,2.568203
2023-10-29 17:37:27.600950,50,0x0000,0xffff,148,0x0000,0xfffc,3.934466
2023-10-29 17:37:44.627788,50,0x0000,0xffff,149,0x0000,0xfffc,17.026838
2023-10-29 17:37:50.069315,59,0x0000,0xffff,150,0x0000,0xfffc,5.441527
2023-10-29 17:37:50.083705,52,0x0000,0xa706,151,,,0.01439
2023-10-29 17:37:50.088930,52,0x0000,0xa706,151,,,0.005225
2023-10-29 17:37:50.094116,52,0x0000,0xa706,151,,,0.005186
2023-10-29 17:37:50.097735,52,0x0000,0xa706,151,,,0.003619
2023-10-29 17:37:50.115004,54,0x0000,0xa706,152,0x0000,0xa706,0.017269
2023-10-29 17:37:50.119121,54,0x0000,0xa706,152,0x0000,0xa706,0.004117
2023-10-29 17:37:50.123115,54,0x0000,0xa706,152,0x0000,0xa706,0.003994
2023-10-29 17:37:50.127430,54,0x0000,0xa706,152,0x0000,0xa706,0.004315
2023-10-29 17:37:50.136157,52,0x0000,0xa706,153,,,0.008727
2023-10-29 17:37:50.139757,52,0x0000,0xa706,153,,,0.0036
2023-10-29 17:37:50.143115,52,0x0000,0xa706,153,,,0.003358
2023-10-29 17:37:50.146528,52,0x0000,0xa7b6,153,,,0.003413
2023-10-29 17:37:50.174885,54,0x0000,0xa706,154,,,0.028357
2023-10-29 17:37:50.179168,54,0x0000,0xa706,154,,,0.004283
2023-10-29 17:37:50.183803,54,0x0000,0xa706,154,,,0.004635
2023-10-29 17:37:50.188454,54,0x0000,0xa706,154,,,0.004651
2023-10-29 17:37:50.196814,52,0x0000,0xa706,155,0x0000,0xa706,0.00836
2023-10-29 17:37:50.205698,52,0x0000,0xa706,155,0x0000,0xa706,0.008884
2023-10-29 17:37:50.216170,52,0x0000,0xa706,155,0x0000,0xa706,0.010472
2023-10-29 17:37:50.228569,54,0x0000,0xa706,156,0x0000,0xa706,0.012399
2023-10-29 17:37:50.234149,54,0x0000,0xa706,156,0x0000,0xa706,0.00558
2023-10-29 17:37:50.238180,54,0x0000,0xa706,156,0x0000,0xa706,0.004031
2023-10-29 17:37:50.242174,54,0x0000,0xa706,156,0x0000,0xa706,0.003994
2023-10-29 17:37:50.250484,52,0x0000,0xa706,157,,,0.00831
2023-10-29 17:37:50.255749,52,0x0000,0xa706,157,,,0.005265
2023-10-29 17:37:50.261624,52,0x0000,0xa706,157,,,0.005875
2023-10-29 17:37:50.267033,52,0x0000,0xa706,157,,,0.005409
2023-10-29 17:37:50.274385,54,0x0000,0xa706,158,,,0.007352
2023-10-29 17:37:50.279898,54,0x0000,0xa706,158,,,0.005513
2023-10-29 17:37:50.284552,54,0x0000,0xa706,158,,,0.004654
2023-10-29 17:37:50.288495,54,0x0000,0xa706,158,,,0.003943
2023-10-29 17:37:50.299046,52,0x0000,0xa706,159,,,0.010551
2023-10-29 17:37:50.306957,52,0x0000,0xa706,159,,,0.007911
2023-10-29 17:37:50.311330,52,0x0000,0xa706,159,,,0.004373
2023-10-29 17:37:50.332703,59,0x0000,0xffff,160,0x0000,0xfffc,0.021373
2023-10-29 17:37:50.341156,54,0x0000,0xa706,161,,,0.008453
2023-10-29 17:37:50.345086,54,0x0000,0xa706,161,,,0.00393
2023-10-29 17:37:50.348497,54,0x0000,0xa706,161,,,0.003411
2023-10-29 17:37:50.353133,54,0x0000,0xa706,161,,,0.004636
2023-10-29 17:37:51.008810,59,0x0000,0xffff,163,,,0.655677
2023-10-29 17:37:58.695432,50,0x0000,0xffff,164,,,7.686622
2023-10-29 17:38:12.668412,50,0x0000,0xffff,165,0x0000,0xfffc,13.97298
2023-10-29 17:38:20.069171,59,0x0000,0xffff,166,,,7.400759
2023-10-29 17:38:20.082867,52,0x0000,0xa706,167,,,0.013696
2023-10-29 17:38:20.088106,52,0x0000,0xa706,167,,,0.005239
2023-10-29 17:38:20.096349,52,0x0000,0xa706,167,,,0.008243
2023-10-29 17:38:20.101474,52,0x0000,0xa706,167,,,0.005125
2023-10-29 17:38:20.115991,54,0x0000,0xa706,168,0x0000,0xa706,0.014517
2023-10-29 17:38:20.130158,54,0x0000,0xa706,168,0x0000,0xa706,0.014167
2023-10-29 17:38:20.135245,54,0x0000,0xa706,168,0x0000,0xa706,0.005087
2023-10-29 17:38:20.139515,54,0x0000,0xa706,168,0x0000,0xa706,0.00427
2023-10-29 17:38:20.155238,52,0x0000,0xa706,169,0x0000,0xa706,0.015723
2023-10-29 17:38:20.160497,52,0x0000,0xa706,169,0x0000,0xa706,0.005259
2023-10-29 17:38:20.165727,52,0x0000,0xa706,169,0x0000,0xa706,0.00523
2023-10-29 17:38:20.171021,52,0x0000,0xa706,169,0x0000,0xa706,0.005294
2023-10-29 17:38:20.182365,54,0x0000,0xa706,170,,,0.011344
2023-10-29 17:38:20.187560,54,0x0000,0xa706,170,,,0.005195
2023-10-29 17:38:20.191191,54,0x0000,0xa706,170,,,0.003631
2023-10-29 17:38:20.194603,54,0x0000,0xa706,170,,,0.003412
2023-10-29 17:38:20.211348,52,0x0000,0xa706,171,,,0.016745
2023-10-29 17:38:20.221166,52,0x0000,0xa706,171,,,0.009818
2023-10-29 17:38:20.225813,52,0x0000,0xa706,171,,,0.004647
2023-10-29 17:38:20.229181,52,0x0000,0xa706,171,,,0.003368
2023-10-29 17:38:20.244961,54,0x0000,0xa706,172,,,0.01578
2023-10-29 17:38:20.248283,54,0x0000,0xa706,172,,,0.003322
2023-10-29 17:38:20.252595,54,0x0000,0xa706,172,,,0.004312
2023-10-29 17:38:20.257549,54,0x0000,0xa706,172,,,0.004954
2023-10-29 17:38:20.277462,52,0x0000,0xa706,173,,,0.019913
2023-10-29 17:38:20.287039,52,0x0000,0xa706,173,,,0.009577
2023-10-29 17:38:20.290714,52,0x0000,0xa706,173,,,0.003675
2023-10-29 17:38:20.302814,54,0x0000,0xa706,174,0x0000,0xa706,0.0121
2023-10-29 17:38:20.306136,54,0x0000,0xa706,174,0x0000,0xa706,0.003322
2023-10-29 17:38:20.311727,54,0x0000,0xa706,174,0x0000,0xa706,0.005591
2023-10-29 17:38:20.325221,54,0x0000,0xa706,174,0x0000,0xa706,0.013494
2023-10-29 17:38:20.348119,59,0x0000,0xffff,175,0x0000,0xfffc,0.022898
2023-10-29 17:38:20.655271,59,0x0000,0xffff,176,0x0000,0xfffc,0.307152
2023-10-29 17:38:21.046312,59,0x0000,0xffff,177,,,0.391041
2023-10-29 17:38:26.869376,47,0x0000,0xffff,178,,,5.8230640000000005
2023-10-29 17:38:41.366748,47,0x0000,0xffff,179,0x0000,0xfffc,14.497372
2023-10-29 17:38:49.958626,52,0xe01d,0xe1a6,202,0xe01d,0x0000,8.591878
2023-10-29 17:38:49.962731,52,0xe01d,0xe1a6,202,0xe01d,0x0000,0.004105
2023-10-29 17:38:49.966515,52,0xe01d,0xe1a6,202,0xe01d,0x0000,0.003784
2023-10-29 17:38:49.970939,52,0xe01d,0xe1a6,202,0xe01d,0x0000,0.004424
2023-10-29 17:38:50.073695,59,0x0000,0xffff,180,0x0000,0xfffc,0.102756
2023-10-29 17:38:50.081567,52,0xe01d,0xe1a6,203,,,0.007872
2023-10-29 17:38:50.085671,52,0xe01d,0xe1a6,203,,,0.004104
2023-10-29 17:38:50.089455,52,0xe01d,0xe1a6,203,,,0.003784
2023-10-29 17:38:50.091877,52,0x0000,0xa706,181,,,0.002422
2023-10-29 17:38:50.096039,52,0xe01d,0xe1a6,203,,,0.004162
2023-10-29 17:38:50.098805,52,0x0000,0xa706,181,,,0.002766
2023-10-29 17:38:50.104517,52,0x0000,0xa706,181,,,0.005712
2023-10-29 17:38:50.126090,54,0x0000,0xa706,182,0x0000,0xa706,0.021573
2023-10-29 17:38:50.130880,54,0x0000,0xa706,182,0x0000,0xa706,0.00479
2023-10-29 17:38:50.136102,54,0x0000,0xa706,182,0x0000,0xa706,0.005222
2023-10-29 17:38:50.139797,54,0x0000,0xa706,182,0x0000,0xa706,0.003695
2023-10-29 17:38:50.156154,52,0x0000,0xa706,183,,,0.016357
2023-10-29 17:38:50.159822,52,0x0000,0xa706,183,,,0.003668
2023-10-29 17:38:50.165090,52,0x0000,0xa706,183,,,0.005268
2023-10-29 17:38:50.168483,52,0x0000,0xa706,183,,,0.003393
2023-10-29 17:38:50.175624,54,0x0000,0xa706,184,,,0.007141
2023-10-29 17:38:50.178954,54,0x0000,0xa706,184,,,0.00333
2023-10-29 17:38:50.182945,54,0x0000,0xa706,184,,,0.003991
2023-10-29 17:38:50.186303,54,0x0000,0xa706,184,,,0.003358
2023-10-29 17:38:50.201164,52,0x0000,0xa706,185,0x0000,0xa706,0.014861
2023-10-29 17:38:50.203553,52,0xe01d,0xe1a6,204,,,0.002389
2023-10-29 17:38:50.206751,52,0x0000,0xa706,185,0x0000,0xa706,0.003198
2023-10-29 17:38:50.213677,52,0xe01d,0xe1a6,204,,,0.006926
2023-10-29 17:38:50.217237,52,0x0000,0xa706,185,0x0000,0xa706,0.00356
2023-10-29 17:38:50.222397,52,0xe01d,0xe1a6,204,,,0.00516
2023-10-29 17:38:50.225219,52,0x0000,0xa706,185,0x0000,0xa706,0.002822
2023-10-29 17:38:50.228982,52,0xe01d,0xe1a6,204,,,0.003763
2023-10-29 17:38:50.237338,54,0x0000,0xa706,186,,,0.008356
2023-10-29 17:38:50.242852,54,0x0000,0xa706,186,,,0.005514
2023-10-29 17:38:50.247763,54,0x0000,0xa706,186,,,0.004911
2023-10-29 17:38:50.253375,54,0x0000,0xa706,186,,,0.005612
2023-10-29 17:38:50.276994,52,0x0000,0xa706,187,0x0000,0xa706,0.023619
2023-10-29 17:38:50.281020,52,0x0000,0xa706,187,0x0000,0xa706,0.004026
2023-10-29 17:38:50.285339,52,0x0000,0xa706,187,0x0000,0xa706,0.004319
2023-10-29 17:38:50.290613,52,0x0000,0xa706,187,0x0000,0xa706,0.005274
2023-10-29 17:38:50.303621,54,0x0000,0xa706,188,,,0.013008
2023-10-29 17:38:50.307856,54,0x0000,0xa706,188,,,0.004235
2023-10-29 17:38:50.311210,54,0x0000,0xa706,188,,,0.003354
2023-10-29 17:38:50.314621,54,0x0000,0xa706,188,,,0.003411
2023-10-29 17:38:50.344344,54,0x0000,0xa706,189,,,0.029723
2023-10-29 17:38:50.347773,54,0x0000,0xa706,189,,,0.003429
2023-10-29 17:38:50.352602,54,0x0000,0xa706,189,,,0.004829
2023-10-29 17:38:50.357960,54,0x0000,0xa706,189,,,0.005358
2023-10-29 17:38:50.404706,59,0x0000,0xffff,190,,,0.046746
2023-10-29 17:38:50.437826,52,0xe01d,0xe1a6,205,,,0.03312
2023-10-29 17:38:50.441931,52,0xe01d,0xe1a6,205,,,0.004105
2023-10-29 17:38:50.445715,52,0xe01d,0xe1a6,205,,,0.003784
2023-10-29 17:38:50.450139,52,0xe01d,0xe1a6,205,,,0.004424
2023-10-29 17:38:50.674143,59,0x0000,0xffff,191,,,0.224004
2023-10-29 17:38:50.861150,52,0xe01d,0xe1a6,206,0xe01d,0x0000,0.187007
2023-10-29 17:38:50.865254,52,0xe01d,0xe1a6,206,0xe01d,0x0000,0.004104
2023-10-29 17:38:50.869038,52,0xe01d,0xe1a6,206,0xe01d,0x0000,0.003784
2023-10-29 17:38:50.873462,52,0xe01d,0xe1a6,206,0xe01d,0x0000,0.004424
2023-10-29 17:38:51.043324,59,0x0000,0xffff,192,,,0.169862
2023-10-29 17:38:51.689684,52,0xe01d,0xe1a6,207,,,0.64636
2023-10-29 17:38:51.693788,52,0xe01d,0xe1a6,207,,,0.004104
2023-10-29 17:38:51.697572,52,0xe01d,0xe1a6,207,,,0.003784
2023-10-29 17:38:51.701996,52,0xe01d,0xe1a6,207,,,0.004424
2023-10-29 17:38:57.403457,47,0x0000,0xffff,193,,,5.701461
2023-10-29 17:39:17.851014,54,0x0000,0xec7f,195,,,20.447557
2023-10-29 17:39:17.856212,54,0x0000,0xec7f,195,,,0.005198
2023-10-29 17:39:17.860856,54,0x0000,0xec7f,195,,,0.004644
2023-10-29 17:39:17.864810,54,0x0000,0xec7f,195,,,0.003954
2023-10-29 17:39:17.905075,54,0x0000,0xec7f,196,0x0000,0x711c,0.040265
2023-10-29 17:39:17.909190,54,0x0000,0xec7f,196,0x0000,0x711c,0.004115
2023-10-29 17:39:17.914592,54,0x0000,0xec7f,196,0x0000,0x711c,0.005402
2023-10-29 17:39:17.919874,54,0x0000,0xec7f,196,0x0000,0x711c,0.005282
2023-10-29 17:39:17.950417,54,0x0000,0xec7f,197,0x0000,0x711c,0.030543
2023-10-29 17:39:17.955895,54,0x0000,0xec7f,197,0x0000,0x711c,0.005478
2023-10-29 17:39:17.958938,54,0x0000,0xec7f,197,0x0000,0x711c,0.003043
2023-10-29 17:39:17.964185,54,0x0000,0xec7f,197,0x0000,0x711c,0.005247
2023-10-29 17:39:18.012900,54,0x0000,0xec7f,198,0x0000,0x711c,0.048715
2023-10-29 17:39:18.016724,54,0x0000,0xec7f,198,0x0000,0x711c,0.003824
2023-10-29 17:39:18.020142,54,0x0000,0xec7f,198,0x0000,0x711c,0.003418
2023-10-29 17:39:18.023941,54,0x0000,0xec7f,198,0x0000,0x711c,0.003799
2023-10-29 17:39:18.078131,54,0x0000,0xec7f,199,0x0000,0x711c,0.05419
2023-10-29 17:39:18.082767,54,0x0000,0xec7f,199,0x0000,0x711c,0.004636
2023-10-29 17:39:18.085761,54,0x0000,0xec7f,199,0x0000,0x711c,0.002994
2023-10-29 17:39:18.090049,54,0x0000,0xec7f,199,0x0000,0x711c,0.004288
2023-10-29 17:39:18.172485,54,0x0000,0xec7f,200,,,0.082436
2023-10-29 17:39:18.177478,54,0x0000,0xec7f,200,,,0.004993
2023-10-29 17:39:18.183147,54,0x0000,0xec7f,200,,,0.005669
2023-10-29 17:39:18.186840,54,0x0000,0xec7f,200,,,0.003693
2023-10-29 17:39:18.238236,54,0x0000,0xec7f,201,0x0000,0x711c,0.051396
2023-10-29 17:39:18.241522,54,0x0000,0xec7f,201,0x0000,0x711c,0.003286
2023-10-29 17:39:18.245170,54,0x0000,0xec7f,201,0x0000,0x711c,0.003648
2023-10-29 17:39:18.250888,54,0x0000,0xec7f,201,0x0000,0x711c,0.005718
2023-10-29 17:39:18.300137,54,0x0000,0xec7f,202,,,0.049249
2023-10-29 17:39:18.304384,54,0x0000,0xec7f,202,,,0.004247
2023-10-29 17:39:18.308400,54,0x0000,0xec7f,202,,,0.004016
2023-10-29 17:39:18.312841,54,0x0000,0xec7f,202,,,0.004441
2023-10-29 17:39:18.367601,54,0x0000,0xec7f,203,,,0.05476
2023-10-29 17:39:18.371258,54,0x0000,0xec7f,203,,,0.003657
2023-10-29 17:39:18.376017,54,0x0000,0xec7f,203,,,0.004759
2023-10-29 17:39:18.387588,54,0x0000,0xec7f,203,,,0.011571
2023-10-29 17:39:20.076435,59,0x0000,0xffff,204,,,1.688847
2023-10-29 17:39:20.091068,52,0x0000,0xa706,205,,,0.014633
2023-10-29 17:39:20.096214,52,0x0000,0xa706,205,,,0.005146
2023-10-29 17:39:20.100304,52,0x0000,0xa706,205,,,0.00409
2023-10-29 17:39:20.106179,52,0x0000,0xa706,205,,,0.005875
2023-10-29 17:39:20.119612,54,0x0000,0xa706,206,,,0.013433
2023-10-29 17:39:20.128954,54,0x0000,0xa706,206,,,0.009342
2023-10-29 17:39:20.134495,54,0x0000,0xa706,206,,,0.005541
2023-10-29 17:39:20.140051,54,0x0000,0xa706,206,,,0.005556
2023-10-29 17:39:20.157626,52,0x0000,0xa706,207,0x0000,0xa706,0.017575
2023-10-29 17:39:20.161595,52,0x0000,0xa706,207,0x0000,0xa706,0.003969
2023-10-29 17:39:20.166551,52,0x0000,0xa706,207,0x0000,0xa706,0.004956
2023-10-29 17:39:20.172165,52,0x0000,0xa706,207,0x0000,0xa706,0.005614
2023-10-29 17:39:20.189471,54,0x0000,0xa706,208,,,0.017306
2023-10-29 17:39:20.192801,54,0x0000,0xa706,208,,,0.00333
2023-10-29 17:39:20.196791,54,0x0000,0xa706,208,,,0.00399
2023-10-29 17:39:20.202389,54,0x0000,0xa706,208,,,0.005598
2023-10-29 17:39:20.230205,52,0x0000,0xa706,209,,,0.027816
2023-10-29 17:39:20.235559,52,0x0000,0xa706,209,,,0.005354
2023-10-29 17:39:20.239826,52,0x0000,0xa706,209,,,0.004267
2023-10-29 17:39:20.244472,52,0x0000,0xa706,209,,,0.004646
2023-10-29 17:39:20.255229,54,0x0000,0xa706,210,,,0.010757
2023-10-29 17:39:20.259783,54,0x0000,0xa706,210,,,0.004554
2023-10-29 17:39:20.263149,54,0x0000,0xa706,210,,,0.003366
2023-10-29 17:39:20.268740,54,0x0000,0xa706,210,,,0.005591
2023-10-29 17:39:20.293655,52,0x0000,0xa706,211,0x0000,0xa706,0.024915
2023-10-29 17:39:20.297358,52,0x0000,0xa706,211,0x0000,0xa706,0.003703
2023-10-29 17:39:20.302732,52,0x0000,0xa706,211,0x0000,0xa706,0.005374
2023-10-29 17:39:20.307323,52,0x0000,0xa706,211,0x0000,0xa706,0.004591
2023-10-29 17:39:20.316418,54,0x0000,0xa706,212,,,0.009095
2023-10-29 17:39:20.320028,54,0x0000,0xa706,212,0x0000,0xa706,0.00361
2023-10-29 17:39:20.324659,54,0x0000,0xa706,212,0x0000,0xa706,0.004631
2023-10-29 17:39:20.337242,54,0x0000,0xa706,212,0x0000,0xa706,0.012583
2023-10-29 17:39:20.362293,54,0x0000,0xa706,213,,,0.025051
2023-10-29 17:39:20.367625,54,0x0000,0xa706,213,,,0.005332
2023-10-29 17:39:20.373327,54,0x0000,0xa706,213,,,0.005702
2023-10-29 17:39:20.378989,54,0x0000,0xa706,213,,,0.005662
2023-10-29 17:39:20.385356,59,0x0000,0xffff,214,,,0.006367
2023-10-29 17:39:20.768976,59,0x0000,0xffff,215,,,0.38362
2023-10-29 17:39:21.131558,59,0x0000,0xffff,216,,,0.362582
2023-10-29 17:39:30.408459,47,0x0000,0xffff,217,0x0000,0xfffc,9.276901
2023-10-29 17:39:47.638308,47,0x0000,0xffff,218,,,17.229849
2023-10-29 17:39:50.079297,59,0x0000,0xffff,219,,,2.440989
2023-10-29 17:39:50.095298,52,0x0000,0xa706,220,0x0000,0xa706,0.016001
2023-10-29 17:39:50.099866,52,0x0000,0xa706,220,0x0000,0xa706,0.004568
2023-10-29 17:39:50.105091,52,0x0000,0xa706,220,0x0000,0xa706,0.005225
2023-10-29 17:39:50.109163,52,0x0000,0xa706,220,0x0000,0xa706,0.004072
2023-10-29 17:39:50.133635,54,0x0000,0xa706,221,,,0.024472
2023-10-29 17:39:50.137137,54,0x0000,0xa706,221,,,0.003502
2023-10-29 17:39:50.140494,54,0x0000,0xa706,221,,,0.003357
2023-10-29 17:39:50.144629,54,0x0000,0xa706,221,,,0.004135
2023-10-29 17:39:50.152889,52,0x0000,0xa706,222,0x0000,0xa706,0.00826
2023-10-29 17:39:50.157770,52,0x0000,0xa706,222,0x0000,0xa706,0.004881
2023-10-29 17:39:50.162033,52,0x0000,0xa706,222,0x0000,0xa706,0.004263
2023-10-29 17:39:50.166030,52,0x0000,0xa706,222,0x0000,0xa706,0.003997
2023-10-29 17:39:50.195044,54,0x0000,0xa706,223,0x0000,0xa706,0.029014
2023-10-29 17:39:50.198045,54,0x0000,0xa706,223,0x0000,0xa706,0.003001
2023-10-29 17:39:50.203060,54,0x0000,0xa706,223,0x0000,0xa706,0.005015
2023-10-29 17:39:50.208928,54,0x0000,0xa706,223,0x0000,0xa706,0.005868
2023-10-29 17:39:50.217716,52,0x0000,0xa706,224,,,0.008788
2023-10-29 17:39:50.222639,52,0x0000,0xa706,224,,,0.004923
2023-10-29 17:39:50.227282,52,0x0000,0xa706,224,,,0.004643
2023-10-29 17:39:50.236983,52,0x0000,0xa706,224,,,0.009701
2023-10-29 17:39:50.251737,54,0x0000,0xa706,225,,,0.014754
2023-10-29 17:39:50.256619,54,0x0000,0xa706,225,,,0.004882
2023-10-29 17:39:50.261347,54,0x0000,0xa706,225,,,0.004728
2023-10-29 17:39:50.266896,54,0x0000,0xa706,225,,,0.005549
2023-10-29 17:39:50.273310,52,0x0000,0xa706,226,,,0.006414
2023-10-29 17:39:50.277973,52,0x0000,0xa706,226,,,0.004663
2023-10-29 17:39:50.283259,52,0x0000,0xa706,226,,,0.005286
2023-10-29 17:39:50.288169,52,0x0000,0xa706,226,,,0.00491
2023-10-29 17:39:50.296720,54,0x0000,0xa706,227,0x0000,0xa706,0.008551
2023-10-29 17:39:50.300371,54,0x0000,0xa706,227,0x0000,0xa706,0.003651
2023-10-29 17:39:50.303816,54,0x0000,0xa706,227,0x0000,0xa706,0.003445
2023-10-29 17:39:50.308123,54,0x0000,0xa706,227,0x0000,0xa706,0.004307
2023-10-29 17:39:50.326071,52,0x0000,0xa706,228,,,0.017948
2023-10-29 17:39:50.331010,52,0x0000,0xa706,228,,,0.004939
2023-10-29 17:39:50.342248,52,0x0000,0xa706,228,,,0.011238
2023-10-29 17:39:50.346472,52,0x0000,0xa706,228,,,0.004224
2023-10-29 17:39:50.354592,54,0x0000,0xa706,229,0x0000,0xa706,0.00812
2023-10-29 17:39:50.358512,54,0x0000,0xa706,229,0x0000,0xa706,0.00392
2023-10-29 17:39:50.362188,54,0x0000,0xa706,229,0x0000,0xa706,0.003676
2023-10-29 17:39:50.365859,54,0x0000,0xa706,229,0x0000,0xa706,0.003671
2023-10-29 17:39:50.397250,59,0x0000,0xffff,230,,,0.031391
2023-10-29 17:39:50.673658,59,0x0000,0xffff,231,,,0.276408
2023-10-29 17:39:50.991170,59,0x0000,0xffff,232,0x0000,0xfffc,0.317512
2023-10-29 17:40:18.922799,50,0x0000,0x1cd8,234,0x0000,0x1cd8,27.931629
2023-10-29 17:40:18.927905,50,0x0000,0x1cd8,234,0x0000,0x1cd8,0.005106
2023-10-29 17:40:18.932549,50,0x0000,0x1cd8,234,0x0000,0x1cd8,0.004644
2023-10-29 17:40:18.937207,50,0x0000,0x1cd8,234,0x0000,0x1cd8,0.004658
2023-10-29 17:40:18.990935,50,0x0000,0x1cd8,235,0x0000,0x1cd8,0.053728
2023-10-29 17:40:18.995872,50,0x0000,0x1cd8,235,0x0000,0x1cd8,0.004937
2023-10-29 17:40:19.000515,50,0x0000,0x1cd8,235,0x0000,0x1cd8,0.004643
2023-10-29 17:40:19.008822,50,0x0000,0x1cd8,235,0x0000,0x1cd8,0.008307
2023-10-29 17:40:19.050810,50,0x0000,0x1cd8,236,,,0.041988
2023-10-29 17:40:19.054097,50,0x0000,0x1cd8,236,,,0.003287
2023-10-29 17:40:19.057040,50,0x0000,0x1cd8,236,,,0.002943
2023-10-29 17:40:19.061966,50,0x0000,0x1cd8,236,,,0.004926
2023-10-29 17:40:19.099603,50,0x0000,0x1cd8,237,0x0000,0x1cd8,0.037637
2023-10-29 17:40:19.104539,50,0x0000,0x1cd8,237,0x0000,0x1cd8,0.004936
2023-10-29 17:40:19.113319,50,0x0000,0x1cd8,237,0x0000,0x1cd8,0.00878
2023-10-29 17:40:19.118519,50,0x0000,0x1cd8,237,0x0000,0x1cd8,0.0052
2023-10-29 17:40:19.166199,50,0x0000,0x1cd8,238,0x0000,0x1cd8,0.04768
2023-10-29 17:40:19.171622,50,0x0000,0x1cd8,238,0x0000,0x1cd8,0.005423
2023-10-29 17:40:19.175947,50,0x0000,0x1cd8,238,0x0000,0x1cd8,0.004325
2023-10-29 17:40:19.179261,50,0x0000,0x1cd8,238,0x0000,0x1cd8,0.003314
2023-10-29 17:40:19.256601,50,0x0000,0x1cd8,239,0x0000,0x1cd8,0.07734
2023-10-29 17:40:19.259951,50,0x0000,0x1cd8,239,0x0000,0x1cd8,0.00335
2023-10-29 17:40:19.264496,50,0x0000,0x1cd8,239,0x0000,0x1cd8,0.004545
2023-10-29 17:40:19.269410,50,0x0000,0x1cd8,239,0x0000,0x1cd8,0.004914
2023-10-29 17:40:19.323449,50,0x0000,0x1cd8,240,,,0.054039
2023-10-29 17:40:19.327056,50,0x0000,0x1cd8,240,,,0.003607
2023-10-29 17:40:19.331816,50,0x0000,0x1cd8,240,,,0.00476
2023-10-29 17:40:19.335348,50,0x0000,0x1cd8,240,,,0.003532
2023-10-29 17:40:19.378774,50,0x0000,0x1cd8,241,0x0000,0x1cd8,0.043426
2023-10-29 17:40:19.382009,50,0x0000,0x1cd8,241,0x0000,0x1cd8,0.003235
2023-10-29 17:40:19.385336,50,0x0000,0x1cd8,241,0x0000,0x1cd8,0.003327
2023-10-29 17:40:19.388600,50,0x0000,0x1cd8,241,0x0000,0x1cd8,0.003264
2023-10-29 17:40:19.420358,50,0x0000,0x1cd8,242,,,0.031758
2023-10-29 17:40:19.425514,50,0x0000,0x1cd8,242,,,0.005156
2023-10-29 17:40:19.430479,50,0x0000,0x1cd8,242,,,0.004965
2023-10-29 17:40:19.435609,50,0x0000,0x1cd8,242,,,0.00513
2023-10-29 17:40:19.481165,50,0x0000,0x1cd8,243,,,0.045556
2023-10-29 17:40:19.484132,50,0x0000,0x1cd8,243,,,0.002967
2023-10-29 17:40:19.488036,50,0x0000,0x1cd8,243,,,0.003904
2023-10-29 17:40:19.493437,50,0x0000,0x1cd8,243,,,0.005401
2023-10-29 17:40:20.082922,59,0x0000,0xffff,244,0x0000,0xfffc,0.589485
2023-10-29 17:40:20.096645,52,0x0000,0xa706,245,0x0000,0xa706,0.013723
2023-10-29 17:40:20.101528,52,0x0000,0xa706,245,0x0000,0xa706,0.004883
2023-10-29 17:40:20.107389,52,0x0000,0xa706,245,0x0000,0xa706,0.005861
2023-10-29 17:40:20.111810,52,0x0000,0xa706,245,0x0000,0xa706,0.004421
2023-10-29 17:40:20.125073,54,0x0000,0xa706,246,0x0000,0xa706,0.013263
2023-10-29 17:40:20.129367,54,0x0000,0xa706,246,0x0000,0xa706,0.004294
2023-10-29 17:40:20.147509,54,0x0000,0xa706,246,0x0000,0xa706,0.018142
2023-10-29 17:40:20.151163,54,0x0000,0xa706,246,0x0000,0xa706,0.003654
2023-10-29 17:40:20.158198,52,0x0000,0xa706,247,,,0.007035
2023-10-29 17:40:20.163438,52,0x0000,0xa706,247,,,0.00524
2023-10-29 17:40:20.167385,52,0x0000,0xa706,247,,,0.003947
2023-10-29 17:40:20.170742,52,0x0000,0xa706,247,,,0.003357
2023-10-29 17:40:20.197863,54,0x0000,0xa706,248,0x0000,0xa706,0.027121
2023-10-29 17:40:20.203801,54,0x0000,0xa706,248,0x0000,0xa706,0.005938
2023-10-29 17:40:20.209614,54,0x0000,0xa706,248,0x0000,0xa706,0.005813
2023-10-29 17:40:20.213625,54,0x0000,0xa706,248,0x0000,0xa706,0.004011
2023-10-29 17:40:20.221889,52,0x0000,0xa706,249,0x0000,0xa706,0.008264
2023-10-29 17:40:20.226185,52,0x0000,0xa706,249,0x0000,0xa706,0.004296
2023-10-29 17:40:20.229552,52,0x0000,0xa706,249,0x0000,0xa706,0.003367
2023-10-29 17:40:20.237511,52,0x0000,0xa706,249,0x0000,0xa706,0.007959
2023-10-29 17:40:20.250863,54,0x0000,0xa706,250,0x0000,0xa706,0.013352
2023-10-29 17:40:20.255472,54,0x0000,0xa706,250,0x0000,0xa706,0.004609
2023-10-29 17:40:20.261013,54,0x0000,0xa706,250,0x0000,0xa706,0.005541
2023-10-29 17:40:20.264324,54,0x0000,0xa706,250,0x0000,0xa706,0.003311
2023-10-29 17:40:20.283346,52,0x0000,0xa706,251,0x0000,0xa706,0.019022
2023-10-29 17:40:20.286987,52,0x0000,0xa706,251,0x0000,0xa706,0.003641
2023-10-29 17:40:20.290663,52,0x0000,0xa706,251,0x0000,0xa706,0.003676
2023-10-29 17:40:20.294395,52,0x0000,0xa706,251,0x0000,0xa706,0.003732
2023-10-29 17:40:20.302001,54,0x0000,0xa706,252,0x0000,0xa706,0.007606
2023-10-29 17:40:20.306444,54,0x0000,0xa706,252,0x0000,0xa706,0.004443
2023-10-29 17:40:20.311984,54,0x0000,0xa706,252,0x0000,0xa706,0.00554
2023-10-29 17:40:20.316255,54,0x0000,0xa706,252,0x0000,0xa706,0.004271
2023-10-29 17:40:20.358790,54,0x0000,0xa706,253,0x0000,0xa706,0.042535
2023-10-29 17:40:20.364125,54,0x0000,0xa706,253,0x0000,0xa706,0.005335
2023-10-29 17:40:20.368187,54,0x0000,0xa706,253,0x0000,0xa706,0.004062
2023-10-29 17:40:20.373639,54,0x0000,0xa706,253,0x0000,0xa706,0.005452
2023-10-29 17:40:20.396547,59,0x0000,0xffff,254,0x0000,0xfffc,0.022908
2023-10-29 17:40:20.723508,59,0x0000,0xffff,255,0x0000,0xfffc,0.326961
2023-10-29 17:40:21.031465,59,0x0000,0xffff,0,,,0.307957
2023-10-29 17:40:21.879978,47,0x0000,0xffff,1,0x0000,0xfffc,0.848513
