Packet Number,Device Name,Device Type,Source Address,Destination Address,Device Name Destination,Device Type Destination,Source Address ZigBee,Device Name ZigBee,Device Type ZigBee,Destination Address ZigBee,Device Name ZigBee Destination,Device Type ZigBee Destination,Human Command,Packet Type,Command String
1,Coordinator,Coordinator,0x0000,0xffff,Broadcast,Broadcast,0x0000,Coordinator,Coordinator,0xfffc,Broadcast,Broadcast,0,Link Status (0x08),
2,Sonoff Door 1,Door,0x3181,0x0000,Coordinator,Coordinator,,Unknown,Unknown,,,,0,,
3,Coordinator,Coordinator,0x0000,0x3181,Sonoff Door 1,Door,,Unknown,Unknown,,,,0,Ack,
4,Sonoff Door 1,Door,0x3181,0x0000,Coordinator,Coordinator,,Unknown,Unknown,,,,0,,
5,Coordinator,Coordinator,0x0000,0x3181,Sonoff Door 1,Door,,Unknown,Unknown,,,,0,Ack,
6,Aqara Door 1,Door,0x5db6,0xe694,Smart Socket,Socket,,Unknown,Unknown,,,,0,,
7,Aqara Door 1,Door,0x5db6,0xe694,Smart Socket,Socket,,Unknown,Unknown,,,,0,,
8,Aqara Door 1,Door,0x5db6,0xe694,Smart Socket,Socket,,Unknown,Unknown,,,,0,,
9,Aqara Door 1,Door,0x5db6,0xe694,Smart Socket,Socket,,Unknown,Unknown,,,,0,,
10,Aqara Door 1,Door,0x5db6,0xe694,Smart Socket,Socket,0x5db6,Aqara Door 1,Door,0x0000,Coordinator,Coordinator,0,Report Attributes (0x0a),"{'Sequence Number': '251', 'Command': 'Report Attributes (0x0a)', 'Attribute': 'OnOff (0x0000)', 'Data Type': 'Boolean (0x10)'}"
11,Aqara Door 1,Door,0x5db6,0xe694,Smart Socket,Socket,0x5db6,Aqara Door 1,Door,0x0000,Coordinator,Coordinator,0,Report Attributes (0x0a),"{'Sequence Number': '251', 'Command': 'Report Attributes (0x0a)', 'Attribute': 'OnOff (0x0000)', 'Data Type': 'Boolean (0x10)'}"
12,Aqara Door 1,Door,0x5db6,0xe694,Smart Socket,Socket,0x5db6,Aqara Door 1,Door,0x0000,Coordinator,Coordinator,0,Report Attributes (0x0a),"{'Sequence Number': '251', 'Command': 'Report Attributes (0x0a)', 'Attribute': 'OnOff (0x0000)', 'Data Type': 'Boolean (0x10)'}"
13,Aqara Door 1,Door,0x5db6,0xe694,Smart Socket,Socket,0x5db6,Aqara Door 1,Door,0x0000,Coordinator,Coordinator,0,Report Attributes (0x0a),"{'Sequence Number': '251', 'Command': 'Report Attributes (0x0a)', 'Attribute': 'OnOff (0x0000)', 'Data Type': 'Boolean (0x10)'}"
14,Aqara Door 1,Door,0x5db6,0xe694,Smart Socket,Socket,,Unknown,Unknown,,,,0,,
15,Aqara Door 1,Door,0x5db6,0xe694,Smart Socket,Socket,,Unknown,Unknown,,,,0,,
16,Aqara Door 1,Door,0x5db6,0xe694,Smart Socket,Socket,,Unknown,Unknown,,,,0,,
17,Aqara Door 1,Door,0x5db6,0xe694,Smart Socket,Socket,,Unknown,Unknown,,,,0,,
18,Aqara Door 1,Door,0x5db6,0xe694,Smart Socket,Socket,,Unknown,Unknown,,,,0,,
19,Aqara Door 1,Door,0x5db6,0xe694,Smart Socket,Socket,,Unknown,Unknown,,,,0,,
20,Aqara Door 1,Door,0x5db6,0xe694,Smart Socket,Socket,,Unknown,Unknown,,,,0,,
21,Aqara Door 1,Door,0x5db6,0xe694,Smart Socket,Socket,,Unknown,Unknown,,,,0,,
22,Aqara Door 1,Door,0x5db6,0xe694,Smart Socket,Socket,0x5db6,Aqara Door 1,Door,0x0000,Coordinator,Coordinator,0,Report Attributes (0x0a),"{'Sequence Number': '251', 'Command': 'Report Attributes (0x0a)', 'Attribute': 'OnOff (0x0000)', 'Data Type': 'Boolean (0x10)'}"
23,Aqara Door 1,Door,0x5db6,0xe694,Smart Socket,Socket,0x5db6,Aqara Door 1,Door,0x0000,Coordinator,Coordinator,0,Report Attributes (0x0a),"{'Sequence Number': '251', 'Command': 'Report Attributes (0x0a)', 'Attribute': 'OnOff (0x0000)', 'Data Type': 'Boolean (0x10)'}"
24,Aqara Door 1,Door,0x5db6,0xe694,Smart Socket,Socket,0x5db6,Aqara Door 1,Door,0x0000,Coordinator,Coordinator,0,Report Attributes (0x0a),"{'Sequence Number': '251', 'Command': 'Report Attributes (0x0a)', 'Attribute': 'OnOff (0x0000)', 'Data Type': 'Boolean (0x10)'}"
25,Aqara Door 1,Door,0x5db6,0xe694,Smart Socket,Socket,0x5db6,Aqara Door 1,Door,0x0000,Coordinator,Coordinator,0,Report Attributes (0x0a),"{'Sequence Number': '251', 'Command': 'Report Attributes (0x0a)', 'Attribute': 'OnOff (0x0000)', 'Data Type': 'Boolean (0x10)'}"
26,Aqara Door 1,Door,0x5db6,0xe694,Smart Socket,Socket,,Unknown,Unknown,,,,0,,
27,Aqara Door 1,Door,0x5db6,0xe694,Smart Socket,Socket,,Unknown,Unknown,,,,0,,
28,Aqara Door 1,Door,0x5db6,0xe694,Smart Socket,Socket,,Unknown,Unknown,,,,0,,
29,Aqara Door 1,Door,0x5db6,0xe694,Smart Socket,Socket,,Unknown,Unknown,,,,0,,
30,Power Plug 1,Socket,0x6e5f,0xffff,Broadcast,Broadcast,,Unknown,Unknown,,,,0,,
31,Power Plug 1,Socket,0x6e5f,0xffff,Broadcast,Broadcast,,Unknown,Unknown,,,,0,,
32,Power Plug 1,Socket,0x6e5f,0xfff1,Unknown,Unknown,,Unknown,Unknown,,,,0,,
33,Power Plug 1,Socket,0x6e5f,0xffff,Broadcast,Broadcast,0x6e5f,Power Plug 1,Socket,0xfffc,Broadcast,Broadcast,0,Route Request (0x01),
34,Aqara Motion,Motion,0x9989,0x0000,Coordinator,Coordinator,0x9989,Aqara Motion,Motion,0x0000,Coordinator,Coordinator,1,Report Attributes (0x0a),"{'Manufacturer Code': 'Lumi United Technology, Ltd Shenzhen (0x115f)', 'Sequence Number': '156', 'Command': 'Report Attributes (0x0a)', 'Attribute': '0x0112', 'Data Type': '32-Bit Unsigned Integer (0x23)', 'Uint32': '65536 (0x00010000)'}"
35,Coordinator,Coordinator,0x0000,0x9989,Aqara Motion,Motion,,Unknown,Unknown,,,,0,Ack,
36,Coordinator,Coordinator,0x0000,0xffff,Broadcast,Broadcast,,Unknown,Unknown,,,,0,,
37,Power Plug 1,Socket,0x6e5f,0x0000,Coordinator,Coordinator,0x6e5f,Power Plug 1,Socket,0x0000,Coordinator,Coordinator,0,Report Attributes (0x0a),"{'Sequence Number': '228', 'Command': 'Report Attributes (0x0a)', 'Attribute': '0xd001', 'Data Type': 'Array (0x48)', 'Elements Type': 'Unknown (0x02)', 'Elements Number': '1536'}"
38,Coordinator,Coordinator,0x0000,0x6e5f,Power Plug 1,Socket,,Unknown,Unknown,,,,0,Ack,
39,Power Plug 1,Socket,0x6e5f,0x0000,Coordinator,Coordinator,0x6e5f,Power Plug 1,Socket,0x0000,Coordinator,Coordinator,0,Report Attributes (0x0a),"{'Sequence Number': '228', 'Command': 'Report Attributes (0x0a)', 'Attribute': '0xd001', 'Data Type': 'Array (0x48)', 'Elements Type': 'Unknown (0x02)', 'Elements Number': '1536'}"
40,Coordinator,Coordinator,0x0000,0x6e5f,Power Plug 1,Socket,,Unknown,Unknown,,,,0,Ack,
41,Power Plug 1,Socket,0x6e5f,0x0005,Unknown,Unknown,,Unknown,Unknown,,,,0,,
42,Unknown,Unknown,0x0005,0x6e5f,Power Plug 1,Socket,,Unknown,Unknown,,,,0,Ack,
43,Power Plug 1,Socket,0x6e5f,0x0000,Coordinator,Coordinator,,Unknown,Unknown,,,,0,,
44,Coordinator,Coordinator,0x0000,0x6e5f,Power Plug 1,Socket,,Unknown,Unknown,,,,0,Ack,
45,Power Plug 1,Socket,0x6e5f,0x0000,Coordinator,Coordinator,,Unknown,Unknown,,,,0,,
46,Coordinator,Coordinator,0x0000,0x6e5f,Power Plug 1,Socket,,Unknown,Unknown,,,,0,Ack,
47,Power Plug 1,Socket,0x6e5f,0x0000,Coordinator,Coordinator,,Unknown,Unknown,,,,0,,
48,Coordinator,Coordinator,0x0000,0x6e5f,Power Plug 1,Socket,,Unknown,Unknown,,,,0,Ack,
49,Coordinator,Coordinator,0x0000,0xffff,Broadcast,Broadcast,0x0000,Coordinator,Coordinator,0xfffc,Broadcast,Broadcast,0,Route Request (0x01),
50,Power Plug 1,Socket,0x6e5f,0x0000,Coordinator,Coordinator,,Unknown,Unknown,,,,0,,
51,Coordinator,Coordinator,0x0000,0x6e5f,Power Plug 1,Socket,,Unknown,Unknown,,,,0,Ack,
52,Coordinator,Coordinator,0x0000,0xffff,Broadcast,Broadcast,0x0000,Coordinator,Coordinator,0xfffc,Broadcast,Broadcast,0,Route Request (0x01),
53,Coordinator,Coordinator,0x0000,0xffff,Broadcast,Broadcast,0x0000,Coordinator,Coordinator,0xfffc,Broadcast,Broadcast,0,Route Request (0x01),
54,Power Plug 1,Socket,0x6e5f,0x0000,Coordinator,Coordinator,,Unknown,Unknown,,,,0,,
55,Coordinator,Coordinator,0x0000,0x6e5f,Power Plug 1,Socket,,Unknown,Unknown,,,,0,Ack,
56,Power Plug 1,Socket,0x6e5f,0x0000,Coordinator,Coordinator,,Unknown,Unknown,,,,0,,
57,Coordinator,Coordinator,0x0000,0x6e5f,Power Plug 1,Socket,,Unknown,Unknown,,,,0,Ack,
58,Power Plug 1,Socket,0x6e5f,0x0000,Coordinator,Coordinator,,Unknown,Unknown,,,,0,,
59,Coordinator,Coordinator,0x0000,0x6e5f,Power Plug 1,Socket,,Unknown,Unknown,,,,0,Ack,
60,Power Plug 1,Socket,0x6e5f,0x0000,Coordinator,Coordinator,,Unknown,Unknown,,,,0,,
61,Coordinator,Coordinator,0x0000,0x6e5f,Power Plug 1,Socket,,Unknown,Unknown,,,,0,Ack,
62,Coordinator,Coordinator,0x0000,0xffff,Broadcast,Broadcast,,Unknown,Unknown,,,,0,,
63,Coordinator,Coordinator,0x0000,0x6e5f,Power Plug 1,Socket,0x0000,Coordinator,Coordinator,0x6e5f,Power Plug 1,Socket,0,Default Response (0x0b),"{'Sequence Number': '230', 'Command': 'Default Response (0x0b)', 'Response to Command': '0x0a', 'Status': 'Success (0x00)'}"
64,Power Plug 1,Socket,0x6e5f,0x0000,Coordinator,Coordinator,,Unknown,Unknown,,,,0,Ack,
65,Coordinator,Coordinator,0x0000,0x6e5f,Power Plug 1,Socket,0x0000,Coordinator,Coordinator,0x6e5f,Power Plug 1,Socket,0,Default Response (0x0b),"{'Sequence Number': '230', 'Command': 'Default Response (0x0b)', 'Response to Command': '0x0a', 'Status': 'Success (0x00)'}"
66,Power Plug 1,Socket,0x6e5f,0x0000,Coordinator,Coordinator,,Unknown,Unknown,,,,0,Ack,
67,Coordinator,Coordinator,0x0000,0x6e5f,Power Plug 1,Socket,0x0000,Coordinator,Coordinator,0x6e5f,Power Plug 1,Socket,0,Default Response (0x0b),"{'Sequence Number': '230', 'Command': 'Default Response (0x0b)', 'Response to Command': '0x0a', 'Status': 'Success (0x00)'}"
68,Coordinator,Coordinator,0x0000,0x6e5f,Power Plug 1,Socket,0x0000,Coordinator,Coordinator,0x6e5f,Power Plug 1,Socket,0,Default Response (0x0b),"{'Sequence Number': '230', 'Command': 'Default Response (0x0b)', 'Response to Command': '0x0a', 'Status': 'Success (0x00)'}"
69,Power Plug 1,Socket,0x6e5f,0x0000,Coordinator,Coordinator,,Unknown,Unknown,,,,0,,
70,Coordinator,Coordinator,0x0000,0x6e5f,Power Plug 1,Socket,,Unknown,Unknown,,,,0,Ack,
71,Coordinator,Coordinator,0x0000,0x6e5f,Power Plug 1,Socket,,Unknown,Unknown,,,,0,,
72,Power Plug 1,Socket,0x6e5f,0x0000,Coordinator,Coordinator,0x6e5f,Power Plug 1,Socket,0x0000,Coordinator,Coordinator,0,APS: Ack,
73,Coordinator,Coordinator,0x0000,0x6e5f,Power Plug 1,Socket,,Unknown,Unknown,,,,0,Ack,
74,Coordinator,Coordinator,0x0000,0x6e5f,Power Plug 1,Socket,,Unknown,Unknown,,,,0,,
75,Power Plug 1,Socket,0x6e5f,0x0000,Coordinator,Coordinator,,Unknown,Unknown,,,,0,Ack,
76,Coordinator,Coordinator,0x0000,0x6e5f,Power Plug 1,Socket,,Unknown,Unknown,,,,0,,
77,Power Plug 1,Socket,0x6e5f,0x0000,Coordinator,Coordinator,,Unknown,Unknown,,,,0,Ack,
78,Power Plug 1,Socket,0x6e5f,0x0000,Coordinator,Coordinator,0x6e5f,Power Plug 1,Socket,0x0000,Coordinator,Coordinator,0,APS: Ack,
79,Coordinator,Coordinator,0x0000,0x6e5f,Power Plug 1,Socket,,Unknown,Unknown,,,,0,Ack,
80,Coordinator,Coordinator,0x0000,0x6e5f,Power Plug 1,Socket,,Unknown,Unknown,,,,0,,
81,Power Plug 1,Socket,0x6e5f,0x0000,Coordinator,Coordinator,,Unknown,Unknown,,,,0,Ack,
82,Power Plug 1,Socket,0x6e5f,0x0000,Coordinator,Coordinator,,Unknown,Unknown,,,,0,,
83,Coordinator,Coordinator,0x0000,0x6e5f,Power Plug 1,Socket,,Unknown,Unknown,,,,0,Ack,
84,Power Plug 1,Socket,0x6e5f,0x0000,Coordinator,Coordinator,0x6e5f,Power Plug 1,Socket,0x0000,Coordinator,Coordinator,0,APS: Ack,
85,Coordinator,Coordinator,0x0000,0x6e5f,Power Plug 1,Socket,,Unknown,Unknown,,,,0,Ack,
86,Coordinator,Coordinator,0x0000,0x6e5f,Power Plug 1,Socket,,Unknown,Unknown,,,,0,,
87,Power Plug 1,Socket,0x6e5f,0x0000,Coordinator,Coordinator,0x6e5f,Power Plug 1,Socket,0x0000,Coordinator,Coordinator,0,APS: Ack,
88,Coordinator,Coordinator,0x0000,0x6e5f,Power Plug 1,Socket,,Unknown,Unknown,,,,0,Ack,
89,Coordinator,Coordinator,0x0000,0x6e5f,Power Plug 1,Socket,,Unknown,Unknown,,,,0,,
90,Power Plug 1,Socket,0x6e5f,0x0000,Coordinator,Coordinator,,Unknown,Unknown,,,,0,Ack,
91,Coordinator,Coordinator,0x0000,0x6e5f,Power Plug 1,Socket,,Unknown,Unknown,,,,0,,
92,Coordinator,Coordinator,0x0000,0x6e5f,Power Plug 1,Socket,,Unknown,Unknown,,,,0,,
93,Power Plug 1,Socket,0x6e5f,0x0000,Coordinator,Coordinator,0x6e5f,Power Plug 1,Socket,0x0000,Coordinator,Coordinator,0,APS: Ack,
94,Coordinator,Coordinator,0x0000,0x6e5f,Power Plug 1,Socket,,Unknown,Unknown,,,,0,Ack,
95,Coordinator,Coordinator,0x0000,0xffff,Broadcast,Broadcast,,Unknown,Unknown,,,,0,,
96,Coordinator,Coordinator,0x0000,0xffff,Broadcast,Broadcast,,Unknown,Unknown,,,,0,,
97,Unknown,Unknown,,,Unknown,Unknown,,Unknown,Unknown,,,,0,Ack,
98,Coordinator,Coordinator,0x0000,0x6e5f,Power Plug 1,Socket,0x0000,Coordinator,Coordinator,0x6e5f,Power Plug 1,Socket,0,Read Attributes (0x00),"{'Sequence Number': '31', 'Command': 'Read Attributes (0x00)', 'Attribute': ['Current Summation Delivered (0x0000)', 'Status (0x0200)']}"
99,Unknown,Unknown,,,Unknown,Unknown,,Unknown,Unknown,,,,0,Ack,
100,Coordinator,Coordinator,0x0000,0x6e5f,Power Plug 1,Socket,,Unknown,Unknown,,,,0,,
101,Unknown,Unknown,0x6c5f,0x0000,Coordinator,Coordinator,,Unknown,Unknown,,,,0,,
102,Coordinator,Coordinator,0x0000,0x6c5f,Unknown,Unknown,,Unknown,Unknown,,,,0,Ack,
103,Coordinator,Coordinator,0x0000,0x6e5f,Power Plug 1,Socket,,Unknown,Unknown,,,,0,,
104,Power Plug 1,Socket,0x6e5f,0x0000,Coordinator,Coordinator,,Unknown,Unknown,,,,0,Ack,
105,Coordinator,Coordinator,0x0000,0x6e5f,Power Plug 1,Socket,0x0000,Coordinator,Coordinator,0x6e5f,Power Plug 1,Socket,0,APS: Ack,
106,Unknown,Unknown,0xce5f,0xffff,Broadcast,Broadcast,,Unknown,Unknown,,,,0,,
107,Coordinator,Coordinator,0x0000,0xffff,Broadcast,Broadcast,0x0000,Coordinator,Coordinator,0xfffc,Broadcast,Broadcast,0,Route Request (0x01),
108,Coordinator,Coordinator,0x0000,0xffff,Broadcast,Broadcast,,Unknown,Unknown,,,,0,,
109,Power Plug 1,Socket,0x6e5f,0x0000,Coordinator,Coordinator,,Unknown,Unknown,,,,0,,
110,Coordinator,Coordinator,0x0000,0x6e5f,Power Plug 1,Socket,,Unknown,Unknown,,,,0,Ack,
111,Power Plug 1,Socket,0x6e5f,0x0000,Coordinator,Coordinator,,Unknown,Unknown,,,,0,,
112,Coordinator,Coordinator,0x0000,0x6e5f,Power Plug 1,Socket,,Unknown,Unknown,,,,0,Ack,
113,Power Plug 1,Socket,0x6e5f,0x0000,Coordinator,Coordinator,0x6e5f,Power Plug 1,Socket,0x0000,Coordinator,Coordinator,0,Report Attributes (0x0a),"{'Sequence Number': '233', 'Command': 'Report Attributes (0x0a)', 'Attribute': '0xd001', 'Data Type': 'Array (0x48)', 'Elements Type': 'Unknown (0x02)', 'Elements Number': '1536'}"
114,Coordinator,Coordinator,0x0000,0x6e5f,Power Plug 1,Socket,,Unknown,Unknown,,,,0,Ack,
115,Aqara Door 1,Door,0x5db6,0xe694,Smart Socket,Socket,0x5db6,Aqara Door 1,Door,0x0000,Coordinator,Coordinator,1,Report Attributes (0x0a),"{'Sequence Number': '252', 'Command': 'Report Attributes (0x0a)', 'Attribute': 'OnOff (0x0000)', 'Data Type': 'Boolean (0x10)'}"
116,Aqara Door 1,Door,0x5db6,0xe694,Smart Socket,Socket,0x5db6,Aqara Door 1,Door,0x0000,Coordinator,Coordinator,0,Report Attributes (0x0a),"{'Sequence Number': '252', 'Command': 'Report Attributes (0x0a)', 'Attribute': 'OnOff (0x0000)', 'Data Type': 'Boolean (0x10)'}"
117,Aqara Door 1,Door,0x5db6,0xe694,Smart Socket,Socket,0x5db6,Aqara Door 1,Door,0x0000,Coordinator,Coordinator,0,Report Attributes (0x0a),"{'Sequence Number': '252', 'Command': 'Report Attributes (0x0a)', 'Attribute': 'OnOff (0x0000)', 'Data Type': 'Boolean (0x10)'}"
118,Aqara Door 1,Door,0x5db6,0xe694,Smart Socket,Socket,0x5db6,Aqara Door 1,Door,0x0000,Coordinator,Coordinator,0,Report Attributes (0x0a),"{'Sequence Number': '252', 'Command': 'Report Attributes (0x0a)', 'Attribute': 'OnOff (0x0000)', 'Data Type': 'Boolean (0x10)'}"
119,Aqara Door 1,Door,0x5db6,0xe694,Smart Socket,Socket,,Unknown,Unknown,,,,0,,
120,Aqara Door 1,Door,0x5db6,0xe694,Smart Socket,Socket,,Unknown,Unknown,,,,0,,
121,Aqara Door 1,Door,0x5db6,0xe694,Smart Socket,Socket,,Unknown,Unknown,,,,0,,
122,Aqara Door 1,Door,0x5db6,0xe694,Smart Socket,Socket,,Unknown,Unknown,,,,0,,
123,Power Plug 1,Socket,0x6e5f,0x0000,Coordinator,Coordinator,,Unknown,Unknown,,,,0,,
124,Coordinator,Coordinator,0x0000,0x6e5f,Power Plug 1,Socket,,Unknown,Unknown,,,,0,Ack,
125,Aqara Door 1,Door,0x5db6,0xe694,Smart Socket,Socket,,Unknown,Unknown,,,,0,,
126,Aqara Door 1,Door,0x5db6,0xe694,Smart Socket,Socket,,Unknown,Unknown,,,,0,,
127,Aqara Door 1,Door,0x5db6,0xe694,Smart Socket,Socket,,Unknown,Unknown,,,,0,,
128,Aqara Door 1,Door,0x5db6,0xe694,Smart Socket,Socket,,Unknown,Unknown,,,,0,,
129,Power Plug 1,Socket,0x6e5f,0x0000,Coordinator,Coordinator,0x6e5f,Power Plug 1,Socket,0x0000,Coordinator,Coordinator,0,Report Attributes (0x0a),"{'Sequence Number': '233', 'Command': 'Report Attributes (0x0a)', 'Attribute': '0xd001', 'Data Type': 'Array (0x48)', 'Elements Type': 'Unknown (0x02)', 'Elements Number': '1536'}"
130,Coordinator,Coordinator,0x0000,0x6e5f,Power Plug 1,Socket,,Unknown,Unknown,,,,0,Ack,
131,Aqara Door 1,Door,0x5db6,0xe694,Smart Socket,Socket,0x5db6,Aqara Door 1,Door,0x0000,Coordinator,Coordinator,0,Report Attributes (0x0a),"{'Sequence Number': '252', 'Command': 'Report Attributes (0x0a)', 'Attribute': 'OnOff (0x0000)', 'Data Type': 'Boolean (0x10)'}"
132,Aqara Door 1,Door,0x5db6,0xe694,Smart Socket,Socket,0x5db6,Aqara Door 1,Door,0x0000,Coordinator,Coordinator,0,Report Attributes (0x0a),"{'Sequence Number': '252', 'Command': 'Report Attributes (0x0a)', 'Attribute': 'OnOff (0x0000)', 'Data Type': 'Boolean (0x10)'}"
133,Aqara Door 1,Door,0x5db6,0xe694,Smart Socket,Socket,0x5db6,Aqara Door 1,Door,0x0000,Coordinator,Coordinator,0,Report Attributes (0x0a),"{'Sequence Number': '252', 'Command': 'Report Attributes (0x0a)', 'Attribute': 'OnOff (0x0000)', 'Data Type': 'Boolean (0x10)'}"
134,Aqara Door 1,Door,0x5db6,0xe694,Smart Socket,Socket,0x5db6,Aqara Door 1,Door,0x0000,Coordinator,Coordinator,0,Report Attributes (0x0a),"{'Sequence Number': '252', 'Command': 'Report Attributes (0x0a)', 'Attribute': 'OnOff (0x0000)', 'Data Type': 'Boolean (0x10)'}"
135,Power Plug 1,Socket,0x6e5f,0x0000,Coordinator,Coordinator,0x6e5f,Power Plug 1,Socket,0x0000,Coordinator,Coordinator,0,Report Attributes (0x0a),"{'Sequence Number': '234', 'Command': 'Report Attributes (0x0a)', 'Attribute': '0xd002', 'Data Type': 'Array (0x48)', 'Elements Type': 'Unknown (0x02)', 'Elements Number': '2560'}"
136,Coordinator,Coordinator,0x0000,0x6e5f,Power Plug 1,Socket,,Unknown,Unknown,,,,0,Ack,
137,Aqara Door 1,Door,0x5db6,0xe694,Smart Socket,Socket,,Unknown,Unknown,,,,0,,
138,Aqara Door 1,Door,0x5db6,0xe694,Smart Socket,Socket,,Unknown,Unknown,,,,0,,
139,Aqara Door 1,Door,0x5db6,0xe694,Smart Socket,Socket,,Unknown,Unknown,,,,0,,
140,Aqara Door 1,Door,0x5db6,0xe694,Smart Socket,Socket,,Unknown,Unknown,,,,0,,
141,Power Plug 1,Socket,0x6e5f,0xffff,Broadcast,Broadcast,0x6e5f,Power Plug 1,Socket,0xfffc,Broadcast,Broadcast,0,zdp,
142,Power Plug 1,Socket,0x6e5f,0x0000,Coordinator,Coordinator,0x6e5f,Power Plug 1,Socket,0x0000,Coordinator,Coordinator,0,Report Attributes (0x0a),"{'Sequence Number': '235', 'Command': 'Report Attributes (0x0a)', 'Attribute': ['OnOff (0x0000)', 'OnTime (0x4001)', 'OffWaitTime (0x4002)', 'Unknown (0x8001)', 'Unknown (0x8002)', 'Unknown (0x5000)', 'Unknown (0x8000)'], 'Data Type': ['Boolean (0x10)', '16-Bit Unsigned Integer (0x21)', '16-Bit Unsigned Integer (0x21)', '8-Bit Enumeration (0x30)', '8-Bit Enumeration (0x30)', '8-Bit Enumeration (0x30)', 'Boolean (0x10)'], 'On Time': '0.0 seconds', 'Off Wait Time': '0.0 seconds', 'Uint8': ['1 (0x01)', '2 (0x02)', '1 (0x01)']}"
143,Coordinator,Coordinator,0x0000,0x6e5f,Power Plug 1,Socket,,Unknown,Unknown,,,,0,Ack,
144,Coordinator,Coordinator,0x0000,0xffff,Broadcast,Broadcast,,Unknown,Unknown,,,,0,,
145,Coordinator,Coordinator,0x0000,0x6e5f,Power Plug 1,Socket,0x0000,Coordinator,Coordinator,0x6e5f,Power Plug 1,Socket,0,Default Response (0x0b),"{'Sequence Number': '235', 'Command': 'Default Response (0x0b)', 'Response to Command': '0x0a', 'Status': 'Success (0x00)'}"
146,Power Plug 1,Socket,0x6e5f,0x0000,Coordinator,Coordinator,,Unknown,Unknown,,,,0,Ack,
147,Power Plug 1,Socket,0x6e5f,0x0000,Coordinator,Coordinator,0x6e5f,Power Plug 1,Socket,0x0000,Coordinator,Coordinator,0,APS: Ack,
148,Coordinator,Coordinator,0x0000,0x6e5f,Power Plug 1,Socket,,Unknown,Unknown,,,,0,Ack,
149,Power Plug 1,Socket,0x6e5f,0x0000,Coordinator,Coordinator,,Unknown,Unknown,,,,0,,
150,Power Plug 1,Socket,0x6e5f,0x0000,Coordinator,Coordinator,,Unknown,Unknown,,,,0,,
151,Power Plug 1,Socket,0x6e5f,0x0000,Coordinator,Coordinator,0x6e5f,Power Plug 1,Socket,0x0000,Coordinator,Coordinator,0,Report Attributes (0x0a),"{'Sequence Number': '236', 'Command': 'Report Attributes (0x0a)', 'Attribute': ['0xd010', '0xd030', '0xd000', '0xd001', '0xd002', '0xd003', '0xd004', '0xd005'], 'Data Type': ['8-Bit Enumeration (0x30)', '8-Bit Enumeration (0x30)', '8-Bit Unsigned Integer (0x20)', '32-Bit Bitmap (0x1b)', '32-Bit Unsigned Integer (0x23)', '32-Bit Unsigned Integer (0x23)', '32-Bit Unsigned Integer (0x23)', '32-Bit Unsigned Integer (0x23)'], 'Uint8': ['2 (0x02)', '0 (0x00)', '0 (0x00)'], 'Bitmap32': '0x00000000', 'Uint32': ['0 (0x00000000)', '0 (0x00000000)', '0 (0x00000000)', '0 (0x00000000)']}"
152,Coordinator,Coordinator,0x0000,0x6e5f,Power Plug 1,Socket,,Unknown,Unknown,,,,0,Ack,
153,Coordinator,Coordinator,0x0000,0x6e5f,Power Plug 1,Socket,0x0000,Coordinator,Coordinator,0x6e5f,Power Plug 1,Socket,0,Default Response (0x0b),"{'Sequence Number': '236', 'Command': 'Default Response (0x0b)', 'Response to Command': '0x0a', 'Status': 'Success (0x00)'}"
154,Power Plug 1,Socket,0x6e5f,0x0000,Coordinator,Coordinator,,Unknown,Unknown,,,,0,Ack,
155,Power Plug 1,Socket,0x6e5f,0x0000,Coordinator,Coordinator,0x6e5f,Power Plug 1,Socket,0x0000,Coordinator,Coordinator,0,APS: Ack,
156,Coordinator,Coordinator,0x0000,0x6e5f,Power Plug 1,Socket,,Unknown,Unknown,,,,0,Ack,
157,Power Plug 1,Socket,0x6e5f,0x0000,Coordinator,Coordinator,0x6e5f,Power Plug 1,Socket,0x0000,Coordinator,Coordinator,0,Read Attributes (0x00),"{'Sequence Number': '237', 'Command': 'Read Attributes (0x00)', 'Attribute': 'Local Time (0x0007)'}"
158,Coordinator,Coordinator,0x0000,0x6e5f,Power Plug 1,Socket,,Unknown,Unknown,,,,0,Ack,
159,Coordinator,Coordinator,0x0000,0x6e5f,Power Plug 1,Socket,0x0000,Coordinator,Coordinator,0x6e5f,Power Plug 1,Socket,0,Read Attributes Response (0x01),"{'Sequence Number': '237', 'Command': 'Read Attributes Response (0x01)', 'Attribute': 'Local Time (0x0007)', 'Status': 'Success (0x00)', 'Data Type': '32-Bit Unsigned Integer (0x23)', 'Uint32': '750709232 (0x2cbee9f0)'}"
160,Power Plug 1,Socket,0x6e5f,0x0000,Coordinator,Coordinator,,Unknown,Unknown,,,,0,Ack,
161,Coordinator,Coordinator,0x0000,0x6e5f,Power Plug 1,Socket,0x0000,Coordinator,Coordinator,0x6e5f,Power Plug 1,Socket,0,Read Attributes Response (0x01),"{'Sequence Number': '237', 'Command': 'Read Attributes Response (0x01)', 'Attribute': 'Local Time (0x0007)', 'Status': 'Success (0x00)', 'Data Type': '32-Bit Unsigned Integer (0x23)', 'Uint32': '750709232 (0x2cbee9f0)'}"
162,Coordinator,Coordinator,0x0000,0x6e5f,Power Plug 1,Socket,0x0000,Coordinator,Coordinator,0x6e5f,Power Plug 1,Socket,0,Read Attributes Response (0x01),"{'Sequence Number': '237', 'Command': 'Read Attributes Response (0x01)', 'Attribute': 'Local Time (0x0007)', 'Status': 'Success (0x00)', 'Data Type': '32-Bit Unsigned Integer (0x23)', 'Uint32': '750709232 (0x2cbee9f0)'}"
163,Power Plug 1,Socket,0x6e5f,0x0000,Coordinator,Coordinator,0x6e5f,Power Plug 1,Socket,0x0000,Coordinator,Coordinator,0,APS: Ack,
164,Coordinator,Coordinator,0x0000,0x6e5f,Power Plug 1,Socket,0x0000,Coordinator,Coordinator,0x6e5f,Power Plug 1,Socket,0,Read Attributes Response (0x01),"{'Sequence Number': '237', 'Command': 'Read Attributes Response (0x01)', 'Attribute': 'Local Time (0x0007)', 'Status': 'Success (0x00)', 'Data Type': '32-Bit Unsigned Integer (0x23)', 'Uint32': '750709232 (0x2cbee9f0)'}"
165,Power Plug 1,Socket,0x6e5f,0x0000,Coordinator,Coordinator,,Unknown,Unknown,,,,0,,
166,Power Plug 1,Socket,0x6e5f,0x0000,Coordinator,Coordinator,0x6e5f,Power Plug 1,Socket,0x0000,Coordinator,Coordinator,0,APS: Ack,
167,Coordinator,Coordinator,0x0000,0x6e5f,Power Plug 1,Socket,,Unknown,Unknown,,,,0,Ack,
168,Aqara Door 1,Door,0x5db6,0xe694,Smart Socket,Socket,,Unknown,Unknown,,,,0,,
169,Aqara Door 1,Door,0x5db6,0xe694,Smart Socket,Socket,,Unknown,Unknown,,,,0,,
170,Aqara Door 1,Door,0x5db6,0xe694,Smart Socket,Socket,,Unknown,Unknown,,,,0,,
171,Aqara Door 1,Door,0x5db6,0xe694,Smart Socket,Socket,,Unknown,Unknown,,,,0,,
172,Power Plug 1,Socket,0x6e5f,0x0000,Coordinator,Coordinator,0x6e5f,Power Plug 1,Socket,0x0000,Coordinator,Coordinator,0,Report Attributes (0x0a),"{'Sequence Number': '238', 'Command': 'Report Attributes (0x0a)', 'Attribute': '0xd002', 'Data Type': 'Array (0x48)', 'Elements Type': 'Unknown (0x02)', 'Elements Number': '2560'}"
173,Coordinator,Coordinator,0x0000,0x6e5f,Power Plug 1,Socket,,Unknown,Unknown,,,,0,Ack,
174,Power Plug 1,Socket,0x6e5f,0x0000,Coordinator,Coordinator,,Unknown,Unknown,,,,0,,
175,Coordinator,Coordinator,0x0000,0x6e5f,Power Plug 1,Socket,,Unknown,Unknown,,,,0,Ack,
176,Power Plug 1,Socket,0x6e5f,0x0000,Coordinator,Coordinator,0x6e5f,Power Plug 1,Socket,0x0000,Coordinator,Coordinator,0,Report Attributes (0x0a),"{'Sequence Number': '238', 'Command': 'Report Attributes (0x0a)', 'Attribute': '0xd002', 'Data Type': 'Array (0x48)', 'Elements Type': 'Unknown (0x02)', 'Elements Number': '2560'}"
177,Coordinator,Coordinator,0x0000,0x6e5f,Power Plug 1,Socket,,Unknown,Unknown,,,,0,Ack,
178,Power Plug 1,Socket,0x6e5f,0x0000,Coordinator,Coordinator,,Unknown,Unknown,,,,0,,
179,Coordinator,Coordinator,0x0000,0x6e5f,Power Plug 1,Socket,,Unknown,Unknown,,,,0,Ack,
180,Power Plug 1,Socket,0x6e5f,0x0000,Coordinator,Coordinator,0x6e5f,Power Plug 1,Socket,0x0000,Coordinator,Coordinator,0,Report Attributes (0x0a),"{'Sequence Number': '238', 'Command': 'Report Attributes (0x0a)', 'Attribute': '0xd002', 'Data Type': 'Array (0x48)', 'Elements Type': 'Unknown (0x02)', 'Elements Number': '2560'}"
181,Coordinator,Coordinator,0x0000,0x6e5f,Power Plug 1,Socket,,Unknown,Unknown,,,,0,Ack,
182,Power Plug 1,Socket,0x6e5f,0x0000,Coordinator,Coordinator,,Unknown,Unknown,,,,0,,
183,Power Plug 1,Socket,0x6e5f,0x0000,Coordinator,Coordinator,,Unknown,Unknown,,,,0,,
184,Coordinator,Coordinator,0x0000,0x6e5f,Power Plug 1,Socket,,Unknown,Unknown,,,,0,Ack,
185,Coordinator,Coordinator,0x0000,0xffff,Broadcast,Broadcast,,Unknown,Unknown,,,,0,,
186,Sonoff Motion 1,Motion,0xb815,0x0000,Coordinator,Coordinator,0xb815,Sonoff Motion 1,Motion,0x0000,Coordinator,Coordinator,1,Zone Status Change Notification (0x00),"{'Sequence Number': '193', 'Command': 'Zone Status Change Notification (0x00)', 'ZoneStatus': '0x0001, Alarm 1', 'Extended Status': '0x00', 'Zone ID': '0x00'}"
187,Coordinator,Coordinator,0x0000,0xb815,Sonoff Motion 1,Motion,,Unknown,Unknown,,,,0,Ack,
188,Sonoff Motion 1,Motion,0xb815,0x0000,Coordinator,Coordinator,,Unknown,Unknown,,,,0,,
189,Coordinator,Coordinator,0x0000,0xb815,Sonoff Motion 1,Motion,,Unknown,Unknown,,,,0,Ack,
190,Sonoff Temperature,Temperature,0x265e,0x0000,Coordinator,Coordinator,0x265e,Sonoff Temperature,Temperature,0x0000,Coordinator,Coordinator,0,Report Attributes (0x0a),"{'Sequence Number': '77', 'Command': 'Report Attributes (0x0a)', 'Attribute': 'Measured Value (0x0000)', 'Data Type': '16-Bit Signed Integer (0x29)', 'Measured Value': '23.54 [°C]'}"
191,Coordinator,Coordinator,0x0000,0x265e,Sonoff Temperature,Temperature,,Unknown,Unknown,,,,0,Ack,
192,Sonoff Temperature,Temperature,0x265e,0x0000,Coordinator,Coordinator,,Unknown,Unknown,,,,0,,
193,Coordinator,Coordinator,0x0000,0x265e,Sonoff Temperature,Temperature,,Unknown,Unknown,,,,0,Ack,
194,Power Plug 1,Socket,0x6e5f,0x0000,Coordinator,Coordinator,,Unknown,Unknown,,,,0,,
195,Coordinator,Coordinator,0x0000,0x6e5f,Power Plug 1,Socket,,Unknown,Unknown,,,,0,Ack,
196,Coordinator,Coordinator,0x0000,0x6e5f,Power Plug 1,Socket,0x0000,Coordinator,Coordinator,0x6e5f,Power Plug 1,Socket,0,Default Response (0x0b),"{'Sequence Number': '240', 'Command': 'Default Response (0x0b)', 'Response to Command': '0x0a', 'Status': 'Success (0x00)'}"
197,Power Plug 1,Socket,0x6e5f,0x0000,Coordinator,Coordinator,,Unknown,Unknown,,,,0,Ack,
198,Power Plug 1,Socket,0x6e5f,0x0000,Coordinator,Coordinator,,Unknown,Unknown,,,,0,,
199,Coordinator,Coordinator,0x0000,0x6e5f,Power Plug 1,Socket,,Unknown,Unknown,,,,0,Ack,
200,Power Plug 1,Socket,0x6e5f,0xffff,Broadcast,Broadcast,,Unknown,Unknown,,,,0,,
201,Sonoff Door 1,Door,0x3181,0x0000,Coordinator,Coordinator,0x3181,Sonoff Door 1,Door,0x0000,Coordinator,Coordinator,1,Zone Status Change Notification (0x00),"{'Sequence Number': '49', 'Command': 'Zone Status Change Notification (0x00)', 'ZoneStatus': '0x0000', 'Extended Status': '0x00', 'Zone ID': '0x00'}"
202,Coordinator,Coordinator,0x0000,0x3181,Sonoff Door 1,Door,,Unknown,Unknown,,,,0,Ack,
203,Coordinator,Coordinator,0x0000,0xffff,Broadcast,Broadcast,0x0000,Coordinator,Coordinator,0xfffc,Broadcast,Broadcast,0,Link Status (0x08),
204,Sonoff Door 1,Door,0x3181,0x0000,Coordinator,Coordinator,,Unknown,Unknown,,,,0,,
205,Coordinator,Coordinator,0x0000,0x3181,Sonoff Door 1,Door,,Unknown,Unknown,,,,0,Ack,
206,Coordinator,Coordinator,0x0000,0x482d,Philips Lamp 1,Bulb,0x0000,Coordinator,Coordinator,0xa209,Philips Lamp 2,Bulb,0,Read Attributes (0x00),"{'Sequence Number': '39', 'Command': 'Read Attributes (0x00)', 'Attribute': 'OnOff (0x0000)'}"
207,Coordinator,Coordinator,0x0000,0x482d,Philips Lamp 1,Bulb,0x0000,Coordinator,Coordinator,0xa209,Philips Lamp 2,Bulb,0,Read Attributes (0x00),"{'Sequence Number': '39', 'Command': 'Read Attributes (0x00)', 'Attribute': 'OnOff (0x0000)'}"
208,Coordinator,Coordinator,0x0000,0x482d,Philips Lamp 1,Bulb,0x0000,Coordinator,Coordinator,0xa209,Philips Lamp 2,Bulb,0,Read Attributes (0x00),"{'Sequence Number': '39', 'Command': 'Read Attributes (0x00)', 'Attribute': 'OnOff (0x0000)'}"
209,Coordinator,Coordinator,0x0000,0x482d,Philips Lamp 1,Bulb,0x0000,Coordinator,Coordinator,0xa209,Philips Lamp 2,Bulb,0,Read Attributes (0x00),"{'Sequence Number': '39', 'Command': 'Read Attributes (0x00)', 'Attribute': 'OnOff (0x0000)'}"
210,Coordinator,Coordinator,0x0000,0x482d,Philips Lamp 1,Bulb,,Unknown,Unknown,,,,0,,
211,Coordinator,Coordinator,0x0000,0x482d,Philips Lamp 1,Bulb,,Unknown,Unknown,,,,0,,
212,Coordinator,Coordinator,0x0000,0x482d,Philips Lamp 1,Bulb,,Unknown,Unknown,,,,0,,
213,Coordinator,Coordinator,0x0000,0x482d,Philips Lamp 1,Bulb,,Unknown,Unknown,,,,0,,
214,Coordinator,Coordinator,0x0000,0x482d,Philips Lamp 1,Bulb,0x0000,Coordinator,Coordinator,0xa209,Philips Lamp 2,Bulb,0,Read Attributes (0x00),"{'Sequence Number': '39', 'Command': 'Read Attributes (0x00)', 'Attribute': 'OnOff (0x0000)'}"
215,Coordinator,Coordinator,0x0000,0x482d,Philips Lamp 1,Bulb,0x0000,Coordinator,Coordinator,0xa209,Philips Lamp 2,Bulb,0,Read Attributes (0x00),"{'Sequence Number': '39', 'Command': 'Read Attributes (0x00)', 'Attribute': 'OnOff (0x0000)'}"
216,Coordinator,Coordinator,0x0000,0x482d,Philips Lamp 1,Bulb,0x0000,Coordinator,Coordinator,0xa209,Philips Lamp 2,Bulb,0,Read Attributes (0x00),"{'Sequence Number': '39', 'Command': 'Read Attributes (0x00)', 'Attribute': 'OnOff (0x0000)'}"
217,Coordinator,Coordinator,0x0000,0x482d,Philips Lamp 1,Bulb,0x0000,Coordinator,Coordinator,0xa209,Philips Lamp 2,Bulb,0,Read Attributes (0x00),"{'Sequence Number': '39', 'Command': 'Read Attributes (0x00)', 'Attribute': 'OnOff (0x0000)'}"
218,Coordinator,Coordinator,0x0000,0x482d,Philips Lamp 1,Bulb,,Unknown,Unknown,,,,0,,
219,Coordinator,Coordinator,0x0000,0x482d,Philips Lamp 1,Bulb,,Unknown,Unknown,,,,0,,
220,Coordinator,Coordinator,0x0000,0x482d,Philips Lamp 1,Bulb,,Unknown,Unknown,,,,0,,
221,Coordinator,Coordinator,0x0000,0x482d,Philips Lamp 1,Bulb,,Unknown,Unknown,,,,0,,
222,Coordinator,Coordinator,0x0000,0x482d,Philips Lamp 1,Bulb,0x0000,Coordinator,Coordinator,0xa209,Philips Lamp 2,Bulb,0,Read Attributes (0x00),"{'Sequence Number': '41', 'Command': 'Read Attributes (0x00)', 'Attribute': 'Current Level (0x0000)'}"
223,Coordinator,Coordinator,0x0000,0x482d,Philips Lamp 1,Bulb,0x0000,Coordinator,Coordinator,0xa209,Philips Lamp 2,Bulb,0,Read Attributes (0x00),"{'Sequence Number': '41', 'Command': 'Read Attributes (0x00)', 'Attribute': 'Current Level (0x0000)'}"
224,Coordinator,Coordinator,0x0000,0x482d,Philips Lamp 1,Bulb,0x0000,Coordinator,Coordinator,0xa209,Philips Lamp 2,Bulb,0,Read Attributes (0x00),"{'Sequence Number': '41', 'Command': 'Read Attributes (0x00)', 'Attribute': 'Current Level (0x0000)'}"
225,Coordinator,Coordinator,0x0000,0x482d,Philips Lamp 1,Bulb,0x0000,Coordinator,Coordinator,0xa209,Philips Lamp 2,Bulb,0,Read Attributes (0x00),"{'Sequence Number': '41', 'Command': 'Read Attributes (0x00)', 'Attribute': 'Current Level (0x0000)'}"
226,Coordinator,Coordinator,0x0000,0x482d,Philips Lamp 1,Bulb,,Unknown,Unknown,,,,0,,
227,Coordinator,Coordinator,0x0000,0x482d,Philips Lamp 1,Bulb,,Unknown,Unknown,,,,0,,
228,Coordinator,Coordinator,0x0000,0x482d,Philips Lamp 1,Bulb,,Unknown,Unknown,,,,0,,
229,Coordinator,Coordinator,0x0000,0x482d,Philips Lamp 1,Bulb,,Unknown,Unknown,,,,0,,
230,Coordinator,Coordinator,0x0000,0x482d,Philips Lamp 1,Bulb,0x0000,Coordinator,Coordinator,0xa209,Philips Lamp 2,Bulb,0,Read Attributes (0x00),"{'Sequence Number': '41', 'Command': 'Read Attributes (0x00)', 'Attribute': 'Current Level (0x0000)'}"
231,Coordinator,Coordinator,0x0000,0x482d,Philips Lamp 1,Bulb,0x0000,Coordinator,Coordinator,0xa209,Philips Lamp 2,Bulb,0,Read Attributes (0x00),"{'Sequence Number': '41', 'Command': 'Read Attributes (0x00)', 'Attribute': 'Current Level (0x0000)'}"
232,Coordinator,Coordinator,0x0000,0x482d,Philips Lamp 1,Bulb,0x0000,Coordinator,Coordinator,0xa209,Philips Lamp 2,Bulb,0,Read Attributes (0x00),"{'Sequence Number': '41', 'Command': 'Read Attributes (0x00)', 'Attribute': 'Current Level (0x0000)'}"
233,Coordinator,Coordinator,0x0000,0x482d,Philips Lamp 1,Bulb,0x0000,Coordinator,Coordinator,0xa209,Philips Lamp 2,Bulb,0,Read Attributes (0x00),"{'Sequence Number': '41', 'Command': 'Read Attributes (0x00)', 'Attribute': 'Current Level (0x0000)'}"
234,Coordinator,Coordinator,0x0000,0x482d,Philips Lamp 1,Bulb,0x0000,Coordinator,Coordinator,0xa209,Philips Lamp 2,Bulb,0,Read Attributes (0x00),"{'Sequence Number': '41', 'Command': 'Read Attributes (0x00)', 'Attribute': 'Current Level (0x0000)'}"
235,Coordinator,Coordinator,0x0000,0x482d,Philips Lamp 1,Bulb,0x0000,Coordinator,Coordinator,0xa209,Philips Lamp 2,Bulb,0,Read Attributes (0x00),"{'Sequence Number': '41', 'Command': 'Read Attributes (0x00)', 'Attribute': 'Current Level (0x0000)'}"
236,Coordinator,Coordinator,0x0000,0x482d,Philips Lamp 1,Bulb,0x0000,Coordinator,Coordinator,0xa209,Philips Lamp 2,Bulb,0,Read Attributes (0x00),"{'Sequence Number': '41', 'Command': 'Read Attributes (0x00)', 'Attribute': 'Current Level (0x0000)'}"
237,Coordinator,Coordinator,0x0000,0x482d,Philips Lamp 1,Bulb,0x0000,Coordinator,Coordinator,0xa209,Philips Lamp 2,Bulb,0,Read Attributes (0x00),"{'Sequence Number': '41', 'Command': 'Read Attributes (0x00)', 'Attribute': 'Current Level (0x0000)'}"
238,Coordinator,Coordinator,0x0000,0x482d,Philips Lamp 1,Bulb,,Unknown,Unknown,,,,0,,
239,Coordinator,Coordinator,0x0000,0x482d,Philips Lamp 1,Bulb,,Unknown,Unknown,,,,0,,
240,Coordinator,Coordinator,0x0000,0x482d,Philips Lamp 1,Bulb,,Unknown,Unknown,,,,0,,
241,Coordinator,Coordinator,0x0000,0x482d,Philips Lamp 1,Bulb,,Unknown,Unknown,,,,0,,
242,Coordinator,Coordinator,0x0000,0x6e5f,Power Plug 1,Socket,,Unknown,Unknown,,,,0,,
243,Power Plug 1,Socket,0x6e5f,0x0000,Coordinator,Coordinator,,Unknown,Unknown,,,,0,Ack,
244,Power Plug 1,Socket,0x6e5f,0x0000,Coordinator,Coordinator,,Unknown,Unknown,,,,0,,
245,Coordinator,Coordinator,0x0000,0x6e5f,Power Plug 1,Socket,,Unknown,Unknown,,,,0,Ack,
246,Coordinator,Coordinator,0x0000,0x6e5f,Power Plug 1,Socket,,Unknown,Unknown,,,,0,,
247,Power Plug 1,Socket,0x6e5f,0x0000,Coordinator,Coordinator,,Unknown,Unknown,,,,0,Ack,
248,Unknown,Unknown,,,Unknown,Unknown,,Unknown,Unknown,,,,0,Ack,
249,Coordinator,Coordinator,0x0000,0x6e5f,Power Plug 1,Socket,,Unknown,Unknown,,,,0,,
250,Power Plug 1,Socket,0x6e5f,0x0000,Coordinator,Coordinator,,Unknown,Unknown,,,,0,Ack,
251,Coordinator,Coordinator,0x0000,0x6e5f,Power Plug 1,Socket,,Unknown,Unknown,,,,0,,
252,Power Plug 1,Socket,0x6e5f,0x0000,Coordinator,Coordinator,,Unknown,Unknown,,,,0,Ack,
253,Power Plug 1,Socket,0x6e5f,0xffff,Broadcast,Broadcast,,Unknown,Unknown,,,,0,,
254,Coordinator,Coordinator,0x0000,0xffff,Broadcast,Broadcast,0x0000,Coordinator,Coordinator,0xfffc,Broadcast,Broadcast,0,Link Status (0x08),
255,Coordinator,Coordinator,0x0000,0xffff,Broadcast,Broadcast,,Unknown,Unknown,,,,0,,
256,Unknown,Unknown,,,Unknown,Unknown,,Unknown,Unknown,,,,0,,
257,Coordinator,Coordinator,0x0000,0x6e5f,Power Plug 1,Socket,0x0000,Coordinator,Coordinator,0x6e5f,Power Plug 1,Socket,0,Read Attributes (0x00),"{'Sequence Number': '47', 'Command': 'Read Attributes (0x00)', 'Attribute': ['Current Summation Delivered (0x0000)', 'Status (0x0200)']}"
258,Power Plug 1,Socket,0x6e5f,0x0000,Coordinator,Coordinator,,Unknown,Unknown,,,,0,Ack,
259,Power Plug 1,Socket,0x6e5f,0x5000,Unknown,Unknown,,Unknown,Unknown,,,,0,,
260,Unknown,Unknown,0x5000,0x6e5f,Power Plug 1,Socket,,Unknown,Unknown,,,,0,Ack,
261,Coordinator,Coordinator,0x0000,0x6e5f,Power Plug 1,Socket,,Unknown,Unknown,,,,0,,
262,Unknown,Unknown,,,Unknown,Unknown,,Unknown,Unknown,,,,0,,
263,Power Plug 1,Socket,0x6e5f,0x0000,Coordinator,Coordinator,,Unknown,Unknown,,,,0,,
264,Coordinator,Coordinator,0x0000,0x6e5f,Power Plug 1,Socket,,Unknown,Unknown,,,,0,Ack,
265,Coordinator,Coordinator,0x0000,0x6e5f,Power Plug 1,Socket,0x0000,Coordinator,Coordinator,0x6e5f,Power Plug 1,Socket,0,APS: Ack,
266,Coordinator,Coordinator,0x0000,0x6e5f,Power Plug 1,Socket,0x0000,Coordinator,Coordinator,0x6e5f,Power Plug 1,Socket,0,APS: Ack,
267,Power Plug 1,Socket,0x6e5f,0x0000,Coordinator,Coordinator,,Unknown,Unknown,,,,0,Ack,
268,Coordinator,Coordinator,0x0000,0xffff,Broadcast,Broadcast,0x0000,Coordinator,Coordinator,0xfffc,Broadcast,Broadcast,0,Link Status (0x08),
269,Sonoff Motion 1,Motion,0xb815,0x0000,Coordinator,Coordinator,,Unknown,Unknown,,,,0,,
270,Coordinator,Coordinator,0x0000,0xb815,Sonoff Motion 1,Motion,,Unknown,Unknown,,,,0,Ack,
271,Sonoff Motion 1,Motion,0xb815,0x0000,Coordinator,Coordinator,,Unknown,Unknown,,,,0,,
272,Coordinator,Coordinator,0x0000,0xb815,Sonoff Motion 1,Motion,,Unknown,Unknown,,,,0,Ack,
273,Power Plug 1,Socket,0x6e5f,0x0000,Coordinator,Coordinator,,Unknown,Unknown,,,,0,,
274,Power Plug 1,Socket,0x6e5f,0x0000,Coordinator,Coordinator,0x6e5f,Power Plug 1,Socket,0x0000,Coordinator,Coordinator,0,Report Attributes (0x0a),"{'Sequence Number': '241', 'Command': 'Report Attributes (0x0a)', 'Attribute': ['RMS Voltage (0x0505)', 'RMS Current (0x0508)', 'Active Power (0x050b)'], 'Data Type': ['16-Bit Unsigned Integer (0x21)', '16-Bit Unsigned Integer (0x21)', '16-Bit Signed Integer (0x29)'], 'Uint16': ['218 (0x00da)', '0 (0x0000)'], 'Int16': '0'}"
275,Coordinator,Coordinator,0x0000,0x6e5f,Power Plug 1,Socket,,Unknown,Unknown,,,,0,Ack,
276,Coordinator,Coordinator,0x0000,0x6e5f,Power Plug 1,Socket,0x0000,Coordinator,Coordinator,0x6e5f,Power Plug 1,Socket,0,Default Response (0x0b),"{'Sequence Number': '241', 'Command': 'Default Response (0x0b)', 'Response to Command': '0x0a', 'Status': 'Success (0x00)'}"
277,Power Plug 1,Socket,0x6e5f,0x0000,Coordinator,Coordinator,,Unknown,Unknown,,,,0,Ack,
278,Coordinator,Coordinator,0x0000,0x6e5f,Power Plug 1,Socket,0x0000,Coordinator,Coordinator,0x6e5f,Power Plug 1,Socket,0,Default Response (0x0b),"{'Sequence Number': '241', 'Command': 'Default Response (0x0b)', 'Response to Command': '0x0a', 'Status': 'Success (0x00)'}"
279,Power Plug 1,Socket,0x6e5f,0x0000,Coordinator,Coordinator,0x6e5f,Power Plug 1,Socket,0x0000,Coordinator,Coordinator,0,APS: Ack,
280,Coordinator,Coordinator,0x0000,0x6e5f,Power Plug 1,Socket,0x0000,Coordinator,Coordinator,0x6e5f,Power Plug 1,Socket,0,Default Response (0x0b),"{'Sequence Number': '241', 'Command': 'Default Response (0x0b)', 'Response to Command': '0x0a', 'Status': 'Success (0x00)'}"
281,Power Plug 1,Socket,0x6e5f,0x0000,Coordinator,Coordinator,0x6e5f,Power Plug 1,Socket,0x0000,Coordinator,Coordinator,0,APS: Ack,
282,Coordinator,Coordinator,0x0000,0x6e5f,Power Plug 1,Socket,0x0000,Coordinator,Coordinator,0x6e5f,Power Plug 1,Socket,0,Default Response (0x0b),"{'Sequence Number': '241', 'Command': 'Default Response (0x0b)', 'Response to Command': '0x0a', 'Status': 'Success (0x00)'}"
283,Power Plug 1,Socket,0x6e5f,0x0000,Coordinator,Coordinator,,Unknown,Unknown,,,,0,Ack,
284,Power Plug 1,Socket,0x6e5f,0x0000,Coordinator,Coordinator,,Unknown,Unknown,,,,0,,
285,Power Plug 1,Socket,0x6e5f,0x0000,Coordinator,Coordinator,0x6e5f,Power Plug 1,Socket,0x0000,Coordinator,Coordinator,0,APS: Ack,
286,Coordinator,Coordinator,0x0000,0x6e5f,Power Plug 1,Socket,,Unknown,Unknown,,,,0,Ack,
287,Power Plug 1,Socket,0x6e5f,0x0000,Coordinator,Coordinator,0x6e5f,Power Plug 1,Socket,0x0000,Coordinator,Coordinator,0,APS: Ack,
288,Coordinator,Coordinator,0x0000,0x6e5f,Power Plug 1,Socket,,Unknown,Unknown,,,,0,Ack,
289,Power Plug 1,Socket,0x6e5f,0x0000,Coordinator,Coordinator,0x6e5f,Power Plug 1,Socket,0x0000,Coordinator,Coordinator,0,Report Attributes (0x0a),"{'Sequence Number': '242', 'Command': 'Report Attributes (0x0a)', 'Attribute': 'Current Summation Delivered (0x0000)', 'Data Type': '48-Bit Unsigned Integer (0x25)', 'Uint48': '2 (0x0000000000000002)'}"
290,Coordinator,Coordinator,0x0000,0x6e5f,Power Plug 1,Socket,,Unknown,Unknown,,,,0,Ack,
291,Coordinator,Coordinator,0x0000,0x6e5f,Power Plug 1,Socket,0x0000,Coordinator,Coordinator,0x6e5f,Power Plug 1,Socket,0,Default Response (0x0b),"{'Sequence Number': '242', 'Command': 'Default Response (0x0b)', 'Response to Command': '0x0a', 'Status': 'Success (0x00)'}"
292,Power Plug 1,Socket,0x6e5f,0x0000,Coordinator,Coordinator,,Unknown,Unknown,,,,0,Ack,
293,Coordinator,Coordinator,0x0000,0x6e5f,Power Plug 1,Socket,0x0000,Coordinator,Coordinator,0x6e5f,Power Plug 1,Socket,0,Default Response (0x0b),"{'Sequence Number': '242', 'Command': 'Default Response (0x0b)', 'Response to Command': '0x0a', 'Status': 'Success (0x00)'}"
294,Power Plug 1,Socket,0x6e5f,0x0000,Coordinator,Coordinator,,Unknown,Unknown,,,,0,Ack,
295,Power Plug 1,Socket,0x6e5f,0x0000,Coordinator,Coordinator,,Unknown,Unknown,,,,0,,
296,Coordinator,Coordinator,0x0000,0x6e5f,Power Plug 1,Socket,,Unknown,Unknown,,,,0,Ack,
297,Power Plug 1,Socket,0x6e5f,0x0000,Coordinator,Coordinator,,Unknown,Unknown,,,,0,,
298,Coordinator,Coordinator,0x0000,0x6e5f,Power Plug 1,Socket,,Unknown,Unknown,,,,0,Ack,
299,Power Plug 1,Socket,0x6e5f,0xffff,Broadcast,Broadcast,0x6e5f,Power Plug 1,Socket,0xfffc,Broadcast,Broadcast,0,Link Status (0x08),
300,Coordinator,Coordinator,0x0000,0xffff,Broadcast,Broadcast,,Unknown,Unknown,,,,0,,
301,Coordinator,Coordinator,0x0000,0x6e5f,Power Plug 1,Socket,0x0000,Coordinator,Coordinator,0x6e5f,Power Plug 1,Socket,0,Read Attributes (0x00),"{'Sequence Number': '53', 'Command': 'Read Attributes (0x00)', 'Attribute': ['Current Summation Delivered (0x0000)', 'Status (0x0200)']}"
302,Coordinator,Coordinator,0x0000,0x6e5f,Power Plug 1,Socket,0x0000,Coordinator,Coordinator,0x6e5f,Power Plug 1,Socket,0,Read Attributes (0x00),"{'Sequence Number': '53', 'Command': 'Read Attributes (0x00)', 'Attribute': ['Current Summation Delivered (0x0000)', 'Status (0x0200)']}"
303,Power Plug 1,Socket,0x6e5f,0x0000,Coordinator,Coordinator,,Unknown,Unknown,,,,0,Ack,
304,Power Plug 1,Socket,0x6e5f,0x0000,Coordinator,Coordinator,0x6e5f,Power Plug 1,Socket,0x0000,Coordinator,Coordinator,0,Read Attributes Response (0x01),"{'Sequence Number': '53', 'Command': 'Read Attributes Response (0x01)', 'Attribute': ['Current Summation Delivered (0x0000)', 'Status (0x0200)'], 'Status': ['Success (0x00)', 'Success (0x00)'], 'Data Type': ['48-Bit Unsigned Integer (0x25)', '8-Bit Bitmap (0x18)'], 'Uint48': '2 (0x0000000000000002)', 'Bitmap8': '0x00'}"
305,Coordinator,Coordinator,0x0000,0x6e5f,Power Plug 1,Socket,,Unknown,Unknown,,,,0,Ack,
306,Coordinator,Coordinator,0x0000,0x6e5f,Power Plug 1,Socket,,Unknown,Unknown,,,,0,,
307,Power Plug 1,Socket,0x6e5f,0x0000,Coordinator,Coordinator,,Unknown,Unknown,,,,0,Ack,
308,Power Plug 1,Socket,0x6e5f,0x0000,Coordinator,Coordinator,0x6e5f,Power Plug 1,Socket,0x0000,Coordinator,Coordinator,0,Read Attributes Response (0x01),"{'Sequence Number': '55', 'Command': 'Read Attributes Response (0x01)', 'Attribute': ['Active Power (0x050b)', 'RMS Current (0x0508)', 'RMS Voltage (0x0505)'], 'Status': ['Success (0x00)', 'Success (0x00)', 'Success (0x00)'], 'Data Type': ['16-Bit Signed Integer (0x29)', '16-Bit Unsigned Integer (0x21)', '16-Bit Unsigned Integer (0x21)'], 'Int16': '0', 'Uint16': ['0 (0x0000)', '218 (0x00da)']}"
309,Coordinator,Coordinator,0x0000,0x6e5f,Power Plug 1,Socket,,Unknown,Unknown,,,,0,Ack,
310,Coordinator,Coordinator,0x0000,0x6e5f,Power Plug 1,Socket,0x0000,Coordinator,Coordinator,0x6e5f,Power Plug 1,Socket,0,APS: Ack,
311,Power Plug 1,Socket,0x6e5f,0x0000,Coordinator,Coordinator,,Unknown,Unknown,,,,0,Ack,
312,Coordinator,Coordinator,0x0000,0x6e5f,Power Plug 1,Socket,0x0000,Coordinator,Coordinator,0x6e5f,Power Plug 1,Socket,0,APS: Ack,
313,Power Plug 1,Socket,0x6e5f,0x0000,Coordinator,Coordinator,,Unknown,Unknown,,,,0,Ack,
314,Coordinator,Coordinator,0x0000,0x6e5f,Power Plug 1,Socket,0x0000,Coordinator,Coordinator,0x6e5f,Power Plug 1,Socket,0,APS: Ack,
315,Power Plug 1,Socket,0x6e5f,0x0000,Coordinator,Coordinator,,Unknown,Unknown,,,,0,Ack,
316,Coordinator,Coordinator,0x0000,0x6e5f,Power Plug 1,Socket,0x0000,Coordinator,Coordinator,0x6e5f,Power Plug 1,Socket,0,APS: Ack,
317,Power Plug 1,Socket,0x6e5f,0x0000,Coordinator,Coordinator,,Unknown,Unknown,,,,0,Ack,
318,Power Plug 1,Socket,0x6e5f,0xffff,Broadcast,Broadcast,,Unknown,Unknown,,,,0,,
319,Coordinator,Coordinator,0x0000,0xffff,Broadcast,Broadcast,0x0000,Coordinator,Coordinator,0xfffc,Broadcast,Broadcast,0,Link Status (0x08),
320,Power Plug 1,Socket,0x6e5f,0xffff,Broadcast,Broadcast,,Unknown,Unknown,,,,0,,
321,Sonoff Door 1,Door,0x3181,0x0000,Coordinator,Coordinator,0x3181,Sonoff Door 1,Door,0x0000,Coordinator,Coordinator,1,Zone Status Change Notification (0x00),"{'Sequence Number': '50', 'Command': 'Zone Status Change Notification (0x00)', 'ZoneStatus': '0x0001, Alarm 1', 'Extended Status': '0x00', 'Zone ID': '0x00'}"
322,Coordinator,Coordinator,0x0000,0x3181,Sonoff Door 1,Door,,Unknown,Unknown,,,,0,Ack,
323,Sonoff Door 1,Door,0x3181,0x0000,Coordinator,Coordinator,,Unknown,Unknown,,,,0,,
324,Coordinator,Coordinator,0x0000,0x3181,Sonoff Door 1,Door,,Unknown,Unknown,,,,0,Ack,
325,Power Plug 1,Socket,0x6e5f,0x0000,Coordinator,Coordinator,,Unknown,Unknown,,,,0,,
326,Coordinator,Coordinator,0x0000,0x6e5f,Power Plug 1,Socket,,Unknown,Unknown,,,,0,Ack,
327,Coordinator,Coordinator,0x0000,0x6e5f,Power Plug 1,Socket,,Unknown,Unknown,,,,0,,
328,Power Plug 1,Socket,0x6e5f,0x0000,Coordinator,Coordinator,,Unknown,Unknown,,,,0,Ack,
329,Power Plug 1,Socket,0x6e5f,0x0000,Coordinator,Coordinator,0x6e5f,Power Plug 1,Socket,0x0000,Coordinator,Coordinator,0,APS: Ack,
330,Coordinator,Coordinator,0x0000,0x6e5f,Power Plug 1,Socket,,Unknown,Unknown,,,,0,Ack,
331,Power Plug 1,Socket,0x6e5f,0x0000,Coordinator,Coordinator,0x6e5f,Power Plug 1,Socket,0x0000,Coordinator,Coordinator,0,Report Attributes (0x0a),"{'Sequence Number': '244', 'Command': 'Report Attributes (0x0a)', 'Attribute': 'OnOff (0x0000)', 'Data Type': 'Boolean (0x10)'}"
332,Coordinator,Coordinator,0x0000,0x6e5f,Power Plug 1,Socket,,Unknown,Unknown,,,,0,Ack,
333,Coordinator,Coordinator,0x0000,0x6e5f,Power Plug 1,Socket,,Unknown,Unknown,,,,0,,
334,Power Plug 1,Socket,0x6e5f,0x0000,Coordinator,Coordinator,,Unknown,Unknown,,,,0,Ack,
335,Power Plug 1,Socket,0x6e5f,0x0000,Coordinator,Coordinator,,Unknown,Unknown,,,,0,,
336,Coordinator,Coordinator,0x0000,0x6e5f,Power Plug 1,Socket,,Unknown,Unknown,,,,0,Ack,
337,Coordinator,Coordinator,0x0000,0xffff,Broadcast,Broadcast,,Unknown,Unknown,,,,0,,
338,Coordinator,Coordinator,0x0000,0x482d,Philips Lamp 1,Bulb,,Unknown,Unknown,,,,0,,
339,Coordinator,Coordinator,0x0000,0x482d,Philips Lamp 1,Bulb,,Unknown,Unknown,,,,0,,
340,Coordinator,Coordinator,0x0000,0x482d,Philips Lamp 1,Bulb,,Unknown,Unknown,,,,0,,
341,Coordinator,Coordinator,0x0000,0x482d,Philips Lamp 1,Bulb,,Unknown,Unknown,,,,0,,
342,Coordinator,Coordinator,0x0000,0x482d,Philips Lamp 1,Bulb,,Unknown,Unknown,,,,0,,
343,Coordinator,Coordinator,0x0000,0x482d,Philips Lamp 1,Bulb,,Unknown,Unknown,,,,0,,
344,Coordinator,Coordinator,0x0000,0x482d,Philips Lamp 1,Bulb,,Unknown,Unknown,,,,0,,
345,Coordinator,Coordinator,0x0000,0x482d,Philips Lamp 1,Bulb,,Unknown,Unknown,,,,0,,
346,Coordinator,Coordinator,0x0000,0x482d,Philips Lamp 1,Bulb,,Unknown,Unknown,,,,0,,
347,Coordinator,Coordinator,0x0000,0x482d,Philips Lamp 1,Bulb,,Unknown,Unknown,,,,0,,
348,Coordinator,Coordinator,0x0000,0x482d,Philips Lamp 1,Bulb,,Unknown,Unknown,,,,0,,
349,Coordinator,Coordinator,0x0000,0x482d,Philips Lamp 1,Bulb,,Unknown,Unknown,,,,0,,
350,Coordinator,Coordinator,0x0000,0x482d,Philips Lamp 1,Bulb,,Unknown,Unknown,,,,0,,
351,Coordinator,Coordinator,0x0000,0x482d,Philips Lamp 1,Bulb,,Unknown,Unknown,,,,0,,
352,Coordinator,Coordinator,0x0000,0x482d,Philips Lamp 1,Bulb,,Unknown,Unknown,,,,0,,
353,Coordinator,Coordinator,0x0000,0x482d,Philips Lamp 1,Bulb,,Unknown,Unknown,,,,0,,
354,Coordinator,Coordinator,0x0000,0x482d,Philips Lamp 1,Bulb,0x0000,Coordinator,Coordinator,0x482d,Philips Lamp 1,Bulb,0,Read Attributes (0x00),"{'Sequence Number': '59', 'Command': 'Read Attributes (0x00)', 'Attribute': 'OnOff (0x0000)'}"
355,Coordinator,Coordinator,0x0000,0x482d,Philips Lamp 1,Bulb,0x0000,Coordinator,Coordinator,0x482d,Philips Lamp 1,Bulb,0,Read Attributes (0x00),"{'Sequence Number': '59', 'Command': 'Read Attributes (0x00)', 'Attribute': 'OnOff (0x0000)'}"
356,Coordinator,Coordinator,0x0000,0x482d,Philips Lamp 1,Bulb,0x0000,Coordinator,Coordinator,0x482d,Philips Lamp 1,Bulb,0,Read Attributes (0x00),"{'Sequence Number': '59', 'Command': 'Read Attributes (0x00)', 'Attribute': 'OnOff (0x0000)'}"
357,Coordinator,Coordinator,0x0000,0x482d,Philips Lamp 1,Bulb,0x0000,Coordinator,Coordinator,0x482d,Philips Lamp 1,Bulb,0,Read Attributes (0x00),"{'Sequence Number': '59', 'Command': 'Read Attributes (0x00)', 'Attribute': 'OnOff (0x0000)'}"
358,Coordinator,Coordinator,0x0000,0x482d,Philips Lamp 1,Bulb,,Unknown,Unknown,,,,0,,
359,Coordinator,Coordinator,0x0000,0x482d,Philips Lamp 1,Bulb,,Unknown,Unknown,,,,0,,
360,Coordinator,Coordinator,0x0000,0x482d,Philips Lamp 1,Bulb,,Unknown,Unknown,,,,0,,
361,Coordinator,Coordinator,0x0000,0x482d,Philips Lamp 1,Bulb,,Unknown,Unknown,,,,0,,
362,Coordinator,Coordinator,0x0000,0x482d,Philips Lamp 1,Bulb,,Unknown,Unknown,,,,0,,
363,Coordinator,Coordinator,0x0000,0x482d,Philips Lamp 1,Bulb,,Unknown,Unknown,,,,0,,
364,Coordinator,Coordinator,0x0000,0x482d,Philips Lamp 1,Bulb,,Unknown,Unknown,,,,0,,
365,Coordinator,Coordinator,0x0000,0x482d,Philips Lamp 1,Bulb,,Unknown,Unknown,,,,0,,
366,Coordinator,Coordinator,0x0000,0x482d,Philips Lamp 1,Bulb,0x0000,Coordinator,Coordinator,0x482d,Philips Lamp 1,Bulb,0,Read Attributes (0x00),"{'Sequence Number': '61', 'Command': 'Read Attributes (0x00)', 'Attribute': 'Current Level (0x0000)'}"
367,Coordinator,Coordinator,0x0000,0x482d,Philips Lamp 1,Bulb,0x0000,Coordinator,Coordinator,0x482d,Philips Lamp 1,Bulb,0,Read Attributes (0x00),"{'Sequence Number': '61', 'Command': 'Read Attributes (0x00)', 'Attribute': 'Current Level (0x0000)'}"
368,Coordinator,Coordinator,0x0000,0x482d,Philips Lamp 1,Bulb,0x0000,Coordinator,Coordinator,0x482d,Philips Lamp 1,Bulb,0,Read Attributes (0x00),"{'Sequence Number': '61', 'Command': 'Read Attributes (0x00)', 'Attribute': 'Current Level (0x0000)'}"
369,Coordinator,Coordinator,0x0000,0x482d,Philips Lamp 1,Bulb,0x0000,Coordinator,Coordinator,0x482d,Philips Lamp 1,Bulb,0,Read Attributes (0x00),"{'Sequence Number': '61', 'Command': 'Read Attributes (0x00)', 'Attribute': 'Current Level (0x0000)'}"
370,Coordinator,Coordinator,0x0000,0x482d,Philips Lamp 1,Bulb,0x0000,Coordinator,Coordinator,0x482d,Philips Lamp 1,Bulb,0,Read Attributes (0x00),"{'Sequence Number': '61', 'Command': 'Read Attributes (0x00)', 'Attribute': 'Current Level (0x0000)'}"
371,Coordinator,Coordinator,0x0000,0x482d,Philips Lamp 1,Bulb,0x0000,Coordinator,Coordinator,0x482d,Philips Lamp 1,Bulb,0,Read Attributes (0x00),"{'Sequence Number': '61', 'Command': 'Read Attributes (0x00)', 'Attribute': 'Current Level (0x0000)'}"
372,Coordinator,Coordinator,0x0000,0x482d,Philips Lamp 1,Bulb,0x0000,Coordinator,Coordinator,0x482d,Philips Lamp 1,Bulb,0,Read Attributes (0x00),"{'Sequence Number': '61', 'Command': 'Read Attributes (0x00)', 'Attribute': 'Current Level (0x0000)'}"
373,Coordinator,Coordinator,0x0000,0x482d,Philips Lamp 1,Bulb,0x0000,Coordinator,Coordinator,0x482d,Philips Lamp 1,Bulb,0,Read Attributes (0x00),"{'Sequence Number': '61', 'Command': 'Read Attributes (0x00)', 'Attribute': 'Current Level (0x0000)'}"
374,Coordinator,Coordinator,0x0000,0x482d,Philips Lamp 1,Bulb,0x0000,Coordinator,Coordinator,0x482d,Philips Lamp 1,Bulb,0,Read Attributes (0x00),"{'Sequence Number': '61', 'Command': 'Read Attributes (0x00)', 'Attribute': 'Current Level (0x0000)'}"
375,Coordinator,Coordinator,0x0000,0x482d,Philips Lamp 1,Bulb,0x0000,Coordinator,Coordinator,0x482d,Philips Lamp 1,Bulb,0,Read Attributes (0x00),"{'Sequence Number': '61', 'Command': 'Read Attributes (0x00)', 'Attribute': 'Current Level (0x0000)'}"
376,Coordinator,Coordinator,0x0000,0x482d,Philips Lamp 1,Bulb,0x0000,Coordinator,Coordinator,0x482d,Philips Lamp 1,Bulb,0,Read Attributes (0x00),"{'Sequence Number': '61', 'Command': 'Read Attributes (0x00)', 'Attribute': 'Current Level (0x0000)'}"
377,Coordinator,Coordinator,0x0000,0x482d,Philips Lamp 1,Bulb,0x0000,Coordinator,Coordinator,0x482d,Philips Lamp 1,Bulb,0,Read Attributes (0x00),"{'Sequence Number': '61', 'Command': 'Read Attributes (0x00)', 'Attribute': 'Current Level (0x0000)'}"
378,Coordinator,Coordinator,0x0000,0x482d,Philips Lamp 1,Bulb,,Unknown,Unknown,,,,0,,
379,Coordinator,Coordinator,0x0000,0x482d,Philips Lamp 1,Bulb,,Unknown,Unknown,,,,0,,
380,Coordinator,Coordinator,0x0000,0x482d,Philips Lamp 1,Bulb,,Unknown,Unknown,,,,0,,
381,Coordinator,Coordinator,0x0000,0x482d,Philips Lamp 1,Bulb,,Unknown,Unknown,,,,0,,
382,Coordinator,Coordinator,0x0000,0x6e5f,Power Plug 1,Socket,0x0000,Coordinator,Coordinator,0x6e5f,Power Plug 1,Socket,0,Read Attributes (0x00),"{'Sequence Number': '63', 'Command': 'Read Attributes (0x00)', 'Attribute': ['Current Summation Delivered (0x0000)', 'Status (0x0200)']}"
383,Coordinator,Coordinator,0x0000,0x6e5f,Power Plug 1,Socket,0x0000,Coordinator,Coordinator,0x6e5f,Power Plug 1,Socket,0,Read Attributes (0x00),"{'Sequence Number': '63', 'Command': 'Read Attributes (0x00)', 'Attribute': ['Current Summation Delivered (0x0000)', 'Status (0x0200)']}"
384,Coordinator,Coordinator,0x0000,0x6e5f,Power Plug 1,Socket,0x0000,Coordinator,Coordinator,0x6e5f,Power Plug 1,Socket,0,Read Attributes (0x00),"{'Sequence Number': '63', 'Command': 'Read Attributes (0x00)', 'Attribute': ['Current Summation Delivered (0x0000)', 'Status (0x0200)']}"
385,Coordinator,Coordinator,0x0000,0x6e5f,Power Plug 1,Socket,0x0000,Coordinator,Coordinator,0x6e5f,Power Plug 1,Socket,0,Read Attributes (0x00),"{'Sequence Number': '63', 'Command': 'Read Attributes (0x00)', 'Attribute': ['Current Summation Delivered (0x0000)', 'Status (0x0200)']}"
386,Coordinator,Coordinator,0x0000,0x6e5f,Power Plug 1,Socket,0x0000,Coordinator,Coordinator,0x6e5f,Power Plug 1,Socket,0,Read Attributes (0x00),"{'Sequence Number': '65', 'Command': 'Read Attributes (0x00)', 'Attribute': ['Active Power (0x050b)', 'RMS Current (0x0508)', 'RMS Voltage (0x0505)']}"
387,Coordinator,Coordinator,0x0000,0x6e5f,Power Plug 1,Socket,0x0000,Coordinator,Coordinator,0x6e5f,Power Plug 1,Socket,0,Read Attributes (0x00),"{'Sequence Number': '65', 'Command': 'Read Attributes (0x00)', 'Attribute': ['Active Power (0x050b)', 'RMS Current (0x0508)', 'RMS Voltage (0x0505)']}"
388,Coordinator,Coordinator,0x0000,0x6e5f,Power Plug 1,Socket,0x0000,Coordinator,Coordinator,0x6e5f,Power Plug 1,Socket,0,Read Attributes (0x00),"{'Sequence Number': '65', 'Command': 'Read Attributes (0x00)', 'Attribute': ['Active Power (0x050b)', 'RMS Current (0x0508)', 'RMS Voltage (0x0505)']}"
389,Coordinator,Coordinator,0x0000,0x6e5f,Power Plug 1,Socket,0x0000,Coordinator,Coordinator,0x6e5f,Power Plug 1,Socket,0,Read Attributes (0x00),"{'Sequence Number': '65', 'Command': 'Read Attributes (0x00)', 'Attribute': ['Active Power (0x050b)', 'RMS Current (0x0508)', 'RMS Voltage (0x0505)']}"
390,Coordinator,Coordinator,0x0000,0x6e5f,Power Plug 1,Socket,0x0000,Coordinator,Coordinator,0x6e5f,Power Plug 1,Socket,0,Read Attributes (0x00),"{'Sequence Number': '63', 'Command': 'Read Attributes (0x00)', 'Attribute': ['Current Summation Delivered (0x0000)', 'Status (0x0200)']}"
391,Coordinator,Coordinator,0x0000,0x6e5f,Power Plug 1,Socket,0x0000,Coordinator,Coordinator,0x6e5f,Power Plug 1,Socket,0,Read Attributes (0x00),"{'Sequence Number': '63', 'Command': 'Read Attributes (0x00)', 'Attribute': ['Current Summation Delivered (0x0000)', 'Status (0x0200)']}"
392,Coordinator,Coordinator,0x0000,0x6e5f,Power Plug 1,Socket,0x0000,Coordinator,Coordinator,0x6e5f,Power Plug 1,Socket,0,Read Attributes (0x00),"{'Sequence Number': '63', 'Command': 'Read Attributes (0x00)', 'Attribute': ['Current Summation Delivered (0x0000)', 'Status (0x0200)']}"
393,Coordinator,Coordinator,0x0000,0x6e5f,Power Plug 1,Socket,0x0000,Coordinator,Coordinator,0x6e5f,Power Plug 1,Socket,0,Read Attributes (0x00),"{'Sequence Number': '63', 'Command': 'Read Attributes (0x00)', 'Attribute': ['Current Summation Delivered (0x0000)', 'Status (0x0200)']}"
394,Coordinator,Coordinator,0x0000,0x6e5f,Power Plug 1,Socket,,Unknown,Unknown,,,,0,,
395,Coordinator,Coordinator,0x0000,0x6e5f,Power Plug 1,Socket,,Unknown,Unknown,,,,0,,
396,Coordinator,Coordinator,0x0000,0x6e5f,Power Plug 1,Socket,,Unknown,Unknown,,,,0,,
397,Coordinator,Coordinator,0x0000,0x6e5f,Power Plug 1,Socket,,Unknown,Unknown,,,,0,,
398,Coordinator,Coordinator,0x0000,0x6e5f,Power Plug 1,Socket,0x0000,Coordinator,Coordinator,0x6e5f,Power Plug 1,Socket,0,Read Attributes (0x00),"{'Sequence Number': '63', 'Command': 'Read Attributes (0x00)', 'Attribute': ['Current Summation Delivered (0x0000)', 'Status (0x0200)']}"
399,Coordinator,Coordinator,0x0000,0x6e5f,Power Plug 1,Socket,0x0000,Coordinator,Coordinator,0x6e5f,Power Plug 1,Socket,0,Read Attributes (0x00),"{'Sequence Number': '63', 'Command': 'Read Attributes (0x00)', 'Attribute': ['Current Summation Delivered (0x0000)', 'Status (0x0200)']}"
400,Coordinator,Coordinator,0x0000,0x6e5f,Power Plug 1,Socket,0x0000,Coordinator,Coordinator,0x6e5f,Power Plug 1,Socket,0,Read Attributes (0x00),"{'Sequence Number': '63', 'Command': 'Read Attributes (0x00)', 'Attribute': ['Current Summation Delivered (0x0000)', 'Status (0x0200)']}"
401,Coordinator,Coordinator,0x0000,0x6e5f,Power Plug 1,Socket,0x0000,Coordinator,Coordinator,0x6e5f,Power Plug 1,Socket,0,Read Attributes (0x00),"{'Sequence Number': '63', 'Command': 'Read Attributes (0x00)', 'Attribute': ['Current Summation Delivered (0x0000)', 'Status (0x0200)']}"
402,Coordinator,Coordinator,0x0000,0x6e5f,Power Plug 1,Socket,,Unknown,Unknown,,,,0,,
403,Coordinator,Coordinator,0x0000,0x6e5f,Power Plug 1,Socket,,Unknown,Unknown,,,,0,,
404,Coordinator,Coordinator,0x0000,0x6e5f,Power Plug 1,Socket,,Unknown,Unknown,,,,0,,
405,Coordinator,Coordinator,0x0000,0x6e5f,Power Plug 1,Socket,,Unknown,Unknown,,,,0,,
406,Coordinator,Coordinator,0x0000,0x6e5f,Power Plug 1,Socket,0x0000,Coordinator,Coordinator,0x6e5f,Power Plug 1,Socket,0,Read Attributes (0x00),"{'Sequence Number': '63', 'Command': 'Read Attributes (0x00)', 'Attribute': ['Current Summation Delivered (0x0000)', 'Status (0x0200)']}"
407,Coordinator,Coordinator,0x0000,0x6e5f,Power Plug 1,Socket,0x0000,Coordinator,Coordinator,0x6e5f,Power Plug 1,Socket,0,Read Attributes (0x00),"{'Sequence Number': '63', 'Command': 'Read Attributes (0x00)', 'Attribute': ['Current Summation Delivered (0x0000)', 'Status (0x0200)']}"
408,Coordinator,Coordinator,0x0000,0x6e5f,Power Plug 1,Socket,0x0000,Coordinator,Coordinator,0x6e5f,Power Plug 1,Socket,0,Read Attributes (0x00),"{'Sequence Number': '63', 'Command': 'Read Attributes (0x00)', 'Attribute': ['Current Summation Delivered (0x0000)', 'Status (0x0200)']}"
409,Coordinator,Coordinator,0x0000,0x6e5f,Power Plug 1,Socket,0x0000,Coordinator,Coordinator,0x6e5f,Power Plug 1,Socket,0,Read Attributes (0x00),"{'Sequence Number': '63', 'Command': 'Read Attributes (0x00)', 'Attribute': ['Current Summation Delivered (0x0000)', 'Status (0x0200)']}"
410,Coordinator,Coordinator,0x0000,0x6e5f,Power Plug 1,Socket,0x0000,Coordinator,Coordinator,0x6e5f,Power Plug 1,Socket,0,Read Attributes (0x00),"{'Sequence Number': '65', 'Command': 'Read Attributes (0x00)', 'Attribute': ['Active Power (0x050b)', 'RMS Current (0x0508)', 'RMS Voltage (0x0505)']}"
411,Coordinator,Coordinator,0x0000,0x6e5f,Power Plug 1,Socket,0x0000,Coordinator,Coordinator,0x6e5f,Power Plug 1,Socket,0,Read Attributes (0x00),"{'Sequence Number': '65', 'Command': 'Read Attributes (0x00)', 'Attribute': ['Active Power (0x050b)', 'RMS Current (0x0508)', 'RMS Voltage (0x0505)']}"
412,Coordinator,Coordinator,0x0000,0x6e5f,Power Plug 1,Socket,0x0000,Coordinator,Coordinator,0x6e5f,Power Plug 1,Socket,0,Read Attributes (0x00),"{'Sequence Number': '65', 'Command': 'Read Attributes (0x00)', 'Attribute': ['Active Power (0x050b)', 'RMS Current (0x0508)', 'RMS Voltage (0x0505)']}"
413,Coordinator,Coordinator,0x0000,0x6e5f,Power Plug 1,Socket,0x0000,Coordinator,Coordinator,0x6e5f,Power Plug 1,Socket,0,Read Attributes (0x00),"{'Sequence Number': '65', 'Command': 'Read Attributes (0x00)', 'Attribute': ['Active Power (0x050b)', 'RMS Current (0x0508)', 'RMS Voltage (0x0505)']}"
414,Coordinator,Coordinator,0x0000,0x6e5f,Power Plug 1,Socket,0x0000,Coordinator,Coordinator,0x6e5f,Power Plug 1,Socket,0,Read Attributes (0x00),"{'Sequence Number': '63', 'Command': 'Read Attributes (0x00)', 'Attribute': ['Current Summation Delivered (0x0000)', 'Status (0x0200)']}"
415,Coordinator,Coordinator,0x0000,0x6e5f,Power Plug 1,Socket,0x0000,Coordinator,Coordinator,0x6e5f,Power Plug 1,Socket,0,Read Attributes (0x00),"{'Sequence Number': '63', 'Command': 'Read Attributes (0x00)', 'Attribute': ['Current Summation Delivered (0x0000)', 'Status (0x0200)']}"
416,Coordinator,Coordinator,0x0000,0x6e5f,Power Plug 1,Socket,0x0000,Coordinator,Coordinator,0x6e5f,Power Plug 1,Socket,0,Read Attributes (0x00),"{'Sequence Number': '63', 'Command': 'Read Attributes (0x00)', 'Attribute': ['Current Summation Delivered (0x0000)', 'Status (0x0200)']}"
417,Coordinator,Coordinator,0x0000,0x6e5f,Power Plug 1,Socket,0x0000,Coordinator,Coordinator,0x6e5f,Power Plug 1,Socket,0,Read Attributes (0x00),"{'Sequence Number': '63', 'Command': 'Read Attributes (0x00)', 'Attribute': ['Current Summation Delivered (0x0000)', 'Status (0x0200)']}"
418,Coordinator,Coordinator,0x0000,0xffff,Broadcast,Broadcast,,Unknown,Unknown,,,,0,,
419,Coordinator,Coordinator,0x0000,0xffff,Broadcast,Broadcast,0x0000,Coordinator,Coordinator,0xfffc,Broadcast,Broadcast,0,Link Status (0x08),
420,Coordinator,Coordinator,0x0000,0xffff,Broadcast,Broadcast,0x0000,Coordinator,Coordinator,0xfffc,Broadcast,Broadcast,0,Route Request (0x01),
421,Coordinator,Coordinator,0x0000,0xffff,Broadcast,Broadcast,,Unknown,Unknown,,,,0,,
422,Coordinator,Coordinator,0x0000,0xffff,Broadcast,Broadcast,0x0000,Coordinator,Coordinator,0xfffc,Broadcast,Broadcast,0,Route Request (0x01),
423,Coordinator,Coordinator,0x0000,0xffff,Broadcast,Broadcast,,Unknown,Unknown,,,,0,,
424,Coordinator,Coordinator,0x0000,0xffff,Broadcast,Broadcast,0x0000,Coordinator,Coordinator,0xfffc,Broadcast,Broadcast,0,Link Status (0x08),
425,Coordinator,Coordinator,0x0000,0xffff,Broadcast,Broadcast,0x0000,Coordinator,Coordinator,0xfffc,Broadcast,Broadcast,0,Route Request (0x01),
426,Coordinator,Coordinator,0x0000,0xffff,Broadcast,Broadcast,0x0000,Coordinator,Coordinator,0xfffc,Broadcast,Broadcast,0,Route Request (0x01),
427,Coordinator,Coordinator,0x0000,0xffff,Broadcast,Broadcast,,Unknown,Unknown,,,,0,,
428,Coordinator,Coordinator,0x0000,0xffff,Broadcast,Broadcast,,Unknown,Unknown,,,,0,,
429,Coordinator,Coordinator,0x0000,0xffff,Broadcast,Broadcast,0x0000,Coordinator,Coordinator,0xfffc,Broadcast,Broadcast,0,Link Status (0x08),
430,Coordinator,Coordinator,0x0000,0xffff,Broadcast,Broadcast,0x0000,Coordinator,Coordinator,0xfffc,Broadcast,Broadcast,0,Link Status (0x08),
431,Coordinator,Coordinator,0x0000,0xffff,Broadcast,Broadcast,0x0000,Coordinator,Coordinator,0xfffc,Broadcast,Broadcast,0,Route Request (0x01),
432,Coordinator,Coordinator,0x0000,0xffff,Broadcast,Broadcast,,Unknown,Unknown,,,,0,,
433,Coordinator,Coordinator,0x0000,0xffff,Broadcast,Broadcast,0x0000,Coordinator,Coordinator,0xfffc,Broadcast,Broadcast,0,Route Request (0x01),
434,Coordinator,Coordinator,0x0000,0xffff,Broadcast,Broadcast,0x0000,Coordinator,Coordinator,0xfffc,Broadcast,Broadcast,0,Route Request (0x01),
435,Coordinator,Coordinator,0x0000,0xffff,Broadcast,Broadcast,0x0000,Coordinator,Coordinator,0xfffc,Broadcast,Broadcast,0,Link Status (0x08),
436,Coordinator,Coordinator,0x0000,0xe5c4,Philips Motion,Bulb,0x0000,Coordinator,Coordinator,0xe5c4,Philips Motion,Bulb,0,Read Attributes (0x00),"{'Sequence Number': '79', 'Command': 'Read Attributes (0x00)', 'Attribute': 'OnOff (0x0000)'}"
437,Coordinator,Coordinator,0x0000,0xe5c4,Philips Motion,Bulb,0x0000,Coordinator,Coordinator,0xe5c4,Philips Motion,Bulb,0,Read Attributes (0x00),"{'Sequence Number': '79', 'Command': 'Read Attributes (0x00)', 'Attribute': 'OnOff (0x0000)'}"
438,Coordinator,Coordinator,0x0000,0xe5c4,Philips Motion,Bulb,0x0000,Coordinator,Coordinator,0xe5c4,Philips Motion,Bulb,0,Read Attributes (0x00),"{'Sequence Number': '79', 'Command': 'Read Attributes (0x00)', 'Attribute': 'OnOff (0x0000)'}"
439,Coordinator,Coordinator,0x0000,0xe5c4,Philips Motion,Bulb,0x0000,Coordinator,Coordinator,0xe5c4,Philips Motion,Bulb,0,Read Attributes (0x00),"{'Sequence Number': '79', 'Command': 'Read Attributes (0x00)', 'Attribute': 'OnOff (0x0000)'}"
440,Coordinator,Coordinator,0x0000,0xe5c4,Philips Motion,Bulb,0x0000,Coordinator,Coordinator,0xe5c4,Philips Motion,Bulb,0,Read Attributes (0x00),"{'Sequence Number': '79', 'Command': 'Read Attributes (0x00)', 'Attribute': 'OnOff (0x0000)'}"
441,Coordinator,Coordinator,0x0000,0xe5c4,Philips Motion,Bulb,0x0000,Coordinator,Coordinator,0xe5c4,Philips Motion,Bulb,0,Read Attributes (0x00),"{'Sequence Number': '79', 'Command': 'Read Attributes (0x00)', 'Attribute': 'OnOff (0x0000)'}"
442,Coordinator,Coordinator,0x0000,0xe5c4,Philips Motion,Bulb,0x0000,Coordinator,Coordinator,0xe5c4,Philips Motion,Bulb,0,Read Attributes (0x00),"{'Sequence Number': '79', 'Command': 'Read Attributes (0x00)', 'Attribute': 'OnOff (0x0000)'}"
443,Coordinator,Coordinator,0x0000,0xe5c4,Philips Motion,Bulb,0x0000,Coordinator,Coordinator,0xe5c4,Philips Motion,Bulb,0,Read Attributes (0x00),"{'Sequence Number': '79', 'Command': 'Read Attributes (0x00)', 'Attribute': 'OnOff (0x0000)'}"
444,Coordinator,Coordinator,0x0000,0xe5c4,Philips Motion,Bulb,,Unknown,Unknown,,,,0,,
445,Coordinator,Coordinator,0x0000,0xe5c4,Philips Motion,Bulb,,Unknown,Unknown,,,,0,,
446,Coordinator,Coordinator,0x0000,0xe5c4,Philips Motion,Bulb,,Unknown,Unknown,,,,0,,
447,Coordinator,Coordinator,0x0000,0xe5c4,Philips Motion,Bulb,,Unknown,Unknown,,,,0,,
448,Coordinator,Coordinator,0x0000,0xe5c4,Philips Motion,Bulb,0x0000,Coordinator,Coordinator,0xe5c4,Philips Motion,Bulb,0,Read Attributes (0x00),"{'Sequence Number': '79', 'Command': 'Read Attributes (0x00)', 'Attribute': 'OnOff (0x0000)'}"
449,Coordinator,Coordinator,0x0000,0xe5c4,Philips Motion,Bulb,0x0000,Coordinator,Coordinator,0xe5c4,Philips Motion,Bulb,0,Read Attributes (0x00),"{'Sequence Number': '79', 'Command': 'Read Attributes (0x00)', 'Attribute': 'OnOff (0x0000)'}"
450,Coordinator,Coordinator,0x0000,0xe5c4,Philips Motion,Bulb,0x0000,Coordinator,Coordinator,0xe5c4,Philips Motion,Bulb,0,Read Attributes (0x00),"{'Sequence Number': '79', 'Command': 'Read Attributes (0x00)', 'Attribute': 'OnOff (0x0000)'}"
451,Coordinator,Coordinator,0x0000,0xe5c4,Philips Motion,Bulb,0x0000,Coordinator,Coordinator,0xe5c4,Philips Motion,Bulb,0,Read Attributes (0x00),"{'Sequence Number': '79', 'Command': 'Read Attributes (0x00)', 'Attribute': 'OnOff (0x0000)'}"
452,Coordinator,Coordinator,0x0000,0xe5c4,Philips Motion,Bulb,,Unknown,Unknown,,,,0,,
453,Coordinator,Coordinator,0x0000,0xe5c4,Philips Motion,Bulb,,Unknown,Unknown,,,,0,,
454,Coordinator,Coordinator,0x0000,0xe5c4,Philips Motion,Bulb,,Unknown,Unknown,,,,0,,
455,Coordinator,Coordinator,0x0000,0xe5c4,Philips Motion,Bulb,,Unknown,Unknown,,,,0,,
456,Coordinator,Coordinator,0x0000,0xe5c4,Philips Motion,Bulb,,Unknown,Unknown,,,,0,,
457,Coordinator,Coordinator,0x0000,0xe5c4,Philips Motion,Bulb,,Unknown,Unknown,,,,0,,
458,Coordinator,Coordinator,0x0000,0xe5c4,Philips Motion,Bulb,,Unknown,Unknown,,,,0,,
459,Coordinator,Coordinator,0x0000,0xe5c4,Philips Motion,Bulb,,Unknown,Unknown,,,,0,,
460,Coordinator,Coordinator,0x0000,0xe5c4,Philips Motion,Bulb,0x0000,Coordinator,Coordinator,0xe5c4,Philips Motion,Bulb,0,Read Attributes (0x00),"{'Sequence Number': '81', 'Command': 'Read Attributes (0x00)', 'Attribute': 'Current Level (0x0000)'}"
461,Coordinator,Coordinator,0x0000,0xe5c4,Philips Motion,Bulb,0x0000,Coordinator,Coordinator,0xe5c4,Philips Motion,Bulb,0,Read Attributes (0x00),"{'Sequence Number': '81', 'Command': 'Read Attributes (0x00)', 'Attribute': 'Current Level (0x0000)'}"
462,Coordinator,Coordinator,0x0000,0xe5c4,Philips Motion,Bulb,0x0000,Coordinator,Coordinator,0xe5c4,Philips Motion,Bulb,0,Read Attributes (0x00),"{'Sequence Number': '81', 'Command': 'Read Attributes (0x00)', 'Attribute': 'Current Level (0x0000)'}"
463,Coordinator,Coordinator,0x0000,0xe5c4,Philips Motion,Bulb,0x0000,Coordinator,Coordinator,0xe5c4,Philips Motion,Bulb,0,Read Attributes (0x00),"{'Sequence Number': '81', 'Command': 'Read Attributes (0x00)', 'Attribute': 'Current Level (0x0000)'}"
464,Coordinator,Coordinator,0x0000,0xe5c4,Philips Motion,Bulb,,Unknown,Unknown,,,,0,,
465,Coordinator,Coordinator,0x0000,0xe5c4,Philips Motion,Bulb,,Unknown,Unknown,,,,0,,
466,Coordinator,Coordinator,0x0000,0xe5c4,Philips Motion,Bulb,,Unknown,Unknown,,,,0,,
467,Coordinator,Coordinator,0x0000,0xe5c4,Philips Motion,Bulb,,Unknown,Unknown,,,,0,,
468,Coordinator,Coordinator,0x0000,0xe5c4,Philips Motion,Bulb,0x0000,Coordinator,Coordinator,0xe5c4,Philips Motion,Bulb,0,Read Attributes (0x00),"{'Sequence Number': '81', 'Command': 'Read Attributes (0x00)', 'Attribute': 'Current Level (0x0000)'}"
469,Coordinator,Coordinator,0x0000,0xe5c4,Philips Motion,Bulb,0x0000,Coordinator,Coordinator,0xe5c4,Philips Motion,Bulb,0,Read Attributes (0x00),"{'Sequence Number': '81', 'Command': 'Read Attributes (0x00)', 'Attribute': 'Current Level (0x0000)'}"
470,Coordinator,Coordinator,0x0000,0xe5c4,Philips Motion,Bulb,0x0000,Coordinator,Coordinator,0xe5c4,Philips Motion,Bulb,0,Read Attributes (0x00),"{'Sequence Number': '81', 'Command': 'Read Attributes (0x00)', 'Attribute': 'Current Level (0x0000)'}"
471,Coordinator,Coordinator,0x0000,0xe5c4,Philips Motion,Bulb,0x0000,Coordinator,Coordinator,0xe5c4,Philips Motion,Bulb,0,Read Attributes (0x00),"{'Sequence Number': '81', 'Command': 'Read Attributes (0x00)', 'Attribute': 'Current Level (0x0000)'}"
472,Coordinator,Coordinator,0x0000,0xffff,Broadcast,Broadcast,0x0000,Coordinator,Coordinator,0xfffc,Broadcast,Broadcast,0,Link Status (0x08),
473,Coordinator,Coordinator,0x0000,0x482d,Philips Lamp 1,Bulb,,Unknown,Unknown,,,,0,,
474,Coordinator,Coordinator,0x0000,0x482d,Philips Lamp 1,Bulb,,Unknown,Unknown,,,,0,,
475,Coordinator,Coordinator,0x0000,0x482d,Philips Lamp 1,Bulb,,Unknown,Unknown,,,,0,,
476,Coordinator,Coordinator,0x0000,0x482d,Philips Lamp 1,Bulb,,Unknown,Unknown,,,,0,,
477,Coordinator,Coordinator,0x0000,0x482d,Philips Lamp 1,Bulb,0x0000,Coordinator,Coordinator,0xa209,Philips Lamp 2,Bulb,0,Read Attributes (0x00),"{'Sequence Number': '83', 'Command': 'Read Attributes (0x00)', 'Attribute': 'OnOff (0x0000)'}"
478,Coordinator,Coordinator,0x0000,0x482d,Philips Lamp 1,Bulb,0x0000,Coordinator,Coordinator,0xa209,Philips Lamp 2,Bulb,0,Read Attributes (0x00),"{'Sequence Number': '83', 'Command': 'Read Attributes (0x00)', 'Attribute': 'OnOff (0x0000)'}"
479,Coordinator,Coordinator,0x0000,0x482d,Philips Lamp 1,Bulb,0x0000,Coordinator,Coordinator,0xa209,Philips Lamp 2,Bulb,0,Read Attributes (0x00),"{'Sequence Number': '83', 'Command': 'Read Attributes (0x00)', 'Attribute': 'OnOff (0x0000)'}"
480,Coordinator,Coordinator,0x0000,0x482d,Philips Lamp 1,Bulb,0x0000,Coordinator,Coordinator,0xa209,Philips Lamp 2,Bulb,0,Read Attributes (0x00),"{'Sequence Number': '83', 'Command': 'Read Attributes (0x00)', 'Attribute': 'OnOff (0x0000)'}"
481,Coordinator,Coordinator,0x0000,0x482d,Philips Lamp 1,Bulb,,Unknown,Unknown,,,,0,,
482,Coordinator,Coordinator,0x0000,0x482d,Philips Lamp 1,Bulb,,Unknown,Unknown,,,,0,,
483,Coordinator,Coordinator,0x0000,0x482d,Philips Lamp 1,Bulb,,Unknown,Unknown,,,,0,,
484,Coordinator,Coordinator,0x0000,0x482d,Philips Lamp 1,Bulb,,Unknown,Unknown,,,,0,,
485,Coordinator,Coordinator,0x0000,0x482d,Philips Lamp 1,Bulb,,Unknown,Unknown,,,,0,,
486,Coordinator,Coordinator,0x0000,0x482d,Philips Lamp 1,Bulb,,Unknown,Unknown,,,,0,,
487,Coordinator,Coordinator,0x0000,0x482d,Philips Lamp 1,Bulb,,Unknown,Unknown,,,,0,,
488,Coordinator,Coordinator,0x0000,0x482d,Philips Lamp 1,Bulb,,Unknown,Unknown,,,,0,,
489,Coordinator,Coordinator,0x0000,0x482d,Philips Lamp 1,Bulb,0x0000,Coordinator,Coordinator,0xa209,Philips Lamp 2,Bulb,0,Read Attributes (0x00),"{'Sequence Number': '83', 'Command': 'Read Attributes (0x00)', 'Attribute': 'OnOff (0x0000)'}"
490,Coordinator,Coordinator,0x0000,0x482d,Philips Lamp 1,Bulb,0x0000,Coordinator,Coordinator,0xa209,Philips Lamp 2,Bulb,0,Read Attributes (0x00),"{'Sequence Number': '83', 'Command': 'Read Attributes (0x00)', 'Attribute': 'OnOff (0x0000)'}"
491,Coordinator,Coordinator,0x0000,0x482d,Philips Lamp 1,Bulb,0x0000,Coordinator,Coordinator,0xa209,Philips Lamp 2,Bulb,0,Read Attributes (0x00),"{'Sequence Number': '83', 'Command': 'Read Attributes (0x00)', 'Attribute': 'OnOff (0x0000)'}"
492,Coordinator,Coordinator,0x0000,0x482d,Philips Lamp 1,Bulb,0x0000,Coordinator,Coordinator,0xa209,Philips Lamp 2,Bulb,0,Read Attributes (0x00),"{'Sequence Number': '83', 'Command': 'Read Attributes (0x00)', 'Attribute': 'OnOff (0x0000)'}"
493,Coordinator,Coordinator,0x0000,0x482d,Philips Lamp 1,Bulb,0x0000,Coordinator,Coordinator,0xa209,Philips Lamp 2,Bulb,0,Read Attributes (0x00),"{'Sequence Number': '83', 'Command': 'Read Attributes (0x00)', 'Attribute': 'OnOff (0x0000)'}"
494,Coordinator,Coordinator,0x0000,0x482d,Philips Lamp 1,Bulb,0x0000,Coordinator,Coordinator,0xa209,Philips Lamp 2,Bulb,0,Read Attributes (0x00),"{'Sequence Number': '83', 'Command': 'Read Attributes (0x00)', 'Attribute': 'OnOff (0x0000)'}"
495,Coordinator,Coordinator,0x0000,0x482d,Philips Lamp 1,Bulb,0x0000,Coordinator,Coordinator,0xa209,Philips Lamp 2,Bulb,0,Read Attributes (0x00),"{'Sequence Number': '83', 'Command': 'Read Attributes (0x00)', 'Attribute': 'OnOff (0x0000)'}"
496,Coordinator,Coordinator,0x0000,0x482d,Philips Lamp 1,Bulb,0x0000,Coordinator,Coordinator,0xa209,Philips Lamp 2,Bulb,0,Read Attributes (0x00),"{'Sequence Number': '83', 'Command': 'Read Attributes (0x00)', 'Attribute': 'OnOff (0x0000)'}"
497,Coordinator,Coordinator,0x0000,0x482d,Philips Lamp 1,Bulb,0x0000,Coordinator,Coordinator,0xa209,Philips Lamp 2,Bulb,0,Read Attributes (0x00),"{'Sequence Number': '85', 'Command': 'Read Attributes (0x00)', 'Attribute': 'Current Level (0x0000)'}"
498,Coordinator,Coordinator,0x0000,0x482d,Philips Lamp 1,Bulb,0x0000,Coordinator,Coordinator,0xa209,Philips Lamp 2,Bulb,0,Read Attributes (0x00),"{'Sequence Number': '85', 'Command': 'Read Attributes (0x00)', 'Attribute': 'Current Level (0x0000)'}"
499,Coordinator,Coordinator,0x0000,0x482d,Philips Lamp 1,Bulb,0x0000,Coordinator,Coordinator,0xa209,Philips Lamp 2,Bulb,0,Read Attributes (0x00),"{'Sequence Number': '85', 'Command': 'Read Attributes (0x00)', 'Attribute': 'Current Level (0x0000)'}"
500,Coordinator,Coordinator,0x0000,0x482d,Philips Lamp 1,Bulb,0x0000,Coordinator,Coordinator,0xa209,Philips Lamp 2,Bulb,0,Read Attributes (0x00),"{'Sequence Number': '85', 'Command': 'Read Attributes (0x00)', 'Attribute': 'Current Level (0x0000)'}"
501,Coordinator,Coordinator,0x0000,0x482d,Philips Lamp 1,Bulb,0x0000,Coordinator,Coordinator,0xa209,Philips Lamp 2,Bulb,0,Read Attributes (0x00),"{'Sequence Number': '85', 'Command': 'Read Attributes (0x00)', 'Attribute': 'Current Level (0x0000)'}"
502,Coordinator,Coordinator,0x0000,0x482d,Philips Lamp 1,Bulb,0x0000,Coordinator,Coordinator,0xa209,Philips Lamp 2,Bulb,0,Read Attributes (0x00),"{'Sequence Number': '85', 'Command': 'Read Attributes (0x00)', 'Attribute': 'Current Level (0x0000)'}"
503,Coordinator,Coordinator,0x0000,0x482d,Philips Lamp 1,Bulb,0x0000,Coordinator,Coordinator,0xa209,Philips Lamp 2,Bulb,0,Read Attributes (0x00),"{'Sequence Number': '85', 'Command': 'Read Attributes (0x00)', 'Attribute': 'Current Level (0x0000)'}"
504,Coordinator,Coordinator,0x0000,0x482d,Philips Lamp 1,Bulb,0x0000,Coordinator,Coordinator,0xa209,Philips Lamp 2,Bulb,0,Read Attributes (0x00),"{'Sequence Number': '85', 'Command': 'Read Attributes (0x00)', 'Attribute': 'Current Level (0x0000)'}"
505,Coordinator,Coordinator,0x0000,0x482d,Philips Lamp 1,Bulb,,Unknown,Unknown,,,,0,,
506,Coordinator,Coordinator,0x0000,0x482d,Philips Lamp 1,Bulb,,Unknown,Unknown,,,,0,,
507,Coordinator,Coordinator,0x0000,0x482d,Philips Lamp 1,Bulb,,Unknown,Unknown,,,,0,,
508,Coordinator,Coordinator,0x0000,0x482d,Philips Lamp 1,Bulb,,Unknown,Unknown,,,,0,,
509,Coordinator,Coordinator,0x0000,0x482d,Philips Lamp 1,Bulb,0x0000,Coordinator,Coordinator,0xa209,Philips Lamp 2,Bulb,0,Read Attributes (0x00),"{'Sequence Number': '85', 'Command': 'Read Attributes (0x00)', 'Attribute': 'Current Level (0x0000)'}"
510,Coordinator,Coordinator,0x0000,0x482d,Philips Lamp 1,Bulb,0x0000,Coordinator,Coordinator,0xa209,Philips Lamp 2,Bulb,0,Read Attributes (0x00),"{'Sequence Number': '85', 'Command': 'Read Attributes (0x00)', 'Attribute': 'Current Level (0x0000)'}"
511,Coordinator,Coordinator,0x0000,0x482d,Philips Lamp 1,Bulb,0x0000,Coordinator,Coordinator,0xa209,Philips Lamp 2,Bulb,0,Read Attributes (0x00),"{'Sequence Number': '85', 'Command': 'Read Attributes (0x00)', 'Attribute': 'Current Level (0x0000)'}"
512,Coordinator,Coordinator,0x0000,0x482d,Philips Lamp 1,Bulb,0x0000,Coordinator,Coordinator,0xa209,Philips Lamp 2,Bulb,0,Read Attributes (0x00),"{'Sequence Number': '85', 'Command': 'Read Attributes (0x00)', 'Attribute': 'Current Level (0x0000)'}"
513,Coordinator,Coordinator,0x0000,0x482d,Philips Lamp 1,Bulb,,Unknown,Unknown,,,,0,,
514,Coordinator,Coordinator,0x0000,0x482d,Philips Lamp 1,Bulb,,Unknown,Unknown,,,,0,,
515,Coordinator,Coordinator,0x0000,0x482d,Philips Lamp 1,Bulb,,Unknown,Unknown,,,,0,,
516,Coordinator,Coordinator,0x0000,0x482d,Philips Lamp 1,Bulb,,Unknown,Unknown,,,,0,,
517,Coordinator,Coordinator,0x0000,0xffff,Broadcast,Broadcast,0x0000,Coordinator,Coordinator,0xfffc,Broadcast,Broadcast,0,Route Request (0x01),
518,Coordinator,Coordinator,0x0000,0xffff,Broadcast,Broadcast,,Unknown,Unknown,,,,0,,
519,Coordinator,Coordinator,0x0000,0xffff,Broadcast,Broadcast,,Unknown,Unknown,,,,0,,
520,Coordinator,Coordinator,0x0000,0xffff,Broadcast,Broadcast,0x0000,Coordinator,Coordinator,0xfffc,Broadcast,Broadcast,0,Route Request (0x01),
521,Coordinator,Coordinator,0x0000,0xffff,Broadcast,Broadcast,0x0000,Coordinator,Coordinator,0xfffc,Broadcast,Broadcast,0,Link Status (0x08),
522,Sonoff Motion 2,Motion,0x4e52,0x0000,Coordinator,Coordinator,,Unknown,Unknown,,,,0,,
523,Coordinator,Coordinator,0x0000,0x4e52,Sonoff Motion 2,Motion,,Unknown,Unknown,,,,0,Ack,
524,Sonoff Temperature,Temperature,0x265e,0x0000,Coordinator,Coordinator,,Unknown,Unknown,,,,0,,
525,Coordinator,Coordinator,0x0000,0x265e,Sonoff Temperature,Temperature,,Unknown,Unknown,,,,0,Ack,
526,Sonoff Motion 2,Motion,0x4e52,0x0000,Coordinator,Coordinator,,Unknown,Unknown,,,,0,,
527,Coordinator,Coordinator,0x0000,0x4e52,Sonoff Motion 2,Motion,,Unknown,Unknown,,,,0,Ack,
528,Sonoff Temperature,Temperature,0x265e,0x0000,Coordinator,Coordinator,,Unknown,Unknown,,,,0,,
529,Coordinator,Coordinator,0x0000,0x265e,Sonoff Temperature,Temperature,,Unknown,Unknown,,,,0,Ack,
530,Coordinator,Coordinator,0x0000,0xffff,Broadcast,Broadcast,0x0000,Coordinator,Coordinator,0xfffc,Broadcast,Broadcast,0,Link Status (0x08),
531,Coordinator,Coordinator,0x0000,0xffff,Broadcast,Broadcast,,Unknown,Unknown,,,,0,,
532,Coordinator,Coordinator,0x0000,0xffff,Broadcast,Broadcast,,Unknown,Unknown,,,,0,,
533,Coordinator,Coordinator,0x0000,0xffff,Broadcast,Broadcast,,Unknown,Unknown,,,,0,,
534,Coordinator,Coordinator,0x0000,0xffff,Broadcast,Broadcast,0x0000,Coordinator,Coordinator,0xfffc,Broadcast,Broadcast,0,Route Request (0x01),
535,Coordinator,Coordinator,0x0000,0xffff,Broadcast,Broadcast,,Unknown,Unknown,,,,0,,
536,Coordinator,Coordinator,0x0000,0x09ac,Ledvance Z3 Plug,Socket,0x0000,Coordinator,Coordinator,0x09ac,Ledvance Z3 Plug,Socket,0,Read Attributes (0x00),"{'Sequence Number': '95', 'Command': 'Read Attributes (0x00)', 'Attribute': 'Manufacturer Name (0x0004)'}"
537,Coordinator,Coordinator,0x0000,0x09ac,Ledvance Z3 Plug,Socket,0x0000,Coordinator,Coordinator,0x09ac,Ledvance Z3 Plug,Socket,0,Read Attributes (0x00),"{'Sequence Number': '95', 'Command': 'Read Attributes (0x00)', 'Attribute': 'Manufacturer Name (0x0004)'}"
538,Coordinator,Coordinator,0x0000,0x09ac,Ledvance Z3 Plug,Socket,0x0000,Coordinator,Coordinator,0x09ac,Ledvance Z3 Plug,Socket,0,Read Attributes (0x00),"{'Sequence Number': '95', 'Command': 'Read Attributes (0x00)', 'Attribute': 'Manufacturer Name (0x0004)'}"
539,Coordinator,Coordinator,0x0000,0x09ac,Ledvance Z3 Plug,Socket,0x0000,Coordinator,Coordinator,0x09ac,Ledvance Z3 Plug,Socket,0,Read Attributes (0x00),"{'Sequence Number': '95', 'Command': 'Read Attributes (0x00)', 'Attribute': 'Manufacturer Name (0x0004)'}"
540,Coordinator,Coordinator,0x0000,0x09ac,Ledvance Z3 Plug,Socket,0x0000,Coordinator,Coordinator,0x09ac,Ledvance Z3 Plug,Socket,0,Read Attributes (0x00),"{'Sequence Number': '95', 'Command': 'Read Attributes (0x00)', 'Attribute': 'Manufacturer Name (0x0004)'}"
541,Coordinator,Coordinator,0x0000,0x09ac,Ledvance Z3 Plug,Socket,0x0000,Coordinator,Coordinator,0x09ac,Ledvance Z3 Plug,Socket,0,Read Attributes (0x00),"{'Sequence Number': '95', 'Command': 'Read Attributes (0x00)', 'Attribute': 'Manufacturer Name (0x0004)'}"
542,Coordinator,Coordinator,0x0000,0x09ac,Ledvance Z3 Plug,Socket,0x0000,Coordinator,Coordinator,0x09ac,Ledvance Z3 Plug,Socket,0,Read Attributes (0x00),"{'Sequence Number': '95', 'Command': 'Read Attributes (0x00)', 'Attribute': 'Manufacturer Name (0x0004)'}"
543,Coordinator,Coordinator,0x0000,0x09ac,Ledvance Z3 Plug,Socket,0x0000,Coordinator,Coordinator,0x09ac,Ledvance Z3 Plug,Socket,0,Read Attributes (0x00),"{'Sequence Number': '95', 'Command': 'Read Attributes (0x00)', 'Attribute': 'Manufacturer Name (0x0004)'}"
544,Coordinator,Coordinator,0x0000,0x09ac,Ledvance Z3 Plug,Socket,0x0000,Coordinator,Coordinator,0x09ac,Ledvance Z3 Plug,Socket,0,Read Attributes (0x00),"{'Sequence Number': '95', 'Command': 'Read Attributes (0x00)', 'Attribute': 'Manufacturer Name (0x0004)'}"
545,Coordinator,Coordinator,0x0000,0x09ac,Ledvance Z3 Plug,Socket,0x0000,Coordinator,Coordinator,0x09ac,Ledvance Z3 Plug,Socket,0,Read Attributes (0x00),"{'Sequence Number': '95', 'Command': 'Read Attributes (0x00)', 'Attribute': 'Manufacturer Name (0x0004)'}"
546,Coordinator,Coordinator,0x0000,0x09ac,Ledvance Z3 Plug,Socket,0x0000,Coordinator,Coordinator,0x09ac,Ledvance Z3 Plug,Socket,0,Read Attributes (0x00),"{'Sequence Number': '95', 'Command': 'Read Attributes (0x00)', 'Attribute': 'Manufacturer Name (0x0004)'}"
547,Coordinator,Coordinator,0x0000,0x09ac,Ledvance Z3 Plug,Socket,0x0000,Coordinator,Coordinator,0x09ac,Ledvance Z3 Plug,Socket,0,Read Attributes (0x00),"{'Sequence Number': '95', 'Command': 'Read Attributes (0x00)', 'Attribute': 'Manufacturer Name (0x0004)'}"
548,Coordinator,Coordinator,0x0000,0x09ac,Ledvance Z3 Plug,Socket,,Unknown,Unknown,,,,0,,
549,Coordinator,Coordinator,0x0000,0x09ac,Ledvance Z3 Plug,Socket,,Unknown,Unknown,,,,0,,
550,Coordinator,Coordinator,0x0000,0x09ac,Ledvance Z3 Plug,Socket,,Unknown,Unknown,,,,0,,
551,Coordinator,Coordinator,0x0000,0x09ac,Ledvance Z3 Plug,Socket,,Unknown,Unknown,,,,0,,
552,Coordinator,Coordinator,0x0000,0x09ac,Ledvance Z3 Plug,Socket,0x0000,Coordinator,Coordinator,0x09ac,Ledvance Z3 Plug,Socket,0,Read Attributes (0x00),"{'Sequence Number': '95', 'Command': 'Read Attributes (0x00)', 'Attribute': 'Manufacturer Name (0x0004)'}"
553,Coordinator,Coordinator,0x0000,0x09ac,Ledvance Z3 Plug,Socket,0x0000,Coordinator,Coordinator,0x09ac,Ledvance Z3 Plug,Socket,0,Read Attributes (0x00),"{'Sequence Number': '95', 'Command': 'Read Attributes (0x00)', 'Attribute': 'Manufacturer Name (0x0004)'}"
554,Coordinator,Coordinator,0x0000,0x09ac,Ledvance Z3 Plug,Socket,0x0000,Coordinator,Coordinator,0x09ac,Ledvance Z3 Plug,Socket,0,Read Attributes (0x00),"{'Sequence Number': '95', 'Command': 'Read Attributes (0x00)', 'Attribute': 'Manufacturer Name (0x0004)'}"
555,Coordinator,Coordinator,0x0000,0x09ac,Ledvance Z3 Plug,Socket,0x0000,Coordinator,Coordinator,0x09ac,Ledvance Z3 Plug,Socket,0,Read Attributes (0x00),"{'Sequence Number': '95', 'Command': 'Read Attributes (0x00)', 'Attribute': 'Manufacturer Name (0x0004)'}"
556,Coordinator,Coordinator,0x0000,0xffff,Broadcast,Broadcast,0x0000,Coordinator,Coordinator,0xfffc,Broadcast,Broadcast,0,Link Status (0x08),
