Device Name,Device Type,Average Packet Length,Packet Standard Variance,Average IAT,IAT Standard Variance,Sequence Number Maximum,Sequence Number Minimum,Sequence Number Average
Unknown,Unknown,48.0,0.0,0.027408,0.0,82.0,82.0,82.0
Ledvance Smart+ Plug,Socket,74.0,0.0,0.029018,0.0,132.0,132.0,132.0
Philips Lamp 1,Bulb,74.0,0.0,0.645066,0.0,250.0,250.0,250.0
Ledvance Bulb,Bulb,56.81818181818182,1.8207170485345954,0.06553456818181817,0.38351609964407557,191.0,117.0,175.20454545454547
Unknown,Unknown,5.0,0.0,0.002207,0.0,191.0,191.0,191.0
Ledvance Bulb,Bulb,57.0,0.0,0.012173647058823529,0.015312109268244105,122.0,118.0,120.3529411764706
Ledvance Bulb,Bulb,57.6,10.526157893552615,0.0673346,0.09274810467227887,196.0,192.0,194.0
Smart Socket,Socket,74.0,0.0,0.429802,0.0,136.0,136.0,136.0
Unknown,Unknown,5.0,0.0,0.0020208333333333332,0.00019164594090840186,196.0,75.0,154.83333333333334
Philips Lamp 1,Bulb,74.0,0.0,0.029725,0.0,251.0,251.0,251.0
Unknown,Unknown,71.0,0.0,0.519651,0.0,49.0,49.0,49.0
Moes Bulb,Bulb,65.0,0.0,0.016586,0.0,46.0,46.0,46.0
Philips Motion,Bulb,74.0,0.0,1.186057,0.0,123.0,123.0,123.0
Sonoff Temperature,Temperature,53.0,0.0,0.39714466666666665,0.6794034532333002,229.0,229.0,229.0
Unknown,Unknown,5.0,0.0,0.002047,0.0,229.0,229.0,229.0
Ledvance Z3 Plug,Socket,74.0,0.0,2.599999,0.0,190.0,190.0,190.0
Ledvance Smart+ Plug,Socket,74.0,0.0,2.417664,0.0,133.0,133.0,133.0
Philips Motion,Bulb,45.0,0.0,0.003001,0.0,127.0,127.0,127.0
Smart Socket,Socket,52.8,10.73312629199899,0.0047416,0.0025095869779706782,141.0,137.0,139.2
Unknown,Unknown,23.055555555555557,30.056085140421295,0.002400416666666667,0.0012689997044916914,252.0,50.0,100.11111111111111
Ledvance Smart+ Plug,Socket,49.0,0.0,0.002173,0.0,143.0,143.0,143.0
Power Plug 2,Socket,64.0,1.7320508075688772,0.004172,0.0008319921874633199,136.0,95.0,120.66666666666667
Unknown,Unknown,38.5,37.28518720866485,0.0040085,0.004683767172471954,200.0,1.0,117.89285714285714
Ledvance Bulb,Bulb,74.0,0.0,0.315744,0.0,210.0,210.0,210.0
Unknown,Unknown,107.0,0.0,0.030798,0.0,209.0,209.0,209.0
Smart Socket,Socket,74.0,0.0,0.446714,0.0,156.0,156.0,156.0
Unknown,Unknown,20.6,25.630710745770063,0.07175950000000002,0.20950217709038518,155.0,64.0,91.4
Unknown,Unknown,71.0,0.0,0.573703,0.0,67.0,67.0,67.0
Moes Bulb,Bulb,65.0,0.0,1.791674,0.0,59.0,59.0,59.0
Unknown,Unknown,75.0,0.0,0.08963,0.0,8.0,8.0,8.0
Philips Motion,Bulb,74.0,0.0,0.992826,0.0,145.0,145.0,145.0
Power Plug 2,Socket,68.0,0.0,0.1654,0.0,101.0,101.0,101.0
Ledvance Smart+ Plug,Socket,49.0,0.0,0.024996,0.0,146.0,146.0,146.0
Unknown,Unknown,30.0,35.35533905932738,0.0051625,0.004543161069123568,146.0,146.0,146.0
Unknown,Unknown,55.0,0.0,0.032537,0.0,103.0,103.0,103.0
Ledvance Z3 Plug,Socket,74.0,0.0,0.916022,0.0,206.0,206.0,206.0
Ledvance Smart+ Plug,Socket,74.0,0.0,1.44069,0.0,149.0,149.0,149.0
Ledvance Bulb,Bulb,74.0,0.0,4.284461,0.0,214.0,214.0,214.0
Smart Socket,Socket,74.0,0.0,0.46409,0.0,160.0,160.0,160.0
Unknown,Unknown,71.0,0.0,0.535357,0.0,71.0,71.0,71.0
Moes Bulb,Bulb,65.0,0.0,1.74311,0.0,63.0,63.0,63.0
Philips Motion,Bulb,74.0,0.0,0.771748,0.0,147.0,147.0,147.0
Power Plug 2,Socket,68.0,0.0,0.461773,0.0,105.0,105.0,105.0
Smart Socket,Socket,52.5,10.606601717798213,0.29655299999999996,0.41181333250879576,162.0,161.0,161.5
Sonoff Door 1,Door,54.0,0.0,0.238828,0.0,248.0,248.0,248.0
Unknown,Unknown,5.0,0.0,0.0020445,0.00020871112412455,248.0,114.0,171.25
Ledvance Smart+ Plug,Socket,74.0,0.0,0.148067,0.0,150.0,150.0,150.0
Ledvance Z3 Plug,Socket,74.0,0.0,0.197206,0.0,207.0,207.0,207.0
Unknown,Unknown,8.5,4.949747468305833,0.1782835,0.2510462418450035,249.0,249.0,249.0
Power Plug 2,Socket,63.0,0.0,0.001303,0.0,107.0,107.0,107.0
Smart Socket,Socket,64.5,2.1213203435596424,0.0064855,0.0017939299038702706,165.0,163.0,164.0
Unknown,Unknown,18.95,27.143446108898317,0.0024961999999999996,0.001479372202260307,169.0,72.0,123.46153846153847
Philips Lamp 1,Bulb,54.5,1.7728105208558367,0.012768500000000002,0.016561316881732045,156.0,11.0,83.25
Unknown,Unknown,5.0,0.0,0.0021110909090909093,6.380039897281921e-05,156.0,11.0,97.9090909090909
Ledvance Bulb,Bulb,74.0,0.0,0.575061,0.0,215.0,215.0,215.0
Smart Socket,Socket,74.0,0.0,0.420684,0.0,170.0,170.0,170.0
Unknown,Unknown,71.0,0.0,0.453037,0.0,75.0,75.0,75.0
Moes Bulb,Bulb,65.0,0.0,1.799728,0.0,64.0,64.0,64.0
Philips Motion,Bulb,74.0,0.0,0.241664,0.0,157.0,157.0,157.0
Unknown,Unknown,71.0,0.0,1.294616,0.0,108.0,108.0,108.0
Philips Lamp 1,Bulb,74.0,0.0,3.468476,0.0,15.0,15.0,15.0
Ledvance Smart+ Plug,Socket,74.0,0.0,0.582323,0.0,151.0,151.0,151.0
Ledvance Z3 Plug,Socket,74.0,0.0,1.627855,0.0,208.0,208.0,208.0
Ledvance Bulb,Bulb,74.0,0.0,2.0389,0.0,216.0,216.0,216.0
Smart Socket,Socket,74.0,0.0,0.965784,0.0,171.0,171.0,171.0
Unknown,Unknown,71.0,0.0,0.607674,0.0,76.0,76.0,76.0
Moes Bulb,Bulb,65.0,0.0,1.783292,0.0,65.0,65.0,65.0
Power Plug 2,Socket,68.0,0.0,1.143924,0.0,109.0,109.0,109.0
Philips Motion,Bulb,74.0,0.0,2.965341,0.0,158.0,158.0,158.0
Philips Lamp 1,Bulb,74.0,0.0,0.39501,0.0,16.0,16.0,16.0
Power Plug 2,Socket,60.0,0.0,2.281599,0.0,110.0,110.0,110.0
Unknown,Unknown,12.8,17.44133022449836,0.002641,0.001416513854503372,159.0,110.0,124.4
Ledvance Smart+ Plug,Socket,74.0,0.0,1.115382,0.0,152.0,152.0,152.0
Power Plug 2,Socket,64.5,2.1213203435596424,0.007938500000000001,5.727564927610998e-05,113.0,112.0,112.5
Smart Socket,Socket,64.5,2.1213203435596424,0.0079425,8.131727983645333e-05,174.0,172.0,173.0
Unknown,Unknown,10.625,17.774120367509322,0.0020210000000000002,0.0002791938856895896,178.0,77.0,136.6875
Ledvance Z3 Plug,Socket,74.0,0.0,1.30002,0.0,209.0,209.0,209.0
Ledvance Bulb,Bulb,74.0,0.0,1.393286,0.0,217.0,217.0,217.0
Smart Socket,Socket,74.0,0.0,0.224074,0.0,179.0,179.0,179.0
Unknown,Unknown,27.6,31.667017541915754,0.1173746,0.25336705864279196,180.0,80.0,113.4
Moes Bulb,Bulb,65.0,0.0,1.639358,0.0,66.0,66.0,66.0
Power Plug 2,Socket,65.0,0.0,1.28915,0.0,114.0,114.0,114.0
Unknown,Unknown,18.0,26.0,0.5130925,1.0223376862979279,181.0,82.0,123.0
Philips Motion,Bulb,74.0,0.0,1.670238,0.0,165.0,165.0,165.0
Philips Lamp 1,Bulb,74.0,0.0,2.845416,0.0,17.0,17.0,17.0
Ledvance Smart+ Plug,Socket,74.0,0.0,0.163223,0.0,153.0,153.0,153.0
Aqara Door 1,Door,52.0,0.0,0.042475,0.054302972368002106,182.0,108.0,145.0
Ledvance Z3 Plug,Socket,74.0,0.0,0.041068,0.0,210.0,210.0,210.0
Unknown,Unknown,5.0,0.0,0.0020315000000000003,2.1920310216783122e-05,182.0,108.0,145.0
Aqara Door 1,Door,52.0,0.0,0.8017850000000001,0.9070939581978263,184.0,109.0,134.33333333333334
Unknown,Unknown,5.0,0.0,0.002027,1.734935157289764e-05,184.0,109.0,134.33333333333334
Aqara Door 1,Door,52.0,0.0,0.003694,0.0,185.0,185.0,185.0
Unknown,Unknown,5.0,0.0,0.002047,0.0,185.0,185.0,185.0
Ledvance Bulb,Bulb,74.0,0.0,0.012087,0.0,218.0,218.0,218.0
Moes Bulb,Bulb,65.0,0.0,1.144458,0.0,67.0,67.0,67.0
Power Plug 2,Socket,65.0,0.0,1.169962,0.0,115.0,115.0,115.0
Aqara Door 2,Door,52.0,0.0,1.734471,2.447709520046854,186.0,13.0,99.5
Unknown,Unknown,5.0,0.0,0.002032,2.1213203435596482e-05,186.0,13.0,99.5
Philips Motion,Bulb,74.0,0.0,0.615877,0.0,166.0,166.0,166.0
Ledvance Smart+ Plug,Socket,74.0,0.0,2.698374,0.0,154.0,154.0,154.0
Aqara Door 2,Door,52.0,0.0,0.01107,0.010115869611654749,190.0,14.0,102.0
Power Plug 2,Socket,64.66666666666667,1.5811388300841895,0.002556444444444444,0.0013957125519883304,121.0,116.0,118.55555555555556
Smart Socket,Socket,64.5,2.1213203435596424,0.0077564999999999995,0.00011101576464628797,189.0,187.0,188.0
Unknown,Unknown,12.391304347826088,22.14144255148859,0.002115413043478261,0.0005463613202547664,192.0,14.0,142.7608695652174
Ledvance Z3 Plug,Socket,74.0,0.0,0.261432,0.0,211.0,211.0,211.0
Philips Lamp 1,Bulb,71.0,0.0,0.36244,0.0,18.0,18.0,18.0
Smart Socket,Socket,71.0,0.0,0.516041,0.0,195.0,195.0,195.0
Unknown,Unknown,20.25,30.5,0.42885475,0.8536548973851105,194.0,86.0,132.75
Unknown,Unknown,71.0,0.0,0.518129,0.0,87.0,87.0,87.0
Moes Bulb,Bulb,68.0,0.0,0.722341,0.0,68.0,68.0,68.0
Ledvance Bulb,Bulb,74.0,0.0,0.027467,0.0,219.0,219.0,219.0
Power Plug 2,Socket,65.0,0.0,1.244398,0.0,122.0,122.0,122.0
Philips Motion,Bulb,74.0,0.0,4.012682,0.0,177.0,177.0,177.0
Sonoff Motion 2,Motion,54.0,0.0,0.849036,0.0,186.0,186.0,186.0
Unknown,Unknown,7.333333333333333,4.041451884327381,0.16938,0.2908839880828782,187.0,186.0,186.66666666666666
Ledvance Smart+ Plug,Socket,74.0,0.0,1.375546,0.0,155.0,155.0,155.0
Ledvance Z3 Plug,Socket,74.0,0.0,1.687183,0.0,215.0,215.0,215.0
Smart Socket,Socket,71.0,0.0,0.057739,0.0,199.0,199.0,199.0
Philips Lamp 1,Bulb,74.0,0.0,0.627528,0.0,22.0,22.0,22.0
Unknown,Unknown,71.0,0.0,0.018713,0.0,91.0,91.0,91.0
Moes Bulb,Bulb,68.0,0.0,1.674237,0.0,72.0,72.0,72.0
Ledvance Bulb,Bulb,74.0,0.0,0.037324,0.0,223.0,223.0,223.0
Power Plug 2,Socket,68.0,0.0,1.175225,0.0,126.0,126.0,126.0
Smart Socket,Socket,53.25,9.035643703846292,0.671821,1.8825698823167227,203.0,200.0,202.0
Unknown,Unknown,5.0,0.0,0.002047,0.0002514603064387812,203.0,172.0,194.5
Sonoff Motion 1,Motion,54.0,0.0,1.041013,0.0,216.0,216.0,216.0
Unknown,Unknown,5.0,0.0,0.002111,0.0,216.0,216.0,216.0
Ledvance Smart+ Plug,Socket,74.0,0.0,0.18945,0.0,159.0,159.0,159.0
Philips Motion,Bulb,74.0,0.0,0.171424,0.0,181.0,181.0,181.0
Unknown,Unknown,8.5,4.949747468305833,0.0716265,0.10021046592297633,217.0,217.0,217.0
Power Plug 2,Socket,65.0,1.7320508075688772,0.004060333333333333,0.003169184332495245,128.0,127.0,127.33333333333333
Smart Socket,Socket,64.5,2.1213203435596424,0.0077825,0.00020011121907579315,206.0,204.0,205.0
Unknown,Unknown,10.709677419354838,17.737330780751822,0.0023419354838709688,0.0011150864222257654,209.0,92.0,165.96774193548387
Ledvance Z3 Plug,Socket,74.0,0.0,2.664079,0.0,216.0,216.0,216.0
Smart Socket,Socket,74.0,0.0,0.322127,0.0,210.0,210.0,210.0
Philips Lamp 1,Bulb,74.0,0.0,0.480159,0.0,23.0,23.0,23.0
Unknown,Unknown,71.0,0.0,0.524599,0.0,94.0,94.0,94.0
Moes Bulb,Bulb,68.0,0.0,1.250573,0.0,73.0,73.0,73.0
Unknown,Unknown,97.0,0.0,1.175049,0.0,129.0,129.0,129.0
Ledvance Bulb,Bulb,74.0,0.0,0.632156,0.0,224.0,224.0,224.0
Ledvance Smart+ Plug,Socket,74.0,0.0,5.668511,0.0,160.0,160.0,160.0
Philips Motion,Bulb,74.0,0.0,2.748473,0.0,186.0,186.0,186.0
Ledvance Z3 Plug,Socket,74.0,0.0,0.432074,0.0,217.0,217.0,217.0
Smart Socket,Socket,74.0,0.0,1.504007,0.0,211.0,211.0,211.0
Unknown,Unknown,71.0,0.0,0.623746,0.0,95.0,95.0,95.0
Moes Bulb,Bulb,68.0,0.0,1.722217,0.0,74.0,74.0,74.0
Philips Lamp 1,Bulb,74.0,0.0,0.321069,0.0,24.0,24.0,24.0
Ledvance Bulb,Bulb,74.0,0.0,0.220588,0.0,225.0,225.0,225.0
Power Plug 2,Socket,68.0,0.0,0.92165,0.0,130.0,130.0,130.0
Ledvance Smart+ Plug,Socket,74.0,0.0,3.95226,0.0,161.0,161.0,161.0
Power Plug 2,Socket,64.5,2.1213203435596424,0.008720499999999999,0.0015365430355183676,132.0,131.0,131.5
Smart Socket,Socket,64.5,2.1213203435596424,0.008102999999999999,9.758073580374424e-05,214.0,212.0,213.0
Unknown,Unknown,16.634146341463413,22.551891381390792,0.002374170731707317,0.0009280822404948557,219.0,96.0,178.65853658536585
Ledvance Z3 Plug,Socket,74.0,0.0,0.186199,0.0,218.0,218.0,218.0
Philips Motion,Bulb,74.0,0.0,0.115585,0.0,192.0,192.0,192.0
Philips Motion,Bulb,54.0,1.1547005383792515,0.0247735,0.023072022776514416,196.0,193.0,194.5
Smart Socket,Socket,74.0,0.0,0.478114,0.0,220.0,220.0,220.0
Unknown,Unknown,5.0,0.0,0.002068,7.179415017952365e-05,202.0,193.0,196.83333333333334
Unknown,Unknown,71.0,0.0,0.589084,0.0,100.0,100.0,100.0
Moes Bulb,Bulb,68.0,0.0,1.811485,0.0,75.0,75.0,75.0
Ledvance Bulb,Bulb,74.0,0.0,0.390753,0.0,226.0,226.0,226.0
Power Plug 2,Socket,68.0,0.0,1.17416,0.0,133.0,133.0,133.0
Unknown,Unknown,99.0,0.0,1.358459,0.0,25.0,25.0,25.0
Aqara Motion,Motion,102.0,0.0,0.699621,0.0,99.0,99.0,99.0
Unknown,Unknown,5.0,0.0,0.003647,0.0,99.0,99.0,99.0
Unknown,Unknown,8.5,4.949747468305833,0.502833,0.7100285464064103,100.0,100.0,100.0
Unknown,Unknown,8.5,4.041451884327381,0.25331475000000003,0.502896575651081,101.0,101.0,101.0
Ledvance Smart+ Plug,Socket,74.0,0.0,0.959869,0.0,162.0,162.0,162.0
Unknown,Unknown,8.5,4.949747468305833,0.021883499999999997,0.02986324068985146,102.0,102.0,102.0
Ledvance Z3 Plug,Socket,74.0,0.0,1.932096,0.0,219.0,219.0,219.0
Unknown,Unknown,106.0,0.0,1.516641,0.0,197.0,197.0,197.0
Smart Socket,Socket,74.0,0.0,1.191238,0.0,221.0,221.0,221.0
Unknown,Unknown,71.0,0.0,0.65078,0.0,101.0,101.0,101.0
Unknown,Unknown,20.833333333333332,24.983327774070986,0.095173,0.22673244806423273,222.0,102.0,139.33333333333334
Moes Bulb,Bulb,68.0,0.0,1.021376,0.0,76.0,76.0,76.0
Unknown,Unknown,20.833333333333332,23.854991219042738,0.04675008333333334,0.1495565251161266,224.0,104.0,141.83333333333334
Ledvance Bulb,Bulb,74.0,0.0,0.281202,0.0,227.0,227.0,227.0
Power Plug 2,Socket,68.0,0.0,0.578858,0.0,134.0,134.0,134.0
Philips Lamp 1,Bulb,74.0,0.0,3.498258,0.0,26.0,26.0,26.0
Ledvance Smart+ Plug,Socket,74.0,0.0,1.34369,0.0,163.0,163.0,163.0
Ledvance Z3 Plug,Socket,74.0,0.0,0.098132,0.0,220.0,220.0,220.0
Power Plug 2,Socket,64.5,2.1213203435596424,0.0052625,0.0035489689347752824,136.0,135.0,135.5
Smart Socket,Socket,64.5,2.1213203435596424,0.0078625,0.0001435426765808698,227.0,225.0,226.0
Unknown,Unknown,10.709677419354838,17.737330780751822,0.0020365806451612904,0.00042661073390102346,230.0,108.0,189.48387096774192
Philips Motion,Bulb,74.0,0.0,2.267436,0.0,202.0,202.0,202.0
Smart Socket,Socket,74.0,0.0,0.548562,0.0,231.0,231.0,231.0
Unknown,Unknown,96.0,0.0,0.703411,0.0,110.0,110.0,110.0
Moes Bulb,Bulb,68.0,0.0,1.598844,0.0,77.0,77.0,77.0
Power Plug 2,Socket,68.0,0.0,1.233086,0.0,137.0,137.0,137.0
Philips Lamp 1,Bulb,74.0,0.0,5.278006,0.0,27.0,27.0,27.0
Power Plug 2,Socket,47.4,5.366563145999495,0.0046776000000000005,0.0011814287113491022,141.0,138.0,139.6
Unknown,Unknown,15.777777777777779,21.457969252574774,0.11187888888888889,0.3296637479077903,220.0,138.0,167.44444444444446
Ledvance Smart+ Plug,Socket,74.0,0.0,0.127737,0.0,164.0,164.0,164.0
Unknown,Unknown,108.0,0.0,1.654868,0.0,221.0,221.0,221.0
Smart Socket,Socket,74.0,0.0,3.057987,0.0,232.0,232.0,232.0
Philips Motion,Bulb,74.0,0.0,0.102317,0.0,205.0,205.0,205.0
Unknown,Unknown,71.0,0.0,0.559498,0.0,111.0,111.0,111.0
Moes Bulb,Bulb,68.0,0.0,1.631294,0.0,78.0,78.0,78.0
Power Plug 2,Socket,68.0,0.0,1.254192,0.0,142.0,142.0,142.0
Ledvance Bulb,Bulb,74.0,0.0,3.804232,0.0,229.0,229.0,229.0
Philips Lamp 1,Bulb,71.0,0.0,0.33718,0.0,28.0,28.0,28.0
Smart Socket,Socket,52.5,10.606601717798213,0.6821865,0.9572875243313788,234.0,233.0,233.5
Unknown,Unknown,5.0,0.0,0.002022333333333333,0.0002501226365872016,234.0,222.0,229.66666666666666
Ledvance Smart+ Plug,Socket,74.0,0.0,1.190985,0.0,165.0,165.0,165.0
Power Plug 2,Socket,64.2,1.6431676725154982,0.0037088000000000004,0.0015335454672098902,146.0,143.0,144.4
Smart Socket,Socket,66.0,0.0,0.008347,0.0,237.0,237.0,237.0
Unknown,Unknown,16.235294117647058,28.693847744694718,0.01950338235294118,0.10007554570877936,239.0,112.0,201.38235294117646
Smart Socket,Socket,74.0,0.0,0.401238,0.0,242.0,242.0,242.0
Unknown,Unknown,20.25,30.5,0.6144112500000001,1.2247765454787731,241.0,114.0,176.5
Unknown,Unknown,71.0,0.0,0.650107,0.0,115.0,115.0,115.0
Power Plug 2,Socket,52.5,10.606601717798213,0.006321,0.0014043140674364833,148.0,147.0,147.5
Unknown,Unknown,29.75,49.5,0.209612,0.4151727163731579,213.0,147.0,180.0
Unknown,Unknown,107.0,0.0,0.851867,0.0,79.0,79.0,79.0
Power Plug 2,Socket,68.0,0.0,1.184481,0.0,149.0,149.0,149.0
Ledvance Bulb,Bulb,74.0,0.0,2.995885,0.0,230.0,230.0,230.0
Philips Lamp 1,Bulb,71.0,0.0,0.163853,0.0,29.0,29.0,29.0
Unknown,Unknown,108.0,0.0,0.090248,0.0,223.0,223.0,223.0
Ledvance Smart+ Plug,Socket,74.0,0.0,0.139439,0.0,166.0,166.0,166.0
Smart Socket,Socket,74.0,0.0,4.66916,0.0,243.0,243.0,243.0
Unknown,Unknown,71.0,0.0,0.648899,0.0,116.0,116.0,116.0
Unknown,Unknown,107.0,0.0,1.661447,0.0,80.0,80.0,80.0
Philips Motion,Bulb,74.0,0.0,2.254031,0.0,214.0,214.0,214.0
Ledvance Bulb,Bulb,74.0,0.0,1.97016,0.0,231.0,231.0,231.0
Ledvance Z3 Plug,Socket,71.0,0.0,0.021196,0.0,224.0,224.0,224.0
Ledvance Smart+ Plug,Socket,74.0,0.0,0.195697,0.0,167.0,167.0,167.0
Power Plug 2,Socket,64.0,1.7320508075688772,0.004011,0.001993610794513312,154.0,153.0,153.66666666666666
Smart Socket,Socket,64.0,1.7320508075688772,0.007832666666666667,0.004932531432574286,246.0,244.0,244.66666666666666
Unknown,Unknown,30.05128205128205,38.908765564931194,0.003110512820512821,0.0025531825431244666,252.0,117.0,198.56410256410257
Smart Socket,Socket,74.0,0.0,0.498995,0.0,251.0,251.0,251.0
Unknown,Unknown,19.5,29.0,0.61522575,1.2264688672149748,253.0,122.0,186.75
Moes Bulb,Bulb,68.0,0.0,2.213349,0.0,81.0,81.0,81.0
Power Plug 2,Socket,53.0,6.928203230275509,0.005791333333333333,0.0038300358135836448,157.0,156.0,156.33333333333334
Unknown,Unknown,18.142857142857142,22.711440372850063,0.3621101428571428,0.9512008302560556,254.0,156.0,179.42857142857142
Ledvance Bulb,Bulb,74.0,0.0,0.60456,0.0,232.0,232.0,232.0
Philips Motion,Bulb,74.0,0.0,0.728085,0.0,221.0,221.0,221.0
Sonoff Temperature,Temperature,53.0,0.0,0.6371385,0.8956843815544068,230.0,158.0,194.0
Unknown,Unknown,5.0,0.0,0.002063,2.2627416997969458e-05,230.0,158.0,194.0
Ledvance Smart+ Plug,Socket,74.0,0.0,0.358633,0.0,168.0,168.0,168.0
Ledvance Z3 Plug,Socket,71.0,0.0,0.437579,0.0,225.0,225.0,225.0
Philips Lamp 1,Bulb,68.0,0.0,2.248049,0.0,31.0,31.0,31.0
Smart Socket,Socket,74.0,0.0,1.96374,0.0,252.0,252.0,252.0
Unknown,Unknown,68.0,0.0,0.669424,0.0,124.0,124.0,124.0
Moes Bulb,Bulb,68.0,0.0,1.734433,0.0,82.0,82.0,82.0
Power Plug 2,Socket,68.0,0.0,1.239257,0.0,159.0,159.0,159.0
Ledvance Bulb,Bulb,74.0,0.0,1.088074,0.0,233.0,233.0,233.0
Philips Motion,Bulb,74.0,0.0,1.700167,0.0,222.0,222.0,222.0
Ledvance Smart+ Plug,Socket,74.0,0.0,3.911606,0.0,169.0,169.0,169.0
Power Plug 2,Socket,65.14285714285714,1.4638501094227998,0.004115428571428571,0.0019032329387249525,163.0,160.0,161.85714285714286
Smart Socket,Socket,64.5,2.1213203435596424,0.0077175,7.778174593051827e-06,255.0,253.0,254.0
Unknown,Unknown,21.166666666666668,31.472726610911913,0.0023535238095238097,0.0012359278974567905,255.0,0.0,115.16666666666667
Ledvance Z3 Plug,Socket,71.0,0.0,0.495505,0.0,226.0,226.0,226.0
Smart Socket,Socket,71.0,0.0,0.592272,0.0,3.0,3.0,3.0
Unknown,Unknown,100.0,0.0,1.828447,0.0,32.0,32.0,32.0
Unknown,Unknown,71.0,0.0,0.600177,0.0,127.0,127.0,127.0
Moes Bulb,Bulb,68.0,0.0,1.612749,0.0,83.0,83.0,83.0
Power Plug 2,Socket,68.0,0.0,1.228032,0.0,164.0,164.0,164.0
Ledvance Bulb,Bulb,74.0,0.0,1.339011,0.0,234.0,234.0,234.0
Philips Motion,Bulb,74.0,0.0,0.814443,0.0,229.0,229.0,229.0
Ledvance Smart+ Plug,Socket,74.0,0.0,4.647709,0.0,170.0,170.0,170.0
Ledvance Z3 Plug,Socket,74.0,0.0,2.13453,0.0,227.0,227.0,227.0
Ledvance Bulb,Bulb,53.5,5.972157622389639,0.28685125,0.5105276173341816,238.0,235.0,236.5
Unknown,Unknown,5.0,0.0,0.0020208333333333332,0.00019143084042720667,238.0,14.0,162.66666666666666
Smart Socket,Socket,74.0,0.0,1.423047,0.0,4.0,4.0,4.0
Philips Lamp 1,Bulb,71.0,0.0,0.565985,0.0,33.0,33.0,33.0
Unknown,Unknown,71.0,0.0,0.508334,0.0,128.0,128.0,128.0
Moes Bulb,Bulb,68.0,0.0,1.132815,0.0,84.0,84.0,84.0
Power Plug 2,Socket,68.0,0.0,1.259561,0.0,165.0,165.0,165.0
Ledvance Bulb,Bulb,74.0,0.0,1.158609,0.0,239.0,239.0,239.0
Philips Motion,Bulb,74.0,0.0,3.485987,0.0,230.0,230.0,230.0
Ledvance Smart+ Plug,Socket,74.0,0.0,2.117976,0.0,171.0,171.0,171.0
Power Plug 2,Socket,64.5,2.1213203435596424,0.0103655,0.007409771960053832,168.0,166.0,167.0
Smart Socket,Socket,64.0,1.7320508075688772,0.006131666666666667,0.0029382505565954263,7.0,5.0,5.666666666666667
Unknown,Unknown,21.756756756756758,29.742791288539713,0.03810908108108108,0.21819908539863034,234.0,5.0,75.75
Ledvance Smart+ Plug,Socket,52.0,0.0,0.7358125,1.0355444460188563,172.0,172.0,172.0
Unknown,Unknown,5.0,0.0,0.002047,0.0,172.0,172.0,172.0
Power Plug 2,Socket,51.0,8.48528137423857,0.6527875,0.9158793512250945,170.0,169.0,169.5
Smart Socket,Socket,74.0,0.0,0.099491,0.0,11.0,11.0,11.0
Unknown,Unknown,5.0,0.0,0.0019890000000000003,0.00016053452380510982,235.0,29.0,150.75
Unknown,Unknown,71.0,0.0,0.635389,0.0,131.0,131.0,131.0
Moes Bulb,Bulb,52.8,9.391485505499118,0.22239119999999996,0.48606043540664773,89.0,85.0,87.0
Philips Motion,Bulb,45.0,0.0,0.002667,0.0,237.0,237.0,237.0
Unknown,Unknown,12.833333333333334,18.536614054515475,0.0035014166666666666,0.004823200285331747,239.0,32.0,136.16666666666666
Moes Bulb,Bulb,52.0,0.0,0.045515,0.0,90.0,90.0,90.0
Power Plug 2,Socket,68.0,0.0,0.225029,0.0,174.0,174.0,174.0
Unknown,Unknown,5.0,0.0,0.0018850000000000002,0.00014065205295337856,242.0,37.0,123.0
Philips Lamp 1,Bulb,71.0,0.0,0.854326,0.0,37.0,37.0,37.0
Ledvance Bulb,Bulb,74.0,0.0,2.896268,0.0,243.0,243.0,243.0
Philips Motion,Bulb,74.0,0.0,1.513918,0.0,243.0,243.0,243.0
Unknown,Unknown,51.0,0.0,0.059488,0.0,39.0,39.0,39.0
Ledvance Smart+ Plug,Socket,74.0,0.0,0.035812,0.0,179.0,179.0,179.0
Ledvance Z3 Plug,Socket,74.0,0.0,3.796912,0.0,235.0,235.0,235.0
Philips Lamp 1,Bulb,54.5,1.7728105208558367,0.01172875,0.015448161645137123,252.0,41.0,146.25
Smart Socket,Socket,74.0,0.0,0.008579,0.0,18.0,18.0,18.0
Unknown,Unknown,5.0,0.0,0.0021218333333333336,4.583137736873239e-05,252.0,41.0,146.0
Unknown,Unknown,71.0,0.0,0.625958,0.0,138.0,138.0,138.0
Moes Bulb,Bulb,68.0,0.0,1.71324,0.0,94.0,94.0,94.0
Ledvance Bulb,Bulb,74.0,0.0,4.233403,0.0,247.0,247.0,247.0
Unknown,Unknown,67.0,50.91168824543142,0.2990165,0.28717798415007373,45.0,45.0,45.0
Ledvance Z3 Plug,Socket,54.0,1.7320508075688772,0.9364223333333332,1.579260645765712,238.0,236.0,237.0
Unknown,Unknown,5.0,0.0,0.0020277999999999997,0.0001324979245120465,238.0,45.0,160.4
Ledvance Smart+ Plug,Socket,74.0,0.0,0.125114,0.0,180.0,180.0,180.0
Ledvance Z3 Plug,Socket,45.0,0.0,0.043616,0.0,239.0,239.0,239.0
Unknown,Unknown,18.571428571428573,23.578642474756283,0.10161600000000001,0.26230885894176986,239.0,19.0,123.28571428571429
Philips Motion,Bulb,74.0,0.0,0.32549,0.0,253.0,253.0,253.0
Power Plug 2,Socket,64.0,1.7320508075688772,0.003309666666666667,0.003151724818783095,182.0,181.0,181.66666666666666
Smart Socket,Socket,64.5,2.1213203435596424,0.0078215,1.4849242404917629e-05,22.0,20.0,21.0
Unknown,Unknown,13.162162162162161,20.93841964947254,0.0022703513513513515,0.000945373741972989,204.0,0.0,77.83783783783784
Ledvance Z3 Plug,Socket,71.0,0.0,1.829603,0.0,240.0,240.0,240.0
Smart Socket,Socket,74.0,0.0,1.035845,0.0,27.0,27.0,27.0
Unknown,Unknown,71.0,0.0,0.657958,0.0,146.0,146.0,146.0
Moes Bulb,Bulb,56.25,7.847504911329036,0.4076805,0.8072426834261182,98.0,95.0,96.5
Unknown,Unknown,5.0,0.0,0.0018892222222222223,0.00012770060471448233,97.0,4.0,54.333333333333336
Power Plug 2,Socket,68.0,0.0,1.16107,0.0,183.0,183.0,183.0
Ledvance Bulb,Bulb,74.0,0.0,2.385435,0.0,248.0,248.0,248.0
Philips Lamp 1,Bulb,71.0,0.0,2.489585,0.0,46.0,46.0,46.0
Ledvance Smart+ Plug,Socket,74.0,0.0,0.683783,0.0,181.0,181.0,181.0
Philips Motion,Bulb,74.0,0.0,0.971601,0.0,7.0,7.0,7.0
Moes Bulb,Bulb,52.0,0.0,1.993062,0.0,99.0,99.0,99.0
Unknown,Unknown,5.0,0.0,0.0018853333333333335,0.00014122440771103755,99.0,8.0,57.333333333333336
Ledvance Z3 Plug,Socket,71.0,0.0,1.109911,0.0,241.0,241.0,241.0
Smart Socket,Socket,74.0,0.0,0.561039,0.0,28.0,28.0,28.0
Unknown,Unknown,71.0,0.0,0.71623,0.0,147.0,147.0,147.0
Unknown,Unknown,107.0,0.0,1.683632,0.0,100.0,100.0,100.0
Power Plug 2,Socket,68.0,0.0,1.238892,0.0,184.0,184.0,184.0
Ledvance Bulb,Bulb,74.0,0.0,1.85089,0.0,249.0,249.0,249.0
Philips Lamp 1,Bulb,71.0,0.0,1.906655,0.0,47.0,47.0,47.0
Ledvance Smart+ Plug,Socket,74.0,0.0,0.239919,0.0,182.0,182.0,182.0
Philips Motion,Bulb,74.0,0.0,0.662851,0.0,9.0,9.0,9.0
Power Plug 2,Socket,64.5,2.1213203435596424,0.0046505,0.004656298154113415,186.0,185.0,185.5
Smart Socket,Socket,64.5,2.1213203435596424,0.008194,0.00012869343417595155,31.0,29.0,30.0
Unknown,Unknown,11.885714285714286,19.45397498860176,0.0023284000000000004,0.00109622741307471,186.0,10.0,80.51428571428572
Ledvance Z3 Plug,Socket,71.0,0.0,2.889605,0.0,242.0,242.0,242.0
Smart Socket,Socket,74.0,0.0,0.105497,0.0,36.0,36.0,36.0
Unknown,Unknown,71.0,0.0,0.491056,0.0,151.0,151.0,151.0
Smart Socket,Socket,52.5,10.606601717798213,0.584382,0.8191846202181776,38.0,37.0,37.5
Unknown,Unknown,5.0,0.0,0.0020263333333333335,0.00024826061575153904,80.0,37.0,51.666666666666664
Moes Bulb,Bulb,68.0,0.0,0.5575,0.0,101.0,101.0,101.0
Ledvance Bulb,Bulb,74.0,0.0,1.450804,0.0,250.0,250.0,250.0
Ledvance Smart+ Plug,Socket,74.0,0.0,2.756637,0.0,183.0,183.0,183.0
Philips Motion,Bulb,74.0,0.0,0.71321,0.0,14.0,14.0,14.0
Philips Lamp 1,Bulb,71.0,0.0,0.342847,0.0,48.0,48.0,48.0
Smart Socket,Socket,74.0,0.0,3.701655,0.0,39.0,39.0,39.0
Unknown,Unknown,71.0,0.0,0.61303,0.0,152.0,152.0,152.0
Ledvance Z3 Plug,Socket,74.0,0.0,0.977485,0.0,243.0,243.0,243.0
Moes Bulb,Bulb,68.0,0.0,0.671524,0.0,102.0,102.0,102.0
Power Plug 2,Socket,68.0,0.0,1.208045,0.0,188.0,188.0,188.0
Ledvance Bulb,Bulb,74.0,0.0,2.959567,0.0,251.0,251.0,251.0
Ledvance Smart+ Plug,Socket,74.0,0.0,1.863623,0.0,184.0,184.0,184.0
Philips Motion,Bulb,74.0,0.0,0.366769,0.0,15.0,15.0,15.0
Power Plug 2,Socket,64.5,2.1213203435596424,0.0012795,0.0010415682886877845,194.0,192.0,193.0
Smart Socket,Socket,64.5,2.1213203435596424,0.0077365,4.313351365237899e-05,42.0,40.0,41.0
Unknown,Unknown,20.5,27.78171213967499,0.0023252884615384615,0.000709368963884858,194.0,19.0,103.6923076923077
Power Plug 2,Socket,52.5,10.606601717798213,0.09238249999999999,0.12312072563342047,196.0,195.0,195.5
Unknown,Unknown,5.0,0.0,0.0019458333333333333,0.000191215497977195,196.0,22.0,105.5
Smart Socket,Socket,74.0,0.0,2.63571,0.0,50.0,50.0,50.0
Unknown,Unknown,71.0,0.0,0.650958,0.0,158.0,158.0,158.0
Moes Bulb,Bulb,68.0,0.0,1.652929,0.0,103.0,103.0,103.0
Ledvance Z3 Plug,Socket,74.0,0.0,0.051141,0.0,244.0,244.0,244.0
Power Plug 2,Socket,68.0,0.0,1.207614,0.0,197.0,197.0,197.0
Ledvance Smart+ Plug,Socket,74.0,0.0,4.228763,0.0,185.0,185.0,185.0
Philips Lamp 1,Bulb,71.0,0.0,0.425358,0.0,50.0,50.0,50.0
Ledvance Bulb,Bulb,74.0,0.0,0.472825,0.0,252.0,252.0,252.0
Philips Motion,Bulb,74.0,0.0,0.753909,0.0,24.0,24.0,24.0
Smart Socket,Socket,74.0,0.0,3.139452,0.0,51.0,51.0,51.0
Unknown,Unknown,71.0,0.0,0.510965,0.0,159.0,159.0,159.0
Moes Bulb,Bulb,68.0,0.0,1.757347,0.0,104.0,104.0,104.0
Ledvance Z3 Plug,Socket,74.0,0.0,0.452514,0.0,245.0,245.0,245.0
Power Plug 2,Socket,68.0,0.0,1.191759,0.0,198.0,198.0,198.0
Ledvance Smart+ Plug,Socket,74.0,0.0,2.803959,0.0,186.0,186.0,186.0
Philips Lamp 1,Bulb,71.0,0.0,0.465497,0.0,51.0,51.0,51.0
Philips Motion,Bulb,74.0,0.0,0.580403,0.0,25.0,25.0,25.0
Power Plug 2,Socket,64.5,2.1213203435596424,0.0062014999999999995,0.00231436049482357,201.0,199.0,200.0
Smart Socket,Socket,64.5,2.1213203435596424,0.0081265,0.00019869700551341987,54.0,52.0,53.0
Unknown,Unknown,15.96774193548387,26.359671053799513,0.002057032258064516,0.0004298545090198905,201.0,26.0,107.8
Ledvance Bulb,Bulb,74.0,0.0,1.262873,0.0,253.0,253.0,253.0
Smart Socket,Socket,71.0,0.0,0.386128,0.0,59.0,59.0,59.0
Unknown,Unknown,20.25,30.5,0.31184799999999996,0.619641421574876,162.0,58.0,124.0
Unknown,Unknown,71.0,0.0,0.653119,0.0,163.0,163.0,163.0
Moes Bulb,Bulb,68.0,0.0,1.65435,0.0,105.0,105.0,105.0
Ledvance Z3 Plug,Socket,74.0,0.0,0.574303,0.0,246.0,246.0,246.0
Power Plug 2,Socket,68.0,0.0,1.22281,0.0,202.0,202.0,202.0
Ledvance Smart+ Plug,Socket,74.0,0.0,1.944356,0.0,187.0,187.0,187.0
Philips Motion,Bulb,74.0,0.0,1.170842,0.0,30.0,30.0,30.0
Ledvance Bulb,Bulb,74.0,0.0,1.291456,0.0,254.0,254.0,254.0
Unknown,Unknown,101.0,0.0,0.564099,0.0,136.0,136.0,136.0
Smart Socket,Socket,71.0,0.0,1.727264,0.0,60.0,60.0,60.0
Sonoff Motion 1,Motion,54.0,0.0,0.438624,0.0,218.0,218.0,218.0
Unknown,Unknown,23.25,32.00390601161052,0.1268585,0.14949128332782485,219.0,164.0,205.0
Moes Bulb,Bulb,68.0,0.0,1.337251,0.0,106.0,106.0,106.0
Power Plug 2,Socket,68.0,0.0,1.196881,0.0,203.0,203.0,203.0
Smart Socket,Socket,52.5,9.0,0.30154974999999995,0.588064653271149,64.0,61.0,62.5
Unknown,Unknown,5.0,0.0,0.0020223333333333334,0.00023191176483021875,117.0,61.0,80.5
Ledvance Z3 Plug,Socket,74.0,0.0,0.5645,0.0,247.0,247.0,247.0
Ledvance Smart+ Plug,Socket,74.0,0.0,4.904679,0.0,188.0,188.0,188.0
Philips Motion,Bulb,54.0,1.1547005383792515,0.02537975,0.023711713467890364,34.0,31.0,32.5
Unknown,Unknown,5.0,0.0,0.0020681666666666665,7.182316246634274e-05,119.0,31.0,61.166666666666664
Power Plug 2,Socket,64.5,2.1213203435596424,0.0048815,0.004093441156288923,205.0,204.0,204.5
Smart Socket,Socket,64.5,2.1213203435596424,0.007671000000000001,0.000151320851173921,67.0,65.0,66.0
Unknown,Unknown,9.25,15.610122546793985,0.002185964285714286,0.001090619344332753,205.0,35.0,112.14285714285714
Ledvance Bulb,Bulb,74.0,0.0,0.183716,0.0,255.0,255.0,255.0
Philips Lamp 1,Bulb,74.0,0.0,0.399345,0.0,53.0,53.0,53.0
Philips Motion,Bulb,74.0,0.0,1.323727,0.0,39.0,39.0,39.0
Smart Socket,Socket,71.0,0.0,1.107205,0.0,71.0,71.0,71.0
Unknown,Unknown,71.0,0.0,0.540182,0.0,167.0,167.0,167.0
Moes Bulb,Bulb,68.0,0.0,1.75328,0.0,107.0,107.0,107.0
Power Plug 2,Socket,68.0,0.0,1.242826,0.0,206.0,206.0,206.0
Ledvance Z3 Plug,Socket,74.0,0.0,1.157518,0.0,248.0,248.0,248.0
Ledvance Smart+ Plug,Socket,74.0,0.0,5.569106,0.0,189.0,189.0,189.0
Ledvance Bulb,Bulb,74.0,0.0,0.104398,0.0,0.0,0.0,0.0
Philips Lamp 1,Bulb,54.0,2.449489742783178,0.05754425,0.09137833898094597,55.0,41.0,48.0
Philips Motion,Bulb,74.0,0.0,2.536497,0.0,40.0,40.0,40.0
Unknown,Unknown,5.0,0.0,0.0021105,7.783957862167538e-05,55.0,41.0,48.0
Philips Lamp 1,Bulb,58.0,9.192388155425117,0.14715099999999998,0.24591108992784363,58.0,45.0,52.4
Philips Motion,Bulb,53.5,2.1213203435596424,0.1910535,0.2201074917409673,44.0,43.0,43.5
Smart Socket,Socket,71.0,0.0,0.06046,0.0,72.0,72.0,72.0
Unknown,Unknown,5.0,0.0,0.0021051666666666666,6.861899639798489e-05,57.0,43.0,48.5
Philips Motion,Bulb,53.5,2.1213203435596424,0.10251299999999999,0.09287281885460354,48.0,47.0,47.5
Unknown,Unknown,27.0,38.1051177665153,0.10997900000000001,0.18686057548878524,168.0,47.0,87.66666666666667
Moes Bulb,Bulb,68.0,0.0,1.713743,0.0,108.0,108.0,108.0
Ledvance Z3 Plug,Socket,71.0,0.0,0.384294,0.0,249.0,249.0,249.0
Power Plug 2,Socket,68.0,0.0,0.223255,0.0,207.0,207.0,207.0
Unknown,Unknown,20.833333333333332,23.854991219042738,0.0812095,0.2692008743486746,172.0,73.0,148.33333333333334
Ledvance Smart+ Plug,Socket,74.0,0.0,6.333675,0.0,190.0,190.0,190.0
Power Plug 2,Socket,64.5,2.1213203435596424,0.0052035,0.0038813091219329597,210.0,208.0,209.0
Smart Socket,Socket,64.5,2.1213203435596424,0.007925,5.656854249492395e-05,77.0,75.0,76.0
Unknown,Unknown,15.96875,23.20384336212847,0.00241975,0.0012906111330583637,210.0,49.0,136.5625
Philips Motion,Bulb,74.0,0.0,0.697168,0.0,53.0,53.0,53.0
Philips Lamp 1,Bulb,74.0,0.0,0.079005,0.0,59.0,59.0,59.0
Smart Socket,Socket,74.0,0.0,0.455233,0.0,82.0,82.0,82.0
Unknown,Unknown,20.25,30.5,0.3666625,0.7292730754043144,175.0,81.0,145.0
Ledvance Bulb,Bulb,74.0,0.0,0.234737,0.0,1.0,1.0,1.0
Unknown,Unknown,107.0,0.0,0.45488,0.0,176.0,176.0,176.0
Ledvance Z3 Plug,Socket,74.0,0.0,0.616026,0.0,250.0,250.0,250.0
Moes Bulb,Bulb,68.0,0.0,1.471564,0.0,109.0,109.0,109.0
Power Plug 2,Socket,68.0,0.0,0.707452,0.0,211.0,211.0,211.0
Unknown,Unknown,20.833333333333332,24.983327774070986,0.9688181666666665,2.3667682361152655,178.0,83.0,157.16666666666666
Ledvance Smart+ Plug,Socket,74.0,0.0,0.822827,0.0,191.0,191.0,191.0
Philips Motion,Bulb,74.0,0.0,1.711031,0.0,54.0,54.0,54.0
Power Plug 2,Socket,51.0,8.48528137423857,0.9913155,1.393324920950063,213.0,212.0,212.5
Unknown,Unknown,5.0,0.0,0.00199075,0.0001595522380496954,213.0,55.0,157.75
Philips Lamp 1,Bulb,71.0,0.0,0.261298,0.0,60.0,60.0,60.0
Smart Socket,Socket,74.0,0.0,0.006634,0.0,84.0,84.0,84.0
Ledvance Bulb,Bulb,74.0,0.0,0.523931,0.0,2.0,2.0,2.0
Unknown,Unknown,71.0,0.0,0.134319,0.0,179.0,179.0,179.0
Moes Bulb,Bulb,68.0,0.0,1.687714,0.0,110.0,110.0,110.0
Ledvance Z3 Plug,Socket,74.0,0.0,0.930207,0.0,251.0,251.0,251.0
Power Plug 2,Socket,68.0,0.0,0.350198,0.0,214.0,214.0,214.0
Ledvance Smart+ Plug,Socket,74.0,0.0,6.693344,0.0,192.0,192.0,192.0
Philips Motion,Bulb,74.0,0.0,0.014019,0.0,56.0,56.0,56.0
Power Plug 2,Socket,65.0,1.5491933384829668,0.0019076666666666667,0.0014649190648860664,219.0,215.0,216.83333333333334
Smart Socket,Socket,64.5,1.7320508075688772,0.0059305,0.00242099903621074,88.0,85.0,86.25
Unknown,Unknown,10.525,20.423701038317326,0.0020409499999999997,0.0002830224191536595,219.0,57.0,142.3
Philips Lamp 1,Bulb,71.0,0.0,1.819904,0.0,61.0,61.0,61.0
Smart Socket,Socket,74.0,0.0,1.15169,0.0,92.0,92.0,92.0
Unknown,Unknown,71.0,0.0,0.550927,0.0,182.0,182.0,182.0
Ledvance Bulb,Bulb,74.0,0.0,0.166839,0.0,3.0,3.0,3.0
Ledvance Z3 Plug,Socket,74.0,0.0,0.109288,0.0,252.0,252.0,252.0
Moes Bulb,Bulb,68.0,0.0,0.082042,0.0,111.0,111.0,111.0
Unknown,Unknown,60.0,0.0,0.947809,0.0,91.0,91.0,91.0
Smart Socket,Socket,52.5,10.606601717798213,0.6638895,0.9313055927634603,94.0,93.0,93.5
Unknown,Unknown,5.0,0.0,0.0020226666666666665,0.0002499606635719575,170.0,93.0,119.0
Unknown,Unknown,51.0,0.0,0.024453,0.0,221.0,221.0,221.0
Ledvance Smart+ Plug,Socket,74.0,0.0,3.012591,0.0,196.0,196.0,196.0
Philips Motion,Bulb,74.0,0.0,2.61919,0.0,68.0,68.0,68.0
Philips Lamp 1,Bulb,71.0,0.0,1.112805,0.0,65.0,65.0,65.0
Smart Socket,Socket,74.0,0.0,1.048741,0.0,98.0,98.0,98.0
Unknown,Unknown,71.0,0.0,0.53333,0.0,186.0,186.0,186.0
Ledvance Bulb,Bulb,74.0,0.0,1.21722,0.0,7.0,7.0,7.0
Ledvance Z3 Plug,Socket,74.0,0.0,0.246396,0.0,0.0,0.0,0.0
Moes Bulb,Bulb,68.0,0.0,0.510441,0.0,115.0,115.0,115.0
Unknown,Unknown,78.0,0.0,1.000069,0.0,224.0,224.0,224.0
Ledvance Smart+ Plug,Socket,74.0,0.0,5.183363,0.0,197.0,197.0,197.0
Power Plug 2,Socket,64.5,2.1213203435596424,0.0044055,0.004765192598416144,226.0,225.0,225.5
Smart Socket,Socket,65.0,1.7320508075688772,0.006896666666666666,0.0015380696776587635,101.0,99.0,100.33333333333333
Unknown,Unknown,13.057142857142857,23.600776229934937,0.001958742857142858,0.0003519152089434531,226.0,69.0,152.4857142857143
Philips Lamp 1,Bulb,71.0,0.0,0.440327,0.0,66.0,66.0,66.0
Philips Motion,Bulb,74.0,0.0,1.205001,0.0,73.0,73.0,73.0
Smart Socket,Socket,74.0,0.0,1.269393,0.0,106.0,106.0,106.0
Unknown,Unknown,71.0,0.0,0.63308,0.0,190.0,190.0,190.0
Ledvance Bulb,Bulb,74.0,0.0,1.277762,0.0,8.0,8.0,8.0
Ledvance Z3 Plug,Socket,74.0,0.0,0.226647,0.0,1.0,1.0,1.0
Moes Bulb,Bulb,68.0,0.0,0.192893,0.0,116.0,116.0,116.0
Power Plug 2,Socket,68.0,0.0,1.258516,0.0,227.0,227.0,227.0
Sonoff Motion 1,Motion,54.0,0.0,1.390814,0.0,220.0,220.0,220.0
Unknown,Unknown,7.333333333333333,4.041451884327381,0.16960866666666666,0.29128091417965124,221.0,220.0,220.66666666666666
Ledvance Smart+ Plug,Socket,74.0,0.0,3.242997,0.0,198.0,198.0,198.0
Philips Motion,Bulb,74.0,0.0,2.5036,0.0,74.0,74.0,74.0
Philips Lamp 1,Bulb,71.0,0.0,0.576559,0.0,67.0,67.0,67.0
Smart Socket,Socket,74.0,0.0,1.695863,0.0,107.0,107.0,107.0
Unknown,Unknown,71.0,0.0,0.592923,0.0,191.0,191.0,191.0
Ledvance Bulb,Bulb,74.0,0.0,0.722725,0.0,9.0,9.0,9.0
Moes Bulb,Bulb,68.0,0.0,1.006359,0.0,117.0,117.0,117.0
Ledvance Z3 Plug,Socket,74.0,0.0,1.03627,0.0,2.0,2.0,2.0
Power Plug 2,Socket,68.0,0.0,0.089362,0.0,228.0,228.0,228.0
Power Plug 2,Socket,52.5,10.606601717798213,1.1298575,1.5905978134061733,230.0,229.0,229.5
Unknown,Unknown,5.0,0.0,0.00201575,0.00020380607612793748,230.0,75.0,181.0
Ledvance Smart+ Plug,Socket,74.0,0.0,2.708228,0.0,199.0,199.0,199.0
Power Plug 2,Socket,64.5,2.1213203435596424,0.005152,0.0036995826791680164,232.0,231.0,231.5
Smart Socket,Socket,64.5,2.1213203435596424,0.008146,2.5455844122715407e-05,110.0,108.0,109.0
Unknown,Unknown,12.366666666666667,23.386532129785103,0.002258233333333333,0.00115805626935331,232.0,76.0,161.6551724137931
Philips Lamp 1,Bulb,71.0,0.0,0.767409,0.0,68.0,68.0,68.0
Philips Motion,Bulb,74.0,0.0,0.827401,0.0,80.0,80.0,80.0
Sonoff Temperature,Temperature,53.0,0.0,0.0132798,0.021026531673102915,234.0,231.0,231.6
Unknown,Unknown,24.2,26.29068276024797,0.0026424000000000005,0.0013120020198155186,234.0,231.0,232.8
Smart Socket,Socket,74.0,0.0,1.302951,0.0,114.0,114.0,114.0
Unknown,Unknown,71.0,0.0,0.613796,0.0,194.0,194.0,194.0
Ledvance Bulb,Bulb,74.0,0.0,0.181733,0.0,10.0,10.0,10.0
Ledvance Z3 Plug,Socket,74.0,0.0,1.530709,0.0,3.0,3.0,3.0
Moes Bulb,Bulb,68.0,0.0,0.249654,0.0,118.0,118.0,118.0
Unknown,Unknown,102.0,0.0,1.008103,0.0,235.0,235.0,235.0
Ledvance Smart+ Plug,Socket,74.0,0.0,0.171762,0.0,200.0,200.0,200.0
Ledvance Bulb,Bulb,53.5,5.972157622389639,0.5842615,1.1062900447931063,14.0,11.0,12.5
Unknown,Unknown,5.0,0.0,0.0020211666666666668,0.00019147053733320607,206.0,11.0,76.83333333333333
Moes Bulb,Bulb,59.0,10.392304845413264,0.007284666666666668,0.00015453909969109217,121.0,119.0,120.0
Philips Lamp 1,Bulb,74.0,0.0,0.355076,0.0,69.0,69.0,69.0
Philips Motion,Bulb,74.0,0.0,0.149408,0.0,87.0,87.0,87.0
Smart Socket,Socket,74.0,0.0,0.231405,0.0,115.0,115.0,115.0
Unknown,Unknown,5.0,0.0,0.0019869333333333333,0.00022771895794931925,212.0,81.0,141.2
Unknown,Unknown,71.0,0.0,0.59468,0.0,195.0,195.0,195.0
Ledvance Z3 Plug,Socket,74.0,0.0,0.503323,0.0,4.0,4.0,4.0
Ledvance Bulb,Bulb,74.0,0.0,0.250875,0.0,15.0,15.0,15.0
Moes Bulb,Bulb,68.0,0.0,1.216108,0.0,122.0,122.0,122.0
Power Plug 2,Socket,68.0,0.0,0.879767,0.0,236.0,236.0,236.0
Ledvance Smart+ Plug,Socket,74.0,0.0,6.793485,0.0,201.0,201.0,201.0
Power Plug 2,Socket,64.5,2.1213203435596424,0.001863,0.0008442854967367377,238.0,237.0,237.5
Smart Socket,Socket,64.5,2.1213203435596424,0.007798,0.00012445079348883292,118.0,116.0,117.0
Unknown,Unknown,9.25,15.610122546793985,0.0022336785714285714,0.0010772392372814057,238.0,88.0,177.28571428571428
Philips Motion,Bulb,74.0,0.0,1.731042,0.0,92.0,92.0,92.0
Smart Socket,Socket,74.0,0.0,1.326541,0.0,122.0,122.0,122.0
Philips Lamp 1,Bulb,54.5,1.7728105208558367,0.013054,0.017746532200485172,98.0,70.0,83.75
Unknown,Unknown,10.076923076923077,18.30510647543256,0.049158999999999994,0.16959552285069324,227.0,70.0,116.15384615384616
Ledvance Z3 Plug,Socket,74.0,0.0,0.284435,0.0,5.0,5.0,5.0
Philips Lamp 1,Bulb,74.0,0.0,0.60867,0.0,74.0,74.0,74.0
Ledvance Bulb,Bulb,74.0,0.0,0.045689,0.0,16.0,16.0,16.0
Moes Bulb,Bulb,68.0,0.0,0.487069,0.0,123.0,123.0,123.0
Power Plug 2,Socket,68.0,0.0,1.093619,0.0,239.0,239.0,239.0
Ledvance Smart+ Plug,Socket,74.0,0.0,6.750185,0.0,202.0,202.0,202.0
Philips Motion,Bulb,74.0,0.0,2.690045,0.0,99.0,99.0,99.0
Smart Socket,Socket,74.0,0.0,0.048773,0.0,123.0,123.0,123.0
Ledvance Z3 Plug,Socket,74.0,0.0,0.115276,0.0,6.0,6.0,6.0
Unknown,Unknown,71.0,0.0,0.616698,0.0,199.0,199.0,199.0
Philips Lamp 1,Bulb,74.0,0.0,1.297059,0.0,75.0,75.0,75.0
Moes Bulb,Bulb,68.0,0.0,0.302037,0.0,124.0,124.0,124.0
Power Plug 2,Socket,68.0,0.0,1.234435,0.0,240.0,240.0,240.0
Ledvance Bulb,Bulb,74.0,0.0,1.341415,0.0,17.0,17.0,17.0
Ledvance Smart+ Plug,Socket,74.0,0.0,5.321204,0.0,203.0,203.0,203.0
Power Plug 2,Socket,65.0,1.7320508075688772,0.004986333333333333,0.0027794751902712376,242.0,241.0,241.33333333333334
Smart Socket,Socket,64.0,1.7320508075688772,0.0071713333333333325,0.0017004570954109173,126.0,124.0,124.66666666666667
Unknown,Unknown,13.387096774193548,23.68498458145278,0.0024782580645161295,0.00142871940253599,242.0,100.0,190.2258064516129
Philips Motion,Bulb,74.0,0.0,2.867841,0.0,105.0,105.0,105.0
Smart Socket,Socket,71.0,0.0,0.066676,0.0,130.0,130.0,130.0
Unknown,Unknown,89.0,25.45584412271571,0.4077055,0.29446259820985754,202.0,7.0,104.5
Moes Bulb,Bulb,68.0,0.0,1.499289,0.0,125.0,125.0,125.0
Philips Lamp 1,Bulb,71.0,0.0,0.512665,0.0,76.0,76.0,76.0
Power Plug 2,Socket,68.0,0.0,1.206749,0.0,243.0,243.0,243.0
Ledvance Bulb,Bulb,74.0,0.0,2.083489,0.0,18.0,18.0,18.0
Ledvance Smart+ Plug,Socket,74.0,0.0,0.052161,0.0,204.0,204.0,204.0
Smart Socket,Socket,71.0,0.0,4.763644,0.0,131.0,131.0,131.0
Unknown,Unknown,71.0,0.0,0.635466,0.0,203.0,203.0,203.0
Ledvance Z3 Plug,Socket,74.0,0.0,1.3596,0.0,8.0,8.0,8.0
Philips Motion,Bulb,74.0,0.0,0.239769,0.0,106.0,106.0,106.0
Unknown,Unknown,107.0,0.0,0.338559,0.0,126.0,126.0,126.0
Power Plug 2,Socket,68.0,0.0,0.967873,0.0,244.0,244.0,244.0
Ledvance Bulb,Bulb,74.0,0.0,0.211394,0.0,19.0,19.0,19.0
Philips Lamp 1,Bulb,71.0,0.0,2.13034,0.0,77.0,77.0,77.0
Unknown,Unknown,20.833333333333332,24.983327774070986,0.47278799999999993,1.1517408875784518,243.0,132.0,198.83333333333334
Ledvance Smart+ Plug,Socket,74.0,0.0,1.474413,0.0,205.0,205.0,205.0
Smart Socket,Socket,64.5,2.1213203435596424,0.0077595,3.8890872965259754e-05,135.0,133.0,134.0
Unknown,Unknown,10.409090909090908,17.51369284958022,0.002233454545454546,0.0012174019067659632,254.0,133.0,203.38095238095238
Philips Motion,Bulb,57.0,0.0,0.003403,0.0,117.0,117.0,117.0
Power Plug 2,Socket,63.0,0.0,0.0050335,0.0038445395693112593,245.0,245.0,245.0
Unknown,Unknown,5.0,0.0,0.0020457999999999995,0.0002595297670788459,255.0,114.0,169.4
Smart Socket,Socket,71.0,0.0,2.803088,0.0,139.0,139.0,139.0
Unknown,Unknown,71.0,0.0,0.556109,0.0,208.0,208.0,208.0
Moes Bulb,Bulb,68.0,0.0,1.771729,0.0,127.0,127.0,127.0
Philips Motion,Bulb,74.0,0.0,0.118074,0.0,118.0,118.0,118.0
Power Plug 2,Socket,68.0,0.0,1.192354,0.0,246.0,246.0,246.0
Ledvance Z3 Plug,Socket,74.0,0.0,0.773782,0.0,9.0,9.0,9.0
Philips Lamp 1,Bulb,71.0,0.0,4.458215,0.0,78.0,78.0,78.0
Ledvance Smart+ Plug,Socket,74.0,0.0,1.384358,0.0,206.0,206.0,206.0
Smart Socket,Socket,71.0,0.0,2.345381,0.0,140.0,140.0,140.0
Unknown,Unknown,71.0,0.0,0.694968,0.0,209.0,209.0,209.0
Moes Bulb,Bulb,68.0,0.0,1.67526,0.0,128.0,128.0,128.0
Power Plug 2,Socket,68.0,0.0,1.234898,0.0,247.0,247.0,247.0
Ledvance Z3 Plug,Socket,74.0,0.0,0.982048,0.0,10.0,10.0,10.0
Philips Motion,Bulb,74.0,0.0,1.757423,0.0,119.0,119.0,119.0
Ledvance Bulb,Bulb,74.0,0.0,3.890563,0.0,21.0,21.0,21.0
Ledvance Smart+ Plug,Socket,74.0,0.0,0.044415,0.0,207.0,207.0,207.0
Smart Socket,Socket,52.5,10.606601717798213,0.1510325,0.20590171650692957,142.0,141.0,141.5
Unknown,Unknown,5.0,0.0,0.002026333333333333,0.0002475567275057038,142.0,1.0,94.66666666666667
Ledvance Bulb,Bulb,45.0,0.0,0.003837,0.0,23.0,23.0,23.0
Philips Lamp 1,Bulb,71.0,0.0,1.074318,0.0,79.0,79.0,79.0
Power Plug 2,Socket,45.0,0.0,0.005799,0.0,248.0,248.0,248.0
Smart Socket,Socket,64.5,2.1213203435596424,0.007864,7.495331880577418e-05,145.0,143.0,144.0
Unknown,Unknown,10.409090909090908,17.51369284958022,0.0022858181818181814,0.0011892614209133025,248.0,2.0,93.9090909090909
Power Plug 2,Socket,64.5,2.1213203435596424,0.0017295,0.0010967226176203351,250.0,249.0,249.5
Unknown,Unknown,5.0,0.0,0.0020176250000000003,0.0002827017294908945,250.0,12.0,77.0
Smart Socket,Socket,71.0,0.0,2.033468,0.0,152.0,152.0,152.0
Unknown,Unknown,71.0,0.0,0.528091,0.0,215.0,215.0,215.0
Moes Bulb,Bulb,68.0,0.0,1.699885,0.0,132.0,132.0,132.0
Unknown,Unknown,101.0,0.0,1.191333,0.0,136.0,136.0,136.0
Ledvance Z3 Plug,Socket,74.0,0.0,3.034558,0.0,14.0,14.0,14.0
Philips Motion,Bulb,74.0,0.0,0.855183,0.0,123.0,123.0,123.0
Ledvance Bulb,Bulb,57.75,13.047988350699889,0.1508935,0.24242702925004053,33.0,30.0,31.5
Ledvance Smart+ Plug,Socket,74.0,0.0,2.877416,0.0,211.0,211.0,211.0
Unknown,Unknown,5.0,0.0,0.002117,0.0003719569867605661,33.0,19.0,27.5
Ledvance Bulb,Bulb,74.0,0.0,0.632062,0.0,34.0,34.0,34.0
Philips Lamp 1,Bulb,71.0,0.0,0.453031,0.0,83.0,83.0,83.0
Ledvance Bulb,Bulb,51.75,4.716990566028302,0.06735174999999999,0.07659649442098074,38.0,35.0,36.5
Smart Socket,Socket,71.0,0.0,0.015337,0.0,153.0,153.0,153.0
Unknown,Unknown,5.0,0.0,0.001988666666666667,0.00014888339956713322,38.0,22.0,31.833333333333332
Ledvance Bulb,Bulb,55.0,0.0,0.37271,0.0,39.0,39.0,39.0
Unknown,Unknown,38.0,46.66904755831214,0.327732,0.46045237955949364,216.0,39.0,127.5
Ledvance Bulb,Bulb,50.666666666666664,5.131601439446884,0.030292,0.02315060653633075,42.0,40.0,41.0
Unknown,Unknown,5.0,0.0,0.0019582,0.00014348066071774267,42.0,24.0,34.4
Moes Bulb,Bulb,68.0,0.0,1.082616,0.0,133.0,133.0,133.0
Power Plug 2,Socket,68.0,0.0,1.229655,0.0,252.0,252.0,252.0
Philips Motion,Bulb,74.0,0.0,3.576954,0.0,124.0,124.0,124.0
Ledvance Z3 Plug,Socket,74.0,0.0,1.815053,0.0,15.0,15.0,15.0
Ledvance Smart+ Plug,Socket,74.0,0.0,1.371316,0.0,212.0,212.0,212.0
Ledvance Bulb,Bulb,74.0,0.0,1.036852,0.0,43.0,43.0,43.0
Power Plug 2,Socket,64.5,2.1213203435596424,0.004436,0.004798426617131911,254.0,253.0,253.5
Smart Socket,Socket,64.5,2.1213203435596424,0.007907500000000001,0.0001096015510839153,156.0,154.0,155.0
Unknown,Unknown,9.25,15.610122546793985,0.0024341071428571437,0.0014554333538003375,254.0,26.0,102.71428571428571
Philips Lamp 1,Bulb,71.0,0.0,0.910638,0.0,84.0,84.0,84.0
Aqara Motion,Motion,57.0,0.0,0.202897,0.0,103.0,103.0,103.0
Unknown,Unknown,5.0,0.0,0.002207,0.0,103.0,103.0,103.0
Smart Socket,Socket,74.0,0.0,1.910769,0.0,160.0,160.0,160.0
Unknown,Unknown,71.0,0.0,0.563066,0.0,219.0,219.0,219.0
Moes Bulb,Bulb,68.0,0.0,1.293632,0.0,134.0,134.0,134.0
Power Plug 2,Socket,68.0,0.0,0.011622,0.0,0.0,0.0,0.0
Unknown,Unknown,51.0,0.0,0.031975500000000004,0.01056629663127058,86.0,16.0,51.0
Ledvance Z3 Plug,Socket,74.0,0.0,4.235972,0.0,19.0,19.0,19.0
Philips Motion,Bulb,74.0,0.0,0.120573,0.0,128.0,128.0,128.0
Ledvance Smart+ Plug,Socket,74.0,0.0,1.677373,0.0,216.0,216.0,216.0
Sonoff Door 1,Door,54.0,0.0,1.111271,0.0,250.0,250.0,250.0
Unknown,Unknown,7.333333333333333,4.041451884327381,0.169332,0.29080084986636473,251.0,250.0,250.66666666666666
Ledvance Bulb,Bulb,74.0,0.0,0.003777,0.0,51.0,51.0,51.0
Power Plug 2,Socket,52.5,10.606601717798213,0.509247,0.712934755277087,4.0,3.0,3.5
Unknown,Unknown,5.0,0.0,0.0020115,0.0002043436647741576,52.0,3.0,25.5
Sonoff Motion 2,Motion,54.0,0.0,0.152832,0.0,188.0,188.0,188.0
Unknown,Unknown,7.333333333333333,4.041451884327381,0.1692393333333333,0.29063947974136844,189.0,188.0,188.66666666666666
Philips Lamp 1,Bulb,71.0,0.0,1.311991,0.0,88.0,88.0,88.0
Smart Socket,Socket,74.0,0.0,0.036008,0.0,164.0,164.0,164.0
Unknown,Unknown,71.0,0.0,0.612667,0.0,223.0,223.0,223.0
Moes Bulb,Bulb,68.0,0.0,1.803294,0.0,138.0,138.0,138.0
Power Plug 2,Socket,68.0,0.0,1.101472,0.0,5.0,5.0,5.0
Aqara Vibration,Vibration,53.0,0.0,0.948957,0.0,18.0,18.0,18.0
Unknown,Unknown,5.0,0.0,0.002079,0.0,18.0,18.0,18.0
Philips Motion,Bulb,54.2,1.0954451150103321,0.019168400000000002,0.02155213796355248,132.0,129.0,130.2
Unknown,Unknown,5.0,0.0,0.002079,7.155417527999326e-05,132.0,45.0,106.0
Ledvance Z3 Plug,Socket,74.0,0.0,0.78955,0.0,20.0,20.0,20.0
Ledvance Smart+ Plug,Socket,74.0,0.0,3.039064,0.0,217.0,217.0,217.0
Aqara Button,Button,53.0,0.0,0.2356575,0.3277390433324965,200.0,165.0,182.5
Ledvance Bulb,Bulb,52.666666666666664,3.427827300200522,0.011485666666666665,0.01039139077554107,63.0,53.0,57.44444444444444
Philips Motion,Bulb,74.0,0.0,0.908594,0.0,133.0,133.0,133.0
Power Plug 2,Socket,64.5,2.1213203435596424,0.0042435,0.0050296505345799125,8.0,7.0,7.5
Smart Socket,Socket,64.5,2.1213203435596424,0.0077675,0.0002071822868876577,168.0,166.0,167.0
Unknown,Unknown,10.13953488372093,19.73223299138075,0.002023790697674419,0.0002627313998798677,225.0,6.0,92.30232558139535
Ledvance Bulb,Bulb,50.4,5.079370039680118,0.1367716,0.25444110558496635,70.0,65.0,67.8
Unknown,Unknown,5.0,0.0,0.0019064545454545452,0.00014174227572348597,70.0,63.0,66.0909090909091
Ledvance Bulb,Bulb,74.0,0.0,0.587959,0.0,71.0,71.0,71.0
Smart Socket,Socket,74.0,0.0,0.491376,0.0,173.0,173.0,173.0
Unknown,Unknown,19.5,29.0,0.27739075,0.5507929076603263,226.0,67.0,172.75
Unknown,Unknown,71.0,0.0,0.613765,0.0,227.0,227.0,227.0
Aqara Button,Button,53.0,0.0,0.37538,0.5239449116557962,201.0,174.0,187.5
Philips Lamp 1,Bulb,71.0,0.0,0.59059,0.0,89.0,89.0,89.0
Unknown,Unknown,21.0,27.712812921102035,0.0026876666666666668,0.0010803264938588396,201.0,174.0,183.0
Ledvance Bulb,Bulb,52.18181818181818,3.9450774851245143,0.013177636363636364,0.009875189135127764,81.0,72.0,76.27272727272727
Moes Bulb,Bulb,68.0,0.0,0.069669,0.0,139.0,139.0,139.0
Unknown,Unknown,5.0,0.0,0.0019912941176470586,0.00013892838294688126,81.0,68.0,74.23529411764706
Ledvance Bulb,Bulb,51.75,4.716990566028302,0.20592074999999999,0.3521138827750429,85.0,82.0,83.5
Power Plug 2,Socket,68.0,0.0,0.252326,0.0,9.0,9.0,9.0
Unknown,Unknown,5.0,0.0,0.0019888333333333333,0.00014902136312175735,85.0,74.0,80.5
Ledvance Z3 Plug,Socket,74.0,0.0,1.77097,0.0,21.0,21.0,21.0
Ledvance Smart+ Plug,Socket,74.0,0.0,4.288721,0.0,218.0,218.0,218.0
Philips Motion,Bulb,74.0,0.0,0.719151,0.0,134.0,134.0,134.0
Ledvance Bulb,Bulb,74.0,0.0,3.364503,0.0,86.0,86.0,86.0
Smart Socket,Socket,74.0,0.0,0.659455,0.0,175.0,175.0,175.0
Smart Socket,Socket,52.5,9.0,0.120179,0.22450313736189373,179.0,176.0,177.5
Unknown,Unknown,14.428571428571429,24.945655218608994,0.0077035714285714285,0.015024672706997012,228.0,77.0,156.14285714285714
Philips Lamp 1,Bulb,71.0,0.0,1.180202,0.0,90.0,90.0,90.0
Moes Bulb,Bulb,68.0,0.0,0.494914,0.0,140.0,140.0,140.0
Power Plug 2,Socket,68.0,0.0,1.306406,0.0,10.0,10.0,10.0
Ledvance Z3 Plug,Socket,74.0,0.0,1.203067,0.0,22.0,22.0,22.0
Ledvance Smart+ Plug,Socket,74.0,0.0,5.312243,0.0,219.0,219.0,219.0
Power Plug 2,Socket,63.5,1.224744871391589,0.004118833333333333,0.0024962468160553888,14.0,11.0,13.0
Smart Socket,Socket,64.5,2.1213203435596424,0.0082115,0.00015909902576697284,182.0,180.0,181.0
Unknown,Unknown,14.476190476190476,24.278102243548602,0.0019087619047619049,0.0005618857539256321,231.0,11.0,114.52380952380952
Unknown,Unknown,24.375,23.18296788592867,0.0462329375,0.13919058914091798,235.0,94.0,212.875
Ledvance Bulb,Bulb,74.0,0.0,0.182236,0.0,92.0,92.0,92.0
Philips Motion,Bulb,74.0,0.0,0.244664,0.0,135.0,135.0,135.0
Unknown,Unknown,8.5,4.949747468305833,0.129662,0.18228505712208007,223.0,223.0,223.0
Smart Socket,Socket,71.0,0.0,1.415541,0.0,189.0,189.0,189.0
Unknown,Unknown,71.0,0.0,0.608403,0.0,236.0,236.0,236.0
Moes Bulb,Bulb,68.0,0.0,1.735179,0.0,141.0,141.0,141.0
Power Plug 2,Socket,68.0,0.0,1.271198,0.0,15.0,15.0,15.0
Unknown,Unknown,94.0,0.0,0.062881,0.0,91.0,91.0,91.0
Ledvance Z3 Plug,Socket,74.0,0.0,0.936965,0.0,23.0,23.0,23.0
Ledvance Smart+ Plug,Socket,74.0,0.0,4.67745,0.0,220.0,220.0,220.0
Ledvance Bulb,Bulb,74.0,0.0,2.638397,0.0,93.0,93.0,93.0
Smart Socket,Socket,71.0,0.0,2.059987,0.0,190.0,190.0,190.0
Unknown,Unknown,71.0,0.0,0.640295,0.0,237.0,237.0,237.0
Philips Motion,Bulb,74.0,0.0,0.539348,0.0,136.0,136.0,136.0
Unknown,Unknown,107.0,0.0,1.148495,0.0,142.0,142.0,142.0
Philips Lamp 1,Bulb,74.0,0.0,0.310172,0.0,92.0,92.0,92.0
Ledvance Z3 Plug,Socket,74.0,0.0,1.561156,0.0,24.0,24.0,24.0
Ledvance Smart+ Plug,Socket,74.0,0.0,2.564361,0.0,221.0,221.0,221.0
Power Plug 2,Socket,65.0,1.7320508075688772,0.004083333333333334,0.0031985834885669834,18.0,17.0,17.333333333333332
Smart Socket,Socket,64.5,2.1213203435596424,0.0079035,0.00015061374439273437,193.0,191.0,192.0
Unknown,Unknown,10.057142857142857,16.76295435343849,0.002457,0.0013860691138017952,240.0,17.0,142.37142857142857
Ledvance Bulb,Bulb,74.0,0.0,1.517125,0.0,98.0,98.0,98.0
Power Plug 2,Socket,52.0,7.974960814950754,0.045551,0.09609436044222366,22.0,19.0,20.833333333333332
Unknown,Unknown,23.25,34.725220072605865,0.17145333333333332,0.4479058209872277,241.0,19.0,82.41666666666667
Unknown,Unknown,21.875,23.745300286883836,0.024760624999999998,0.06294675729748005,243.0,114.0,221.25
Moes Bulb,Bulb,68.0,0.0,1.064264,0.0,143.0,143.0,143.0
Philips Motion,Bulb,74.0,0.0,1.037548,0.0,137.0,137.0,137.0
Power Plug 2,Socket,68.0,0.0,0.245037,0.0,23.0,23.0,23.0
Philips Lamp 1,Bulb,74.0,0.0,1.777131,0.0,93.0,93.0,93.0
Ledvance Z3 Plug,Socket,74.0,0.0,2.103605,0.0,25.0,25.0,25.0
Ledvance Smart+ Plug,Socket,74.0,0.0,0.974374,0.0,222.0,222.0,222.0
Ledvance Bulb,Bulb,74.0,0.0,3.415287,0.0,101.0,101.0,101.0
Smart Socket,Socket,71.0,0.0,1.386485,0.0,201.0,201.0,201.0
Unknown,Unknown,71.0,0.0,0.558661,0.0,244.0,244.0,244.0
Moes Bulb,Bulb,68.0,0.0,1.724383,0.0,144.0,144.0,144.0
Philips Motion,Bulb,74.0,0.0,0.144006,0.0,138.0,138.0,138.0
Power Plug 2,Socket,68.0,0.0,1.11894,0.0,24.0,24.0,24.0
Philips Lamp 1,Bulb,74.0,0.0,1.361481,0.0,94.0,94.0,94.0
Ledvance Smart+ Plug,Socket,74.0,0.0,0.653488,0.0,223.0,223.0,223.0
Ledvance Z3 Plug,Socket,74.0,0.0,0.442595,0.0,26.0,26.0,26.0
Power Plug 2,Socket,64.5,2.1213203435596424,0.007810500000000001,0.00017324116139070443,26.0,25.0,25.5
Smart Socket,Socket,64.5,2.1213203435596424,0.0083205,2.474873734152938e-05,204.0,202.0,203.0
Unknown,Unknown,9.25,15.610122546793985,0.002202464285714286,0.00109088704925524,246.0,25.0,148.0
Smart Socket,Socket,71.0,0.0,3.06752,0.0,208.0,208.0,208.0
Ledvance Bulb,Bulb,74.0,0.0,0.240191,0.0,106.0,106.0,106.0
Unknown,Unknown,71.0,0.0,0.280969,0.0,247.0,247.0,247.0
Philips Motion,Bulb,74.0,0.0,1.293799,0.0,139.0,139.0,139.0
Moes Bulb,Bulb,68.0,0.0,0.504797,0.0,145.0,145.0,145.0
Power Plug 2,Socket,68.0,0.0,1.200768,0.0,27.0,27.0,27.0
Ledvance Smart+ Plug,Socket,74.0,0.0,6.671078,0.0,224.0,224.0,224.0
Ledvance Z3 Plug,Socket,74.0,0.0,0.304884,0.0,27.0,27.0,27.0
Philips Lamp 1,Bulb,74.0,0.0,0.046546,0.0,95.0,95.0,95.0
Smart Socket,Socket,58.666666666666664,13.051181300301261,1.557362333333333,2.5079902823299243,211.0,209.0,210.0
Unknown,Unknown,21.5,33.0,0.13472325000000002,0.26540257882491775,248.0,130.0,199.75
Ledvance Bulb,Bulb,74.0,0.0,0.050689,0.0,107.0,107.0,107.0
Moes Bulb,Bulb,68.0,0.0,0.242131,0.0,146.0,146.0,146.0
Philips Motion,Bulb,74.0,0.0,1.192961,0.0,140.0,140.0,140.0
Power Plug 2,Socket,68.0,0.0,1.216578,0.0,28.0,28.0,28.0
Ledvance Smart+ Plug,Socket,74.0,0.0,0.00509,0.0,225.0,225.0,225.0
Ledvance Z3 Plug,Socket,74.0,0.0,6.661271,0.0,28.0,28.0,28.0
Power Plug 2,Socket,64.5,2.1213203435596424,0.0052005,0.0036748339418264876,30.0,29.0,29.5
Smart Socket,Socket,64.5,2.1213203435596424,0.0077265,0.00011667261889578049,214.0,212.0,213.0
Unknown,Unknown,9.25,15.610122546793985,0.0020962142857142855,0.0003335177664369628,250.0,29.0,157.85714285714286
Philips Lamp 1,Bulb,74.0,0.0,0.335522,0.0,96.0,96.0,96.0
Smart Socket,Socket,71.0,0.0,2.615314,0.0,218.0,218.0,218.0
Unknown,Unknown,71.0,0.0,0.623568,0.0,251.0,251.0,251.0
Ledvance Bulb,Bulb,74.0,0.0,0.245937,0.0,112.0,112.0,112.0
Philips Motion,Bulb,74.0,0.0,0.850397,0.0,141.0,141.0,141.0
Moes Bulb,Bulb,68.0,0.0,0.582199,0.0,147.0,147.0,147.0
Power Plug 2,Socket,65.0,0.0,1.256127,0.0,31.0,31.0,31.0
Ledvance Smart+ Plug,Socket,74.0,0.0,6.70249,0.0,226.0,226.0,226.0
Ledvance Bulb,Bulb,53.5,5.972157622389639,0.34533775,0.6283621195825302,116.0,113.0,114.5
Unknown,Unknown,5.0,0.0,0.0020208333333333332,0.00019143084042720667,145.0,113.0,124.5
Ledvance Z3 Plug,Socket,74.0,0.0,0.581506,0.0,29.0,29.0,29.0
Philips Lamp 1,Bulb,74.0,0.0,0.283108,0.0,97.0,97.0,97.0
Ledvance Bulb,Bulb,74.0,0.0,0.111862,0.0,117.0,117.0,117.0
Smart Socket,Socket,71.0,0.0,2.254177,0.0,219.0,219.0,219.0
Unknown,Unknown,71.0,0.0,0.623666,0.0,252.0,252.0,252.0
Philips Lamp 1,Bulb,54.5,1.7728105208558367,0.012945624999999999,0.017002944929272023,148.0,98.0,122.75
Philips Motion,Bulb,74.0,0.0,0.86351,0.0,142.0,142.0,142.0
Unknown,Unknown,5.0,0.0,0.0021215833333333334,4.602066400163646e-05,148.0,98.0,130.5
Moes Bulb,Bulb,68.0,0.0,0.386423,0.0,148.0,148.0,148.0
Power Plug 2,Socket,65.0,0.0,0.030365,0.0,33.0,33.0,33.0
Sonoff Temperature,Temperature,53.0,0.0,0.5829909999999999,0.8191931054995518,232.0,32.0,132.0
Unknown,Unknown,5.0,0.0,0.0020635000000000002,2.050609665440984e-05,232.0,32.0,132.0
Ledvance Smart+ Plug,Socket,74.0,0.0,6.694747,0.0,227.0,227.0,227.0
Power Plug 2,Socket,64.5,2.1213203435596424,0.003011,0.003392698336133055,35.0,34.0,34.5
Smart Socket,Socket,64.0,1.7320508075688772,0.006899,0.001542247386121954,222.0,220.0,220.66666666666666
Unknown,Unknown,13.612903225806452,23.941146476801322,0.0024482258064516134,0.0014055099124440547,254.0,34.0,165.4516129032258
Ledvance Z3 Plug,Socket,74.0,0.0,0.321897,0.0,30.0,30.0,30.0
Power Plug 2,Socket,50.0,8.660254037844387,0.43584200000000006,0.7461580099302024,37.0,36.0,36.666666666666664
Unknown,Unknown,5.0,0.0,0.0020115,0.0002043436647741576,161.0,36.0,89.0
Philips Lamp 1,Bulb,74.0,0.0,0.655634,0.0,102.0,102.0,102.0
Smart Socket,Socket,71.0,0.0,0.183291,0.0,227.0,227.0,227.0
Philips Motion,Bulb,74.0,0.0,1.018743,0.0,149.0,149.0,149.0
Ledvance Bulb,Bulb,74.0,0.0,0.270693,0.0,123.0,123.0,123.0
Moes Bulb,Bulb,68.0,0.0,1.190464,0.0,149.0,149.0,149.0
Power Plug 2,Socket,65.0,0.0,0.997894,0.0,38.0,38.0,38.0
Ledvance Smart+ Plug,Socket,74.0,0.0,6.690988,0.0,228.0,228.0,228.0
Ledvance Z3 Plug,Socket,74.0,0.0,2.803792,0.0,31.0,31.0,31.0
Smart Socket,Socket,71.0,0.0,2.023189,0.0,228.0,228.0,228.0
Unknown,Unknown,63.0,11.313708498984761,0.279954,0.0033007744545788076,0.0,0.0,0.0
Unknown,Unknown,76.0,43.840620433565945,0.863904,0.9854621940277568,150.0,150.0,150.0
Philips Motion,Bulb,74.0,0.0,0.846987,0.0,150.0,150.0,150.0
Power Plug 2,Socket,65.0,0.0,0.269153,0.0,39.0,39.0,39.0
Ledvance Bulb,Bulb,74.0,0.0,0.821151,0.0,124.0,124.0,124.0
Ledvance Smart+ Plug,Socket,74.0,0.0,5.883801,0.0,229.0,229.0,229.0
Power Plug 2,Socket,64.5,2.1213203435596424,0.003116,0.0030603581489753776,42.0,41.0,41.5
Smart Socket,Socket,64.5,2.1213203435596424,0.0077265,3.181980515339457e-05,231.0,229.0,230.0
Unknown,Unknown,16.52777777777778,23.805744938218005,0.002252,0.000886872901185476,234.0,1.0,120.19444444444444
Smart Socket,Socket,71.0,0.0,2.957636,0.0,236.0,236.0,236.0
Unknown,Unknown,61.0,14.142135623730951,0.0395825,0.01014627520324577,33.0,5.0,19.0
Moes Bulb,Bulb,68.0,0.0,0.909055,0.0,154.0,154.0,154.0
Philips Motion,Bulb,74.0,0.0,0.2442,0.0,154.0,154.0,154.0
Power Plug 2,Socket,68.0,0.0,0.006713,0.0,46.0,46.0,46.0
Philips Lamp 1,Bulb,74.0,0.0,0.611178,0.0,108.0,108.0,108.0
Ledvance Bulb,Bulb,74.0,0.0,2.543771,0.0,132.0,132.0,132.0
Ledvance Smart+ Plug,Socket,74.0,0.0,3.586175,0.0,232.0,232.0,232.0
Ledvance Z3 Plug,Socket,74.0,0.0,4.226578,0.0,36.0,36.0,36.0
Smart Socket,Socket,71.0,0.0,0.534556,0.0,240.0,240.0,240.0
Unknown,Unknown,71.0,0.0,0.597861,0.0,8.0,8.0,8.0
Moes Bulb,Bulb,68.0,0.0,1.657297,0.0,155.0,155.0,155.0
Power Plug 2,Socket,68.0,0.0,0.304498,0.0,47.0,47.0,47.0
Philips Motion,Bulb,74.0,0.0,1.104484,0.0,155.0,155.0,155.0
Philips Lamp 1,Bulb,74.0,0.0,0.387181,0.0,109.0,109.0,109.0
Ledvance Bulb,Bulb,74.0,0.0,2.80982,0.0,133.0,133.0,133.0
Ledvance Smart+ Plug,Socket,74.0,0.0,2.369415,0.0,233.0,233.0,233.0
Power Plug 2,Socket,64.5,2.1213203435596424,0.000977,0.00045113412639701737,49.0,48.0,48.5
Smart Socket,Socket,64.5,2.1213203435596424,0.007674,9.050966799187844e-05,243.0,241.0,242.0
Unknown,Unknown,13.305555555555555,20.981378743263136,0.0024243611111111115,0.0014428472872915013,247.0,9.0,136.44444444444446
Unknown,Unknown,107.0,0.0,2.667538,0.0,37.0,37.0,37.0
Smart Socket,Socket,71.0,0.0,0.373406,0.0,248.0,248.0,248.0
Unknown,Unknown,27.6,31.667017541915754,0.11555500000000003,0.22880716488016714,249.0,12.0,96.8
Unknown,Unknown,108.0,0.0,1.718976,0.0,156.0,156.0,156.0
Power Plug 2,Socket,68.0,0.0,1.181171,0.0,50.0,50.0,50.0
Sonoff Motion 2,Motion,54.0,0.0,0.966744,0.0,190.0,190.0,190.0
Unknown,Unknown,7.333333333333333,4.041451884327381,0.169389,0.2908995764984886,191.0,190.0,190.66666666666666
Unknown,Unknown,18.0,26.0,0.15231550000000002,0.30078439974451243,250.0,14.0,119.0
Philips Lamp 1,Bulb,74.0,0.0,0.912598,0.0,110.0,110.0,110.0
Ledvance Bulb,Bulb,74.0,0.0,0.140137,0.0,138.0,138.0,138.0
Philips Motion,Bulb,74.0,0.0,1.192308,0.0,156.0,156.0,156.0
Ledvance Smart+ Plug,Socket,74.0,0.0,2.224013,0.0,234.0,234.0,234.0
Smart Socket,Socket,71.0,0.0,4.803567,0.0,251.0,251.0,251.0
Unknown,Unknown,71.0,0.0,0.608926,0.0,15.0,15.0,15.0
Ledvance Z3 Plug,Socket,74.0,0.0,1.406698,0.0,38.0,38.0,38.0
Moes Bulb,Bulb,68.0,0.0,0.295303,0.0,157.0,157.0,157.0
Power Plug 2,Socket,68.0,0.0,1.260458,0.0,51.0,51.0,51.0
Aqara Vibration,Vibration,55.0,0.0,1.180155,0.0,19.0,19.0,19.0
Unknown,Unknown,5.0,0.0,0.002143,0.0,19.0,19.0,19.0
Ledvance Bulb,Bulb,74.0,0.0,3.354438,0.0,139.0,139.0,139.0
Ledvance Smart+ Plug,Socket,74.0,0.0,0.588883,0.0,235.0,235.0,235.0
Philips Motion,Bulb,74.0,0.0,0.609078,0.0,157.0,157.0,157.0
Power Plug 2,Socket,64.0,1.7320508075688772,0.004986666666666667,0.002778773890285666,53.0,52.0,52.666666666666664
Smart Socket,Socket,64.5,2.1213203435596424,0.008241,5.3740115370177384e-05,255.0,253.0,254.0
Unknown,Unknown,14.294117647058824,24.10649279037508,0.024995058823529412,0.13202423753945797,255.0,0.0,129.2941176470588
Smart Socket,Socket,71.0,0.0,3.026975,0.0,3.0,3.0,3.0
Unknown,Unknown,71.0,0.0,0.579282,0.0,20.0,20.0,20.0
Ledvance Z3 Plug,Socket,74.0,0.0,1.179953,0.0,39.0,39.0,39.0
Moes Bulb,Bulb,68.0,0.0,0.526888,0.0,158.0,158.0,158.0
Power Plug 2,Socket,65.0,0.0,1.331254,0.0,54.0,54.0,54.0
Ledvance Smart+ Plug,Socket,74.0,0.0,2.580174,0.0,236.0,236.0,236.0
Philips Lamp 1,Bulb,74.0,0.0,0.42272,0.0,112.0,112.0,112.0
Ledvance Bulb,Bulb,74.0,0.0,0.60075,0.0,144.0,144.0,144.0
Philips Motion,Bulb,74.0,0.0,1.982788,0.0,158.0,158.0,158.0
Smart Socket,Socket,71.0,0.0,1.777052,0.0,4.0,4.0,4.0
Moes Bulb,Bulb,68.0,0.0,2.28245,0.0,159.0,159.0,159.0
Ledvance Z3 Plug,Socket,74.0,0.0,0.493902,0.0,40.0,40.0,40.0
Power Plug 2,Socket,65.0,0.0,1.244314,0.0,55.0,55.0,55.0
Ledvance Smart+ Plug,Socket,74.0,0.0,3.323154,0.0,237.0,237.0,237.0
Ledvance Bulb,Bulb,74.0,0.0,1.019966,0.0,145.0,145.0,145.0
Power Plug 2,Socket,65.0,1.7320508075688772,0.005086666666666666,0.0029376931993204012,58.0,56.0,56.666666666666664
Smart Socket,Socket,64.5,2.1213203435596424,0.010342500000000001,0.0037992847353153203,7.0,5.0,6.0
Unknown,Unknown,13.148148148148149,24.411068901223576,0.0021974074074074075,0.0007105158613104912,227.0,5.0,117.74074074074075
Unknown,Unknown,107.0,0.0,0.384283,0.0,113.0,113.0,113.0
Philips Motion,Bulb,74.0,0.0,0.781964,0.0,159.0,159.0,159.0
Smart Socket,Socket,71.0,0.0,1.807939,0.0,11.0,11.0,11.0
Unknown,Unknown,71.0,0.0,0.689599,0.0,24.0,24.0,24.0
Ledvance Z3 Plug,Socket,74.0,0.0,0.7358,0.0,41.0,41.0,41.0
Moes Bulb,Bulb,68.0,0.0,1.59148,0.0,160.0,160.0,160.0
Power Plug 2,Socket,65.0,0.0,0.549705,0.0,59.0,59.0,59.0
Ledvance Bulb,Bulb,74.0,0.0,0.259565,0.0,150.0,150.0,150.0
Ledvance Smart+ Plug,Socket,74.0,0.0,2.964919,0.0,238.0,238.0,238.0
Philips Lamp 1,Bulb,74.0,0.0,1.150022,0.0,114.0,114.0,114.0
Smart Socket,Socket,50.0,8.660254037844387,0.7057316666666668,1.2159044642595622,14.0,12.0,13.0
Unknown,Unknown,5.0,0.0,0.0019725,0.00022724656213021132,229.0,12.0,67.0
Smart Socket,Socket,71.0,0.0,1.176825,0.0,15.0,15.0,15.0
Philips Motion,Bulb,74.0,0.0,0.020195,0.0,160.0,160.0,160.0
Unknown,Unknown,71.0,0.0,0.621972,0.0,25.0,25.0,25.0
Moes Bulb,Bulb,68.0,0.0,0.013396,0.0,161.0,161.0,161.0
Philips Motion,Bulb,54.0,1.1547005383792515,0.022274000000000002,0.02069978465266406,164.0,161.0,162.5
Unknown,Unknown,5.0,0.0,0.0020683333333333335,7.202962353550564e-05,231.0,161.0,185.16666666666666
Ledvance Z3 Plug,Socket,74.0,0.0,1.146595,0.0,42.0,42.0,42.0
Power Plug 2,Socket,65.0,0.0,0.045628,0.0,60.0,60.0,60.0
Ledvance Bulb,Bulb,74.0,0.0,0.727668,0.0,151.0,151.0,151.0
Ledvance Smart+ Plug,Socket,74.0,0.0,2.062567,0.0,239.0,239.0,239.0
Philips Lamp 1,Bulb,74.0,0.0,0.313379,0.0,115.0,115.0,115.0
Power Plug 2,Socket,64.5,2.1213203435596424,0.00788,0.00011455129855221996,62.0,61.0,61.5
Smart Socket,Socket,64.5,2.1213203435596424,0.006569500000000001,0.0019084812024224922,18.0,16.0,17.0
Unknown,Unknown,19.114285714285714,30.08006123719854,0.002546942857142857,0.0015607683240457363,246.0,16.0,124.42857142857143
Unknown,Unknown,16.6,25.93838853899756,0.5081028,1.1318105461622983,247.0,23.0,70.8
Philips Motion,Bulb,74.0,0.0,0.324797,0.0,165.0,165.0,165.0
Smart Socket,Socket,71.0,0.0,0.482293,0.0,25.0,25.0,25.0
Unknown,Unknown,71.0,0.0,0.575501,0.0,31.0,31.0,31.0
Moes Bulb,Bulb,68.0,0.0,1.302156,0.0,162.0,162.0,162.0
Power Plug 2,Socket,65.0,0.0,1.235212,0.0,63.0,63.0,63.0
Ledvance Z3 Plug,Socket,74.0,0.0,0.844434,0.0,43.0,43.0,43.0
Ledvance Smart+ Plug,Socket,74.0,0.0,1.878506,0.0,240.0,240.0,240.0
Ledvance Bulb,Bulb,74.0,0.0,1.677959,0.0,156.0,156.0,156.0
Power Plug 2,Socket,60.0,0.0,2.108427,0.0,64.0,64.0,64.0
Power Plug 2,Socket,52.5,10.606601717798213,0.0051705,4.879036790187212e-05,65.0,64.0,64.5
Smart Socket,Socket,71.0,0.0,0.921546,0.0,26.0,26.0,26.0
Unknown,Unknown,5.0,0.0,0.0020095,0.0002057401273451535,249.0,64.0,133.75
Unknown,Unknown,71.0,0.0,0.589455,0.0,32.0,32.0,32.0
Philips Motion,Bulb,74.0,0.0,0.675975,0.0,166.0,166.0,166.0
Ledvance Z3 Plug,Socket,74.0,0.0,0.242015,0.0,44.0,44.0,44.0
Power Plug 2,Socket,65.0,0.0,2.338025,0.0,66.0,66.0,66.0
Ledvance Smart+ Plug,Socket,74.0,0.0,6.388135,0.0,241.0,241.0,241.0
Power Plug 2,Socket,64.5,2.1213203435596424,0.006095,0.005406538448952342,68.0,67.0,67.5
Smart Socket,Socket,64.5,2.1213203435596424,0.007897,9.616652224137096e-05,29.0,27.0,28.0
Unknown,Unknown,10.533333333333333,16.994387173484625,0.0021554000000000005,0.0009633293059614341,255.0,0.0,85.33333333333333
Ledvance Bulb,Bulb,74.0,0.0,0.24617,0.0,162.0,162.0,162.0
Philips Lamp 1,Bulb,74.0,0.0,0.377605,0.0,117.0,117.0,117.0
Philips Motion,Bulb,74.0,0.0,0.257741,0.0,167.0,167.0,167.0
Smart Socket,Socket,71.0,0.0,2.463108,0.0,33.0,33.0,33.0
Unknown,Unknown,71.0,0.0,0.561279,0.0,35.0,35.0,35.0
Moes Bulb,Bulb,68.0,0.0,1.483994,0.0,164.0,164.0,164.0
Unknown,Unknown,104.0,0.0,1.208524,0.0,69.0,69.0,69.0
Ledvance Z3 Plug,Socket,74.0,0.0,1.379811,0.0,45.0,45.0,45.0
Unknown,Unknown,5.0,0.0,1.033314,0.0,36.0,36.0,36.0
Unknown,Unknown,25.266666666666666,22.751661373141417,0.01584666666666667,0.04503396783804526,41.0,7.0,33.86666666666667
Ledvance Smart+ Plug,Socket,74.0,0.0,3.928027,0.0,242.0,242.0,242.0
Smart Socket,Socket,52.5,9.0,0.25650049999999996,0.4969632353903723,40.0,37.0,38.5
Unknown,Unknown,5.0,0.0,0.002024666666666667,0.000230884097907731,40.0,9.0,28.833333333333332
Ledvance Bulb,Bulb,74.0,0.0,0.67895,0.0,163.0,163.0,163.0
Unknown,Unknown,47.0,0.0,0.945807,0.0,161.0,161.0,161.0
Smart Socket,Socket,71.0,0.0,1.425129,0.0,41.0,41.0,41.0
Unknown,Unknown,71.0,0.0,0.547489,0.0,42.0,42.0,42.0
Moes Bulb,Bulb,68.0,0.0,0.071562,0.0,165.0,165.0,165.0
Philips Motion,Bulb,74.0,0.0,1.606092,0.0,168.0,168.0,168.0
Power Plug 2,Socket,65.0,0.0,1.30019,0.0,70.0,70.0,70.0
Ledvance Z3 Plug,Socket,74.0,0.0,3.068732,0.0,46.0,46.0,46.0
Ledvance Smart+ Plug,Socket,74.0,0.0,3.611054,0.0,243.0,243.0,243.0
Power Plug 2,Socket,64.5,2.1213203435596424,0.0019190000000000001,0.0012275373721398464,72.0,71.0,71.5
Smart Socket,Socket,64.5,2.1213203435596424,0.008782,0.0013802724368761406,44.0,42.0,43.0
Unknown,Unknown,11.428571428571429,18.904102183523005,0.002158392857142857,0.0006656112389590274,167.0,12.0,53.607142857142854
Philips Lamp 1,Bulb,74.0,0.0,0.78413,0.0,119.0,119.0,119.0
Smart Socket,Socket,71.0,0.0,0.122878,0.0,48.0,48.0,48.0
Unknown,Unknown,71.0,0.0,0.535653,0.0,45.0,45.0,45.0
Philips Motion,Bulb,74.0,0.0,1.231492,0.0,169.0,169.0,169.0
Moes Bulb,Bulb,68.0,0.0,0.469402,0.0,166.0,166.0,166.0
Unknown,Unknown,19.0,0.0,1.330601,0.0,,,
Ledvance Z3 Plug,Socket,74.0,0.0,4.984105,0.0,47.0,47.0,47.0
Ledvance Smart+ Plug,Socket,74.0,0.0,1.637865,0.0,244.0,244.0,244.0
Philips Lamp 1,Bulb,74.0,0.0,2.670537,0.0,120.0,120.0,120.0
Smart Socket,Socket,71.0,0.0,2.107211,0.0,49.0,49.0,49.0
Ledvance Bulb,Bulb,74.0,0.0,0.191832,0.0,169.0,169.0,169.0
Unknown,Unknown,55.5,21.920310216782973,0.3447815,0.18081215369686854,125.0,46.0,85.5
Power Plug 2,Socket,52.5,9.0,0.14516975000000001,0.275201651648841,77.0,74.0,75.5
Unknown,Unknown,5.0,0.0,0.002010875,0.00019678881900584268,171.0,26.0,87.0
Moes Bulb,Bulb,68.0,0.0,0.621437,0.0,167.0,167.0,167.0
Philips Motion,Bulb,74.0,0.0,0.681281,0.0,170.0,170.0,170.0
Power Plug 2,Socket,65.0,0.0,0.537295,0.0,78.0,78.0,78.0
Ledvance Z3 Plug,Socket,74.0,0.0,5.732455,0.0,48.0,48.0,48.0
Ledvance Smart+ Plug,Socket,74.0,0.0,0.945016,0.0,245.0,245.0,245.0
Power Plug 2,Socket,64.5,2.1213203435596424,0.0079055,8.13172798364521e-05,80.0,79.0,79.5
Smart Socket,Socket,64.5,2.1213203435596424,0.007737,5.5154328932550666e-05,52.0,50.0,51.0
Unknown,Unknown,9.25,15.610122546793985,0.0020325714285714283,0.0002615097800835851,175.0,28.0,62.857142857142854
Philips Lamp 1,Bulb,74.0,0.0,0.017527,0.0,122.0,122.0,122.0
Ledvance Bulb,Bulb,74.0,0.0,0.281554,0.0,179.0,179.0,179.0
Smart Socket,Socket,71.0,0.0,1.910609,0.0,59.0,59.0,59.0
Unknown,Unknown,106.0,0.0,0.092128,0.0,52.0,52.0,52.0
Moes Bulb,Bulb,68.0,0.0,1.415758,0.0,171.0,171.0,171.0
Philips Motion,Bulb,74.0,0.0,0.208861,0.0,174.0,174.0,174.0
Power Plug 2,Socket,65.0,0.0,1.101095,0.0,84.0,84.0,84.0
Unknown,Unknown,26.428571428571427,27.189809015248972,0.5550924285714286,1.4606210570668055,60.0,45.0,53.142857142857146
Ledvance Smart+ Plug,Socket,74.0,0.0,2.679062,0.0,248.0,248.0,248.0
Ledvance Z3 Plug,Socket,74.0,0.0,1.675429,0.0,52.0,52.0,52.0
Ledvance Bulb,Bulb,74.0,0.0,0.123727,0.0,180.0,180.0,180.0
Philips Lamp 1,Bulb,74.0,0.0,2.90268,0.0,125.0,125.0,125.0
Smart Socket,Socket,71.0,0.0,0.07512,0.0,61.0,61.0,61.0
Unknown,Unknown,71.0,0.0,0.63456,0.0,55.0,55.0,55.0
Moes Bulb,Bulb,68.0,0.0,0.947355,0.0,172.0,172.0,172.0
Power Plug 2,Socket,65.0,0.0,1.241223,0.0,85.0,85.0,85.0
Philips Motion,Bulb,74.0,0.0,1.43671,0.0,175.0,175.0,175.0
Ledvance Smart+ Plug,Socket,74.0,0.0,5.283991,0.0,249.0,249.0,249.0
Power Plug 2,Socket,64.5,2.1213203435596424,0.0043490000000000004,0.004869137295250566,88.0,86.0,87.0
Smart Socket,Socket,64.5,2.1213203435596424,0.0078745,2.1920310216782817e-05,64.0,62.0,63.0
Unknown,Unknown,9.25,15.610122546793985,0.0019559642857142857,0.00040468721182907347,184.0,47.0,76.67857142857143
Ledvance Z3 Plug,Socket,74.0,0.0,0.931359,0.0,53.0,53.0,53.0
Ledvance Bulb,Bulb,74.0,0.0,1.497265,0.0,185.0,185.0,185.0
Philips Lamp 1,Bulb,74.0,0.0,0.340152,0.0,126.0,126.0,126.0
Smart Socket,Socket,71.0,0.0,0.67332,0.0,68.0,68.0,68.0
Unknown,Unknown,71.0,0.0,0.204608,0.0,58.0,58.0,58.0
Moes Bulb,Bulb,68.0,0.0,1.727312,0.0,173.0,173.0,173.0
Philips Lamp 1,Bulb,54.6,1.577621275493231,0.0085019,0.009745006373066726,181.0,127.0,148.4
Unknown,Unknown,5.0,0.0,0.0021216666666666667,4.574699857682336e-05,181.0,59.0,142.0
Power Plug 2,Socket,68.0,0.0,0.660087,0.0,89.0,89.0,89.0
Philips Motion,Bulb,74.0,0.0,1.28726,0.0,182.0,182.0,182.0
Ledvance Bulb,Bulb,53.5,5.972157622389639,0.11118025,0.1598720030156938,189.0,186.0,187.5
Ledvance Smart+ Plug,Socket,74.0,0.0,5.330645,0.0,250.0,250.0,250.0
Unknown,Unknown,5.0,0.0,0.0020206666666666667,0.00019198611060872783,189.0,62.0,145.83333333333334
Ledvance Z3 Plug,Socket,74.0,0.0,2.951727,0.0,54.0,54.0,54.0
Smart Socket,Socket,71.0,0.0,1.323357,0.0,69.0,69.0,69.0
Ledvance Bulb,Bulb,74.0,0.0,0.361739,0.0,190.0,190.0,190.0
Unknown,Unknown,71.0,0.0,0.600262,0.0,59.0,59.0,59.0
Moes Bulb,Bulb,68.0,0.0,1.322618,0.0,174.0,174.0,174.0
Philips Lamp 1,Bulb,74.0,0.0,0.180251,0.0,131.0,131.0,131.0
Power Plug 2,Socket,68.0,0.0,0.059972,0.0,90.0,90.0,90.0
Philips Motion,Bulb,74.0,0.0,2.897086,0.0,183.0,183.0,183.0
Ledvance Smart+ Plug,Socket,74.0,0.0,3.778219,0.0,251.0,251.0,251.0
Power Plug 2,Socket,64.5,2.1213203435596424,0.0103325,0.003471187188844762,92.0,91.0,91.5
Smart Socket,Socket,65.0,1.7320508075688772,0.0057529999999999986,0.0025933451370768216,72.0,70.0,71.33333333333333
Unknown,Unknown,9.10344827586207,15.349138709168688,0.0019956206896551724,0.0003702666427042914,194.0,60.0,87.86206896551724
Ledvance Z3 Plug,Socket,74.0,0.0,0.460876,0.0,55.0,55.0,55.0
Ledvance Smart+ Plug,Socket,52.0,0.0,1.133157,0.0,252.0,252.0,252.0
Unknown,Unknown,5.0,0.0,0.002047,0.0,252.0,252.0,252.0
Smart Socket,Socket,71.0,0.0,1.527245,0.0,76.0,76.0,76.0
Unknown,Unknown,71.0,0.0,0.566778,0.0,62.0,62.0,62.0
Ledvance Bulb,Bulb,74.0,0.0,0.561667,0.0,195.0,195.0,195.0
Moes Bulb,Bulb,58.0,8.660254037844387,0.5305266666666667,0.9161064689829088,177.0,175.0,176.0
Unknown,Unknown,5.0,0.0,0.0018960000000000001,0.00014271369941249514,185.0,77.0,145.83333333333334
Moes Bulb,Bulb,52.0,0.0,0.395797,0.0,178.0,178.0,178.0
Unknown,Unknown,5.0,0.0,0.0018856666666666668,0.00014087346568226883,186.0,79.0,147.66666666666666
Philips Lamp 1,Bulb,74.0,0.0,1.590779,0.0,132.0,132.0,132.0
Philips Motion,Bulb,74.0,0.0,0.828775,0.0,187.0,187.0,187.0
Smart Socket,Socket,55.0,8.660254037844387,0.013142,0.015589710356514002,78.0,77.0,77.33333333333333
Unknown,Unknown,5.0,0.0,0.0020955,0.00024493332426056953,81.0,77.0,78.25
Ledvance Smart+ Plug,Socket,74.0,0.0,3.007394,0.0,253.0,253.0,253.0
Ledvance Z3 Plug,Socket,74.0,0.0,1.313144,0.0,56.0,56.0,56.0
Smart Socket,Socket,71.0,0.0,3.473908,0.0,79.0,79.0,79.0
Unknown,Unknown,71.0,0.0,0.621183,0.0,63.0,63.0,63.0
Moes Bulb,Bulb,68.0,0.0,1.712063,0.0,179.0,179.0,179.0
Ledvance Bulb,Bulb,74.0,0.0,1.631804,0.0,196.0,196.0,196.0
Philips Motion,Bulb,74.0,0.0,2.254643,0.0,188.0,188.0,188.0
Power Plug 2,Socket,52.5,10.606601717798213,0.26529349999999996,0.3678008851274015,96.0,95.0,95.5
Unknown,Unknown,5.0,0.0,0.0020092499999999998,0.00020584844748827553,197.0,83.0,117.75
Philips Lamp 1,Bulb,74.0,0.0,0.701614,0.0,133.0,133.0,133.0
Sonoff Motion 2,Motion,54.0,0.0,0.719532,0.0,192.0,192.0,192.0
Unknown,Unknown,7.333333333333333,4.041451884327381,0.1690013333333333,0.29022725275262024,193.0,192.0,192.66666666666666
Ledvance Smart+ Plug,Socket,74.0,0.0,1.495244,0.0,254.0,254.0,254.0
Power Plug 2,Socket,65.0,1.5491933384829668,0.0030715,0.002613080079140324,101.0,97.0,99.0
Smart Socket,Socket,64.5,2.1213203435596424,0.0078135,7.848885271170615e-05,82.0,80.0,81.0
Unknown,Unknown,8.838709677419354,14.864043357923727,0.002575645161290323,0.001557810376744382,203.0,64.0,104.16129032258064
Unknown,Unknown,5.0,0.0,0.0017976666666666668,9.865765724632486e-06,205.0,97.0,168.66666666666666
Ledvance Z3 Plug,Socket,74.0,0.0,1.18527,0.0,57.0,57.0,57.0
Sonoff Door 1,Door,54.0,0.0,0.933527,0.0,252.0,252.0,252.0
Unknown,Unknown,7.333333333333333,4.041451884327381,0.16863266666666665,0.2895887050703693,253.0,252.0,252.66666666666666
Aqara Door 1,Door,52.0,0.0,0.047502,0.06180113267570426,111.0,87.0,99.0
Smart Socket,Socket,71.0,0.0,0.463848,0.0,86.0,86.0,86.0
Unknown,Unknown,27.0,38.1051177665153,0.17151866666666668,0.2935612503061896,111.0,66.0,88.0
Ledvance Z3 Plug,Socket,51.75,4.716990566028302,0.12572825,0.2167236581369233,61.0,58.0,59.5
Unknown,Unknown,11.714285714285714,17.76433023143368,0.007824714285714286,0.015428516224989426,99.0,58.0,70.57142857142857
Moes Bulb,Bulb,52.0,0.0,0.000926,0.0,182.0,182.0,182.0
Unknown,Unknown,21.416666666666668,32.58962002437791,0.0799095,0.27065813736368954,191.0,100.0,163.33333333333334
Ledvance Bulb,Bulb,74.0,0.0,1.089886,0.0,206.0,206.0,206.0
Power Plug 2,Socket,65.0,0.0,0.112609,0.0,102.0,102.0,102.0
Philips Motion,Bulb,74.0,0.0,1.941729,0.0,192.0,192.0,192.0
Aqara Door 1,Door,52.0,0.0,0.551627,0.7746368930034252,112.0,88.0,100.0
Unknown,Unknown,5.0,0.0,0.002027,2.8284271247461973e-05,112.0,88.0,100.0
Ledvance Smart+ Plug,Socket,74.0,0.0,0.139419,0.0,255.0,255.0,255.0
Philips Lamp 1,Bulb,74.0,0.0,0.331611,0.0,134.0,134.0,134.0
Moes Bulb,Bulb,52.0,0.0,1.512528,2.132318682434218,184.0,184.0,184.0
Unknown,Unknown,5.0,0.0,0.0018859999999999999,0.0001405240192991932,193.0,104.0,160.33333333333334
Smart Socket,Socket,74.0,0.0,1.720467,0.0,89.0,89.0,89.0
Ledvance Z3 Plug,Socket,74.0,0.0,0.339512,0.0,62.0,62.0,62.0
Unknown,Unknown,71.0,0.0,0.258295,0.0,67.0,67.0,67.0
Moes Bulb,Bulb,68.0,0.0,1.773652,0.0,185.0,185.0,185.0
Power Plug 2,Socket,65.0,0.0,1.213539,0.0,103.0,103.0,103.0
Ledvance Bulb,Bulb,74.0,0.0,0.671356,0.0,207.0,207.0,207.0
Philips Motion,Bulb,74.0,0.0,0.370372,0.0,194.0,194.0,194.0
Unknown,Unknown,36.0,0.0,4.440018,0.0,,,
Ledvance Smart+ Plug,Socket,74.0,0.0,1.169141,0.0,0.0,0.0,0.0
Power Plug 2,Socket,64.5,2.1213203435596424,0.0013224999999999999,0.0006611448404094219,106.0,104.0,105.0
Smart Socket,Socket,64.5,2.1213203435596424,0.0081555,3.747665940288647e-05,92.0,90.0,91.0
Unknown,Unknown,11.321428571428571,18.589231393726955,0.0022854999999999998,0.001066571436721249,211.0,68.0,115.17857142857143
Philips Lamp 1,Bulb,74.0,0.0,0.090923,0.0,135.0,135.0,135.0
Ledvance Z3 Plug,Socket,74.0,0.0,2.860963,0.0,63.0,63.0,63.0
Smart Socket,Socket,74.0,0.0,0.135942,0.0,96.0,96.0,96.0
Unknown,Unknown,71.0,0.0,0.586131,0.0,70.0,70.0,70.0
Moes Bulb,Bulb,68.0,0.0,1.670138,0.0,186.0,186.0,186.0
Philips Motion,Bulb,74.0,0.0,2.381614,0.0,195.0,195.0,195.0
Ledvance Bulb,Bulb,74.0,0.0,2.202498,0.0,212.0,212.0,212.0
Ledvance Smart+ Plug,Socket,74.0,0.0,3.339457,0.0,1.0,1.0,1.0
Philips Lamp 1,Bulb,74.0,0.0,1.369816,0.0,136.0,136.0,136.0
Smart Socket,Socket,74.0,0.0,3.292041,0.0,97.0,97.0,97.0
Unknown,Unknown,71.0,0.0,0.540698,0.0,71.0,71.0,71.0
Ledvance Z3 Plug,Socket,74.0,0.0,0.072407,0.0,64.0,64.0,64.0
Sonoff Door 2,Door,52.0,0.0,0.41612150000000003,0.5840058545430004,201.0,200.0,200.5
Unknown,Unknown,6.75,3.5,0.10905025,0.214860680602377,202.0,200.0,201.25
Moes Bulb,Bulb,68.0,0.0,0.331644,0.0,187.0,187.0,187.0
Power Plug 2,Socket,65.0,0.0,1.25371,0.0,108.0,108.0,108.0
Philips Motion,Bulb,74.0,0.0,4.161946,0.0,196.0,196.0,196.0
Ledvance Bulb,Bulb,74.0,0.0,1.734822,0.0,213.0,213.0,213.0
Ledvance Smart+ Plug,Socket,74.0,0.0,0.769099,0.0,2.0,2.0,2.0
Power Plug 2,Socket,64.0,1.7320508075688772,0.0025226666666666665,0.000700011666569446,112.0,109.0,111.0
Smart Socket,Socket,64.5,2.1213203435596424,0.0076805,0.00017889801564019634,100.0,98.0,99.0
Unknown,Unknown,10.53125,17.478068054084975,0.00216628125,0.0010901468156340672,217.0,72.0,123.03125
Philips Lamp 1,Bulb,74.0,0.0,0.342108,0.0,137.0,137.0,137.0
Smart Socket,Socket,74.0,0.0,2.681025,0.0,105.0,105.0,105.0
Unknown,Unknown,74.0,0.0,0.570576,0.0,,,
Moes Bulb,Bulb,68.0,0.0,1.741121,0.0,188.0,188.0,188.0
Power Plug 2,Socket,65.0,0.0,1.192468,0.0,113.0,113.0,113.0
Ledvance Bulb,Bulb,74.0,0.0,0.147012,0.0,218.0,218.0,218.0
Ledvance Smart+ Plug,Socket,74.0,0.0,6.715709,0.0,3.0,3.0,3.0
Philips Motion,Bulb,74.0,0.0,0.182976,0.0,197.0,197.0,197.0
Philips Lamp 1,Bulb,74.0,0.0,4.116732,0.0,138.0,138.0,138.0
Smart Socket,Socket,71.0,0.0,0.220203,0.0,106.0,106.0,106.0
Unknown,Unknown,71.0,0.0,0.596446,0.0,75.0,75.0,75.0
Moes Bulb,Bulb,68.0,0.0,1.747249,0.0,189.0,189.0,189.0
Power Plug 2,Socket,65.0,0.0,1.247077,0.0,114.0,114.0,114.0
Ledvance Smart+ Plug,Socket,74.0,0.0,0.175872,0.0,4.0,4.0,4.0
Philips Motion,Bulb,74.0,0.0,1.166889,0.0,198.0,198.0,198.0
Power Plug 2,Socket,64.5,2.1213203435596424,0.00699,0.008553163625232478,116.0,115.0,115.5
Smart Socket,Socket,64.5,2.1213203435596424,0.0081975,0.0006611448404094226,109.0,107.0,108.0
Unknown,Unknown,9.407407407407407,15.884824057182227,0.0020901851851851854,0.0005374619869947896,222.0,76.0,134.85185185185185
Ledvance Bulb,Bulb,74.0,0.0,0.716165,0.0,223.0,223.0,223.0
Unknown,Unknown,20.833333333333332,24.983327774070986,0.03347066666666667,0.07562247443364087,146.0,79.0,96.16666666666667
Unknown,Unknown,16.6,25.93838853899756,0.3295012,0.7324402128281188,147.0,81.0,107.4
Smart Socket,Socket,71.0,0.0,0.416276,0.0,115.0,115.0,115.0
Unknown,Unknown,73.5,3.5355339059327378,0.3352655,0.33900042592967344,139.0,82.0,110.5
Moes Bulb,Bulb,68.0,0.0,1.61155,0.0,190.0,190.0,190.0
Power Plug 2,Socket,65.0,0.0,1.308085,0.0,117.0,117.0,117.0
Ledvance Z3 Plug,Socket,74.0,0.0,1.33059,0.0,67.0,67.0,67.0
Ledvance Smart+ Plug,Socket,74.0,0.0,5.283299,0.0,5.0,5.0,5.0
Ledvance Bulb,Bulb,74.0,0.0,1.036768,0.0,224.0,224.0,224.0
Philips Motion,Bulb,58.0,9.0,0.1212226,0.2154352286333412,203.0,199.0,201.0
Unknown,Unknown,5.0,0.0,0.0020683333333333335,7.202962353550564e-05,202.0,149.0,183.5
Smart Socket,Socket,71.0,0.0,1.184084,0.0,116.0,116.0,116.0
Unknown,Unknown,71.0,0.0,0.580397,0.0,83.0,83.0,83.0
Philips Lamp 1,Bulb,74.0,0.0,0.372846,0.0,140.0,140.0,140.0
Moes Bulb,Bulb,68.0,0.0,1.264393,0.0,191.0,191.0,191.0
Power Plug 2,Socket,65.0,0.0,1.262494,0.0,118.0,118.0,118.0
Unknown,Unknown,82.0,0.0,3.067652,0.0,68.0,68.0,68.0
Unknown,Unknown,51.0,0.0,0.073931,0.0,120.0,120.0,120.0
Ledvance Smart+ Plug,Socket,74.0,0.0,0.078176,0.0,8.0,8.0,8.0
Power Plug 2,Socket,64.5,2.1213203435596424,0.0078855,4.949747468305876e-06,123.0,122.0,122.5
Smart Socket,Socket,64.5,2.1213203435596424,0.006443,0.0018271639225860383,122.0,120.0,121.0
Unknown,Unknown,11.10344827586207,18.291967065171004,0.002428517241379311,0.0014364380206580854,231.0,87.0,148.06896551724137
Philips Motion,Bulb,74.0,0.0,0.376077,0.0,207.0,207.0,207.0
Ledvance Bulb,Bulb,74.0,0.0,0.853485,0.0,232.0,232.0,232.0
Smart Socket,Socket,71.0,0.0,0.195163,0.0,126.0,126.0,126.0
Unknown,Unknown,71.0,0.0,0.651448,0.0,89.0,89.0,89.0
Moes Bulb,Bulb,68.0,0.0,0.092452,0.0,195.0,195.0,195.0
Unknown,Unknown,102.0,0.0,1.595857,0.0,144.0,144.0,144.0
Power Plug 2,Socket,65.0,0.0,1.275421,0.0,124.0,124.0,124.0
Unknown,Unknown,107.0,0.0,5.161479,0.0,72.0,72.0,72.0
Ledvance Smart+ Plug,Socket,74.0,0.0,1.417882,0.0,9.0,9.0,9.0
Philips Lamp 1,Bulb,54.6,2.5099800796022267,0.867066,1.9167196754816547,209.0,145.0,183.2
Philips Motion,Bulb,53.5,2.1213203435596424,0.189681,0.2177323200629617,211.0,210.0,210.5
Unknown,Unknown,5.0,0.0,0.0021058333333333333,6.849647192860864e-05,211.0,145.0,188.16666666666666
Philips Lamp 1,Bulb,54.0,2.449489742783178,0.13062674999999999,0.23732272117150943,213.0,147.0,180.0
Philips Motion,Bulb,53.5,2.1213203435596424,0.12944050000000001,0.12912547641925662,215.0,214.0,214.5
Smart Socket,Socket,71.0,0.0,0.093976,0.0,127.0,127.0,127.0
Unknown,Unknown,14.428571428571429,24.945655218608994,0.019830571428571427,0.04689573156076198,215.0,90.0,177.0
Ledvance Bulb,Bulb,74.0,0.0,0.024963,0.0,233.0,233.0,233.0
Moes Bulb,Bulb,68.0,0.0,0.167165,0.0,196.0,196.0,196.0
Philips Lamp 1,Bulb,74.0,0.0,0.240054,0.0,149.0,149.0,149.0
Philips Motion,Bulb,74.0,0.0,1.082012,0.0,216.0,216.0,216.0
Power Plug 2,Socket,65.0,0.0,1.036937,0.0,125.0,125.0,125.0
Power Plug 2,Socket,60.0,0.0,0.753127,0.0,126.0,126.0,126.0
Smart Socket,Socket,52.5,10.606601717798213,1.7544914999999999,2.4735252815211934,129.0,128.0,128.5
Unknown,Unknown,5.0,0.0,0.002095,0.0002459715430695185,169.0,126.0,138.0
Ledvance Z3 Plug,Socket,74.0,0.0,0.552051,0.0,73.0,73.0,73.0
Power Plug 2,Socket,45.0,0.0,0.005309,0.0,127.0,127.0,127.0
Unknown,Unknown,5.0,0.0,0.0019110000000000002,7.748548251124203e-05,234.0,127.0,177.0
Ledvance Smart+ Plug,Socket,74.0,0.0,1.654465,0.0,10.0,10.0,10.0
Power Plug 2,Socket,66.0,0.0,0.000953,0.0,130.0,130.0,130.0
Smart Socket,Socket,64.5,2.1213203435596424,0.0076615,5.161879502661807e-05,132.0,130.0,131.0
Unknown,Unknown,18.85185185185185,30.812963934661436,0.0025050000000000007,0.0013171262424162456,237.0,91.0,150.1851851851852
Power Plug 2,Socket,63.0,0.0,0.007889,0.0,131.0,131.0,131.0
Unknown,Unknown,5.0,0.0,0.00199925,0.0002844906266762873,239.0,131.0,197.5
Smart Socket,Socket,71.0,0.0,3.020284,0.0,136.0,136.0,136.0
Unknown,Unknown,71.0,0.0,0.602802,0.0,93.0,93.0,93.0
Moes Bulb,Bulb,68.0,0.0,0.320319,0.0,197.0,197.0,197.0
Power Plug 2,Socket,65.0,0.0,1.295348,0.0,132.0,132.0,132.0
Ledvance Bulb,Bulb,74.0,0.0,0.966655,0.0,240.0,240.0,240.0
Philips Motion,Bulb,74.0,0.0,0.043811,0.0,217.0,217.0,217.0
Philips Lamp 1,Bulb,74.0,0.0,0.924587,0.0,150.0,150.0,150.0
Ledvance Z3 Plug,Socket,74.0,0.0,0.000674,0.0,74.0,74.0,74.0
Unknown,Unknown,20.833333333333332,23.854991219042738,0.17965933333333337,0.610108110899183,185.0,94.0,117.33333333333333
Ledvance Smart+ Plug,Socket,74.0,0.0,2.427325,0.0,11.0,11.0,11.0
Smart Socket,Socket,71.0,0.0,4.855978,0.0,139.0,139.0,139.0
Unknown,Unknown,71.0,0.0,0.597099,0.0,98.0,98.0,98.0
Moes Bulb,Bulb,68.0,0.0,0.871363,0.0,198.0,198.0,198.0
Ledvance Bulb,Bulb,74.0,0.0,1.226066,0.0,241.0,241.0,241.0
Power Plug 2,Socket,65.0,0.0,0.053538,0.0,133.0,133.0,133.0
Philips Motion,Bulb,74.0,0.0,1.362269,0.0,218.0,218.0,218.0
Unknown,Unknown,72.0,0.0,1.46087,0.0,151.0,151.0,151.0
Ledvance Smart+ Plug,Socket,74.0,0.0,0.037954,0.0,12.0,12.0,12.0
Ledvance Z3 Plug,Socket,74.0,0.0,3.725113,0.0,75.0,75.0,75.0
Power Plug 2,Socket,64.0,1.7320508075688772,0.006839666666666667,0.001462428231857322,135.0,134.0,134.66666666666666
Smart Socket,Socket,64.5,2.1213203435596424,0.0081645,0.0001689985207035846,142.0,140.0,141.0
Unknown,Unknown,9.25,15.610122546793985,0.0020787142857142857,0.0003268746341566235,245.0,99.0,171.64285714285714
